pattern,ref,pos,aa,domain,median_fold,num_ref_name,num_fold,S,I,R
L5F,L,5,F,NTD,1.1,1,20,20,0,0
L8V,L,8,V,NTD,1.3,1,10,10,0,0
L8W,L,8,W,NTD,0.9,1,10,10,0,0
N17Q,N,17,Q,NTD,1.0,1,10,10,0,0
L18F,L,18,F,NTD,0.8,3,43,43,0,0
H49Y,H,49,Y,NTD,1.2,2,22,22,0,0
N61Q,N,61,Q,NTD,1.3,1,10,10,0,0
HV69-70∆,HV,69,∆,NTD,0.9,6,109,108,1,0
N74K,N,74,K,NTD,0.8,1,10,10,0,0
N74Q,N,74,Q,NTD,0.6,1,10,10,0,0
D80A,D,80,A,NTD,1.1,3,43,43,0,0
LGVY141-144∆,LGVY,141,∆,NTD,2.4,1,1,1,0,0
Y144∆,Y,144,∆,NTD,1.4,2,22,19,3,0
Y145∆,Y,145,∆,NTD,1.4,1,10,10,0,0
YH145-146∆,YH,145,∆,NTD,1.7,2,17,17,0,0
N148S,N,148,S,NTD,2.4,1,4,3,1,0
N149H,N,149,H,NTD,0.4,1,10,10,0,0
N149Q,N,149,Q,NTD,0.4,1,10,10,0,0
K150E,K,150,E,NTD,2.5,1,4,3,1,0
K150R,K,150,R,NTD,2.7,1,4,3,1,0
S151P,S,151,P,NTD,4.5,1,4,1,3,0
E154K,E,154,K,NTD,1.1,1,9,9,0,0
N165Q,N,165,Q,NTD,0.6,1,10,10,0,0
D215G,D,215,G,NTD,0.9,4,55,51,4,0
N234Q,N,234,Q,NTD,1.2,1,10,10,0,0
Q239K,Q,239,K,NTD,1,1,10,10,0,0
L241H,L,241,H,NTD,0.8,1,18,18,0,0
LAL242-244∆,LAL,242,∆,NTD,1.3,4,67,58,9,0
LHRS244-247∆,LHRS,244,∆,NTD,2.4,1,1,1,0,0
R246I,R,246,I,NTD,1,3,43,41,2,0
RSYLTPG246-252∆,RSYLTPG,246,∆,NTD,1.1,2,16,16,0,0
S247R,S,247,R,NTD,1,1,13,12,1,0
N282Q,N,282,Q,NTD,0.7,1,10,10,0,0
Q321L,Q,321,L,RBD,2.0,1,10,10,0,0
N331Q,N,331,Q,RBD,0.5,1,10,10,0,0
F338L,F,338,L,RBD,0.6,1,10,10,0,0
V341I,V,341,I,RBD,1.2,1,10,10,0,0
T345A,T,345,A,RBD,1.6,1,4,3,1,0
T345N,T,345,N,RBD,1.6,1,4,3,1,0
T345S,T,345,S,RBD,1.6,1,4,3,1,0
R346G,R,346,G,RBD,0.3,1,4,4,0,0
R346S,R,346,S,RBD,1.8,2,13,12,1,0
A348T,A,348,T,RBD,0.9,1,10,10,0,0
A352D,A,352,D,RBD,0.3,1,4,3,0,0
N354D,N,354,D,RBD,0.4,1,10,10,0,0
N354K,N,354,K,RBD,1.2,1,10,10,0,0
S359N,S,359,N,RBD,0.8,1,10,10,0,0
V367F,V,367,F,RBD,0.6,1,10,10,0,0
K378R,K,378,R,RBD,1,1,10,10,0,0
P384A,P,384,A,RBD,0.9,1,36,36,0,0
P384L,P,384,L,RBD,1.2,2,14,14,0,0
P384R,P,384,R,RBD,1.2,1,6,6,0,0
R408I,R,408,I,RBD,1.3,1,10,10,0,0
Q409E,Q,409,E,RBD,0.6,1,10,10,0,0
Q414E,Q,414,E,RBD,1.6,1,10,10,0,0
K417N,K,417,N,RBD,0.8,9,151,148,3,0
K417T,K,417,T,RBD,0.7,2,36,36,0,0
K417V,K,417,V,RBD,0.6,1,36,36,0,0
A435S,A,435,S,RBD,1.1,1,20,20,0,0
N439K,N,439,K,RBD,1.7,3,52,44,7,1
N440K,N,440,K,RBD,1.6,1,4,4,0,0
L441R,L,441,R,RBD,1.6,1,4,3,1,0
K444E,K,444,E,RBD,2.1,1,4,2,1,1
K444N,K,444,N,RBD,0.4,2,8,7,0,1
K444T,K,444,T,RBD,1.8,1,4,3,0,1
V445E,V,445,E,RBD,3,1,4,2,1,1
V445G,V,445,G,RBD,1.7,1,4,3,0,1
V445L,V,445,L,RBD,2.3,1,4,3,0,1
G446D,G,446,D,RBD,1.6,1,4,3,1,0
G446V,G,446,V,RBD,1.7,4,24,19,3,2
N450D,N,450,D,RBD,1.6,1,4,3,1,0
N450K,N,450,K,RBD,1.5,2,13,13,0,0
N450Y,N,450,Y,RBD,1,1,18,15,2,0
L452K,L,452,K,RBD,0.6,1,36,36,0,0
L452Q,L,452,Q,RBD,4.3,2,16,6,8,2
L452R,L,452,R,RBD,1.8,9,82,57,22,3
Y453F,Y,453,F,RBD,1.6,2,26,21,5,0
F456A,F,456,A,RBD,1.4,2,9,9,0,0
F456K,F,456,K,RBD,0.6,1,4,4,0,0
F456V,F,456,V,RBD,0.7,1,3,3,0,0
K458N,K,458,N,RBD,1.5,1,10,10,0,0
K458R,K,458,R,RBD,1.1,1,20,20,0,0
I468F,I,468,F,RBD,0.5,1,10,10,0,0
I468T,I,468,T,RBD,0.6,1,10,10,0,0
I472V,I,472,V,RBD,1.6,1,20,19,1,0
A475V,A,475,V,RBD,2.2,1,10,8,2,0
G476S,G,476,S,RBD,1.3,1,10,10,0,0
S477G,S,477,G,RBD,3.2,1,4,1,3,0
S477N,S,477,N,RBD,1.5,6,117,79,34,4
S477R,S,477,R,RBD,0.2,1,4,4,0,0
T478I,T,478,I,RBD,1.6,2,14,13,1,0
T478K,T,478,K,RBD,2,2,18,17,1,0
V483A,V,483,A,RBD,0.9,1,10,10,0,0
V483I,V,483,I,RBD,1.5,1,10,10,0,0
E484A,E,484,A,RBD,13,1,18,3,5,10
E484D,E,484,D,RBD,12,1,18,3,5,10
E484G,E,484,G,RBD,3.2,2,5,2,1,2
E484K,E,484,K,RBD,2.3,16,233,138,69,26
E484P,E,484,P,RBD,2.8,2,16,8,5,3
E484Q,E,484,Q,RBD,2.5,3,27,16,7,4
G485R,G,485,R,RBD,4.3,1,2,0,2,0
F486L,F,486,L,RBD,0.8,2,33,32,1,0
F486S,F,486,S,RBD,1.2,1,4,4,0,0
F486Y,F,486,Y,RBD,0.4,1,4,4,0,0
F490L,F,490,L,RBD,2.5,2,11,8,3,0
F490S,F,490,S,RBD,2.2,4,29,19,7,3
Q493R,Q,493,R,RBD,1,1,4,4,0,0
S494D,S,494,D,RBD,1.6,1,36,29,7,0
S494P,S,494,P,RBD,2.6,3,39,22,15,2
P499L,P,499,L,RBD,0.3,1,4,4,0,0
N501Y,N,501,Y,RBD,1,12,271,253,18,0
Y508H,Y,508,H,RBD,1.0,1,10,10,0,0
H519P,H,519,P,RBD,1.3,1,20,17,1,2
H519Q,H,519,Q,RBD,1,1,10,10,0,0
A520S,A,520,S,RBD,0.9,1,10,10,0,0
A522S,A,522,S,RBD,1.2,1,10,10,0,0
A522V,A,522,V,RBD,1.1,1,10,10,0,0
A570D,A,570,D,CTD,1,1,20,18,2,0
N603Q,N,603,Q,CTD,0.9,1,10,10,0,0
V615L,V,615,L,CTD,0.6,1,10,10,0,0
N616Q,N,616,Q,CTD,0.8,1,10,10,0,0
N657Q,N,657,Q,CTD,0.7,1,10,10,0,0
Q675H,Q,675,H,CTD,1,1,12,12,0,0
P681H,P,681,H,CTD,1.5,1,20,19,1,0
P681R,P,681,R,CTD,1.9,2,17,17,0,0
A688V,A,688,V,S2,4.4,1,6,1,5,0
A701V,A,701,V,S2,1,3,43,42,1,0
N709Q,N,709,Q,S2,0.4,1,10,10,0,0
T716I,T,716,I,S2,1.4,1,20,18,2,0
D796H,D,796,H,S2,2,1,3,3,0,0
A831V,A,831,V,S2,1.7,1,20,20,0,0
D839E,D,839,E,S2,1.2,1,10,10,0,0
D839Y,D,839,Y,S2,1.8,1,12,10,2,0
A845S,A,845,S,S2,1.3,1,10,10,0,0
T859N,T,859,N,S2,0.8,2,16,16,0,0
A879S,A,879,S,S2,1.5,1,10,10,0,0
D936Y,D,936,Y,S2,1,2,32,32,0,0
S939F,S,939,F,S2,1.3,1,10,10,0,0
S943R,S,943,R,S2,1.4,1,10,10,0,0
S943T,S,943,T,S2,1.1,1,20,20,0,0
S982A,S,982,A,S2,1.9,1,20,16,4,0
N1098Q,N,1098,Q,S2,0.8,1,10,10,0,0
D1118H,D,1118,H,S2,1.5,1,20,18,2,0
G1124V,G,1124,V,S2,1.4,1,10,10,0,0
N1134Q,N,1134,Q,S2,0.9,1,10,10,0,0
N1158Q,N,1158,Q,S2,0.7,1,10,10,0,0
N1173Q,N,1173,Q,S2,0.4,1,10,10,0,0
N1194Q,N,1194,Q,S2,0.7,1,10,10,0,0
M1229I,M,1229,I,S2,1.1,1,10,10,0,0
M1237I,M,1237,I,S2,1.5,1,10,10,0,0
P1263L,P,1263,L,S2,1.3,1,10,10,0,0
summary,,,,,,30,2996,,,
