pattern,vaccine,vaccine_type,ref,pos,aa,domain,fold
L18F,BNT162b2,mRNA,L,18,F,NTD,0.8
L18F,BNT162b2,mRNA,L,18,F,NTD,1.3
L18F,BNT162b2,mRNA,L,18,F,NTD,0.8
L18F,BNT162b2,mRNA,L,18,F,NTD,0.8
L18F,BNT162b2,mRNA,L,18,F,NTD,1.0
L18F,BNT162b2,mRNA,L,18,F,NTD,1.4
L18F,BNT162b2,mRNA,L,18,F,NTD,0.7
L18F,BNT162b2,mRNA,L,18,F,NTD,1.4
L18F,BNT162b2,mRNA,L,18,F,NTD,1.5
L18F,BNT162b2,mRNA,L,18,F,NTD,0.7
L18F,mRNA-1273,mRNA,L,18,F,NTD,0.5
L18F,mRNA-1273,mRNA,L,18,F,NTD,0.8
L18F,mRNA-1273,mRNA,L,18,F,NTD,0.6
L18F,mRNA-1273,mRNA,L,18,F,NTD,1.0
L18F,mRNA-1273,mRNA,L,18,F,NTD,1.0
L18F,mRNA-1273,mRNA,L,18,F,NTD,1.8
L18F,mRNA-1273,mRNA,L,18,F,NTD,1.1
L18F,mRNA-1273,mRNA,L,18,F,NTD,1.3
L18F,mRNA-1273,mRNA,L,18,F,NTD,1.0
L18F,mRNA-1273,mRNA,L,18,F,NTD,0.3
L18F,mRNA-1273,mRNA,L,18,F,NTD,1.5
L18F,mRNA-1273,mRNA,L,18,F,NTD,1.0
HV69-70∆,BNT162b2,mRNA,HV,69,∆,NTD,1.4
HV69-70∆,BNT162b2,mRNA,HV,69,∆,NTD,0.8
HV69-70∆,BNT162b2,mRNA,HV,69,∆,NTD,1.0
HV69-70∆,BNT162b2,mRNA,HV,69,∆,NTD,1.0
HV69-70∆,BNT162b2,mRNA,HV,69,∆,NTD,1.5
HV69-70∆,BNT162b2,mRNA,HV,69,∆,NTD,1.3
HV69-70∆,BNT162b2,mRNA,HV,69,∆,NTD,0.8
HV69-70∆,BNT162b2,mRNA,HV,69,∆,NTD,0.8
HV69-70∆,BNT162b2,mRNA,HV,69,∆,NTD,1.4
HV69-70∆,BNT162b2,mRNA,HV,69,∆,NTD,0.5
HV69-70∆,mRNA-1273,mRNA,HV,69,∆,NTD,0.5
HV69-70∆,mRNA-1273,mRNA,HV,69,∆,NTD,0.4
HV69-70∆,mRNA-1273,mRNA,HV,69,∆,NTD,0.6
HV69-70∆,mRNA-1273,mRNA,HV,69,∆,NTD,0.6
HV69-70∆,mRNA-1273,mRNA,HV,69,∆,NTD,0.5
HV69-70∆,mRNA-1273,mRNA,HV,69,∆,NTD,0.3
HV69-70∆,mRNA-1273,mRNA,HV,69,∆,NTD,0.7
HV69-70∆,mRNA-1273,mRNA,HV,69,∆,NTD,0.4
HV69-70∆,mRNA-1273,mRNA,HV,69,∆,NTD,0.3
HV69-70∆,mRNA-1273,mRNA,HV,69,∆,NTD,0.7
HV69-70∆,mRNA-1273,mRNA,HV,69,∆,NTD,0.5
HV69-70∆,mRNA-1273,mRNA,HV,69,∆,NTD,0.7
HV69-70∆,mRNA-1273,mRNA,HV,69,∆,NTD,1.4
HV69-70∆,mRNA-1273,mRNA,HV,69,∆,NTD,0.8
HV69-70∆,mRNA-1273,mRNA,HV,69,∆,NTD,0.8
HV69-70∆,mRNA-1273,mRNA,HV,69,∆,NTD,0.7
HV69-70∆,mRNA-1273,mRNA,HV,69,∆,NTD,1.3
HV69-70∆,mRNA-1273,mRNA,HV,69,∆,NTD,0.8
HV69-70∆,mRNA-1273,mRNA,HV,69,∆,NTD,1.3
HV69-70∆,mRNA-1273,mRNA,HV,69,∆,NTD,1.1
HV69-70∆,mRNA-1273,mRNA,HV,69,∆,NTD,0.5
HV69-70∆,mRNA-1273,mRNA,HV,69,∆,NTD,0.9
HV69-70∆,mRNA-1273,mRNA,HV,69,∆,NTD,0.7
G75V,BNT162b2,mRNA,G,75,V,NTD,0.7
G75V,BNT162b2,mRNA,G,75,V,NTD,1.2
G75V,BNT162b2,mRNA,G,75,V,NTD,1.2
G75V,BNT162b2,mRNA,G,75,V,NTD,1.1
G75V,BNT162b2,mRNA,G,75,V,NTD,1.2
G75V,BNT162b2,mRNA,G,75,V,NTD,2.5
G75V,BNT162b2,mRNA,G,75,V,NTD,0.5
G75V,BNT162b2,mRNA,G,75,V,NTD,0.8
G75V,BNT162b2,mRNA,G,75,V,NTD,1.0
G75V,BNT162b2,mRNA,G,75,V,NTD,0.4
G75V,BNT162b2,mRNA,G,75,V,NTD,1.8
G75V,BNT162b2,mRNA,G,75,V,NTD,1.1
G75V,BNT162b2,mRNA,G,75,V,NTD,1.1
G75V,BNT162b2,mRNA,G,75,V,NTD,1.3
G75V,BNT162b2,mRNA,G,75,V,NTD,1.8
G75V,BNT162b2,mRNA,G,75,V,NTD,1.3
G75V,BNT162b2,mRNA,G,75,V,NTD,0.6
G75V,BNT162b2,mRNA,G,75,V,NTD,1.2
T76I,BNT162b2,mRNA,T,76,I,NTD,0.5
T76I,BNT162b2,mRNA,T,76,I,NTD,0.7
T76I,BNT162b2,mRNA,T,76,I,NTD,1.4
T76I,BNT162b2,mRNA,T,76,I,NTD,0.7
T76I,BNT162b2,mRNA,T,76,I,NTD,1.4
T76I,BNT162b2,mRNA,T,76,I,NTD,2.1
T76I,BNT162b2,mRNA,T,76,I,NTD,1.1
T76I,BNT162b2,mRNA,T,76,I,NTD,0.6
T76I,BNT162b2,mRNA,T,76,I,NTD,0.6
T76I,BNT162b2,mRNA,T,76,I,NTD,0.7
T76I,BNT162b2,mRNA,T,76,I,NTD,1.5
T76I,BNT162b2,mRNA,T,76,I,NTD,0.8
T76I,BNT162b2,mRNA,T,76,I,NTD,0.7
T76I,BNT162b2,mRNA,T,76,I,NTD,0.7
T76I,BNT162b2,mRNA,T,76,I,NTD,1.0
T76I,BNT162b2,mRNA,T,76,I,NTD,1.2
T76I,BNT162b2,mRNA,T,76,I,NTD,1.2
T76I,BNT162b2,mRNA,T,76,I,NTD,0.2
D80A,BNT162b2,mRNA,D,80,A,NTD,0.6
D80A,BNT162b2,mRNA,D,80,A,NTD,1.0
D80A,BNT162b2,mRNA,D,80,A,NTD,0.8
D80A,BNT162b2,mRNA,D,80,A,NTD,0.7
D80A,BNT162b2,mRNA,D,80,A,NTD,1.5
D80A,BNT162b2,mRNA,D,80,A,NTD,1.8
D80A,BNT162b2,mRNA,D,80,A,NTD,1.0
D80A,BNT162b2,mRNA,D,80,A,NTD,1.8
D80A,BNT162b2,mRNA,D,80,A,NTD,1.3
D80A,BNT162b2,mRNA,D,80,A,NTD,0.9
D80A,mRNA-1273,mRNA,D,80,A,NTD,0.8
D80A,mRNA-1273,mRNA,D,80,A,NTD,0.3
D80A,mRNA-1273,mRNA,D,80,A,NTD,0.8
D80A,mRNA-1273,mRNA,D,80,A,NTD,0.9
D80A,mRNA-1273,mRNA,D,80,A,NTD,0.7
D80A,mRNA-1273,mRNA,D,80,A,NTD,1.1
D80A,mRNA-1273,mRNA,D,80,A,NTD,0.5
D80A,mRNA-1273,mRNA,D,80,A,NTD,0.9
D80A,mRNA-1273,mRNA,D,80,A,NTD,0.7
D80A,mRNA-1273,mRNA,D,80,A,NTD,0.6
D80A,mRNA-1273,mRNA,D,80,A,NTD,1.5
D80A,mRNA-1273,mRNA,D,80,A,NTD,0.7
LGVY141-144∆,BNT162b2,mRNA,LGVY,141,∆,NTD,2.1
Y144∆,BNT162b2,mRNA,Y,144,∆,NTD,1.2
Y144∆,BNT162b2,mRNA,Y,144,∆,NTD,1.7
Y144∆,BNT162b2,mRNA,Y,144,∆,NTD,1.2
Y144∆,BNT162b2,mRNA,Y,144,∆,NTD,1.2
Y144∆,BNT162b2,mRNA,Y,144,∆,NTD,1.3
Y144∆,BNT162b2,mRNA,Y,144,∆,NTD,0.9
Y144∆,BNT162b2,mRNA,Y,144,∆,NTD,1.2
Y144∆,BNT162b2,mRNA,Y,144,∆,NTD,1.6
Y144∆,BNT162b2,mRNA,Y,144,∆,NTD,0.9
Y144∆,BNT162b2,mRNA,Y,144,∆,NTD,1.3
Y144∆,mRNA-1273,mRNA,Y,144,∆,NTD,1.1
Y144∆,mRNA-1273,mRNA,Y,144,∆,NTD,1.1
Y144∆,mRNA-1273,mRNA,Y,144,∆,NTD,0.9
Y144∆,mRNA-1273,mRNA,Y,144,∆,NTD,1.3
Y144∆,mRNA-1273,mRNA,Y,144,∆,NTD,1.2
Y144∆,mRNA-1273,mRNA,Y,144,∆,NTD,1.4
Y144∆,mRNA-1273,mRNA,Y,144,∆,NTD,0.5
Y144∆,mRNA-1273,mRNA,Y,144,∆,NTD,1.2
Y144∆,mRNA-1273,mRNA,Y,144,∆,NTD,1.2
Y144∆,mRNA-1273,mRNA,Y,144,∆,NTD,1.1
Y144∆,mRNA-1273,mRNA,Y,144,∆,NTD,1.2
Y144∆,mRNA-1273,mRNA,Y,144,∆,NTD,1.2
YH145-146∆,BNT162b2,mRNA,YH,145,∆,NTD,1.1
YH145-146∆,BNT162b2,mRNA,YH,145,∆,NTD,1.0
YH145-146∆,BNT162b2,mRNA,YH,145,∆,NTD,0.8
YH145-146∆,BNT162b2,mRNA,YH,145,∆,NTD,0.9
YH145-146∆,BNT162b2,mRNA,YH,145,∆,NTD,1.4
YH145-146∆,BNT162b2,mRNA,YH,145,∆,NTD,1.3
YH145-146∆,mRNA-1273,mRNA,YH,145,∆,NTD,1.1
YH145-146∆,mRNA-1273,mRNA,YH,145,∆,NTD,1.2
YH145-146∆,mRNA-1273,mRNA,YH,145,∆,NTD,0.7
D215G,BNT162b2,mRNA,D,215,G,NTD,1.1
D215G,BNT162b2,mRNA,D,215,G,NTD,0.9
D215G,BNT162b2,mRNA,D,215,G,NTD,1.8
D215G,BNT162b2,mRNA,D,215,G,NTD,2.0
D215G,BNT162b2,mRNA,D,215,G,NTD,1.2
D215G,BNT162b2,mRNA,D,215,G,NTD,1.8
D215G,BNT162b2,mRNA,D,215,G,NTD,1.3
D215G,BNT162b2,mRNA,D,215,G,NTD,1.0
D215G,BNT162b2,mRNA,D,215,G,NTD,1.2
D215G,BNT162b2,mRNA,D,215,G,NTD,0.9
D215G,mRNA-1273,mRNA,D,215,G,NTD,1.3
D215G,mRNA-1273,mRNA,D,215,G,NTD,0.4
D215G,mRNA-1273,mRNA,D,215,G,NTD,0.9
D215G,mRNA-1273,mRNA,D,215,G,NTD,1.3
D215G,mRNA-1273,mRNA,D,215,G,NTD,0.9
D215G,mRNA-1273,mRNA,D,215,G,NTD,0.9
D215G,mRNA-1273,mRNA,D,215,G,NTD,1.2
D215G,mRNA-1273,mRNA,D,215,G,NTD,0.8
D215G,mRNA-1273,mRNA,D,215,G,NTD,0.8
D215G,mRNA-1273,mRNA,D,215,G,NTD,1.1
D215G,mRNA-1273,mRNA,D,215,G,NTD,2.9
D215G,mRNA-1273,mRNA,D,215,G,NTD,1.1
LAL242-244∆,BNT162b2,mRNA,LAL,242,∆,NTD,1.0
LAL242-244∆,BNT162b2,mRNA,LAL,242,∆,NTD,0.6
LAL242-244∆,BNT162b2,mRNA,LAL,242,∆,NTD,1.0
LAL242-244∆,BNT162b2,mRNA,LAL,242,∆,NTD,2.0
LAL242-244∆,BNT162b2,mRNA,LAL,242,∆,NTD,1.0
LAL242-244∆,BNT162b2,mRNA,LAL,242,∆,NTD,1.3
LAL242-244∆,BNT162b2,mRNA,LAL,242,∆,NTD,1.0
LAL242-244∆,BNT162b2,mRNA,LAL,242,∆,NTD,0.6
LAL242-244∆,BNT162b2,mRNA,LAL,242,∆,NTD,1.0
LAL242-244∆,BNT162b2,mRNA,LAL,242,∆,NTD,2.0
LAL242-244∆,BNT162b2,mRNA,LAL,242,∆,NTD,1.0
LAL242-244∆,BNT162b2,mRNA,LAL,242,∆,NTD,1.0
LAL242-244∆,BNT162b2,mRNA,LAL,242,∆,NTD,1.0
LAL242-244∆,BNT162b2,mRNA,LAL,242,∆,NTD,1.0
LAL242-244∆,BNT162b2,mRNA,LAL,242,∆,NTD,1.6
LAL242-244∆,BNT162b2,mRNA,LAL,242,∆,NTD,1.0
LAL242-244∆,BNT162b2,mRNA,LAL,242,∆,NTD,1.6
LAL242-244∆,BNT162b2,mRNA,LAL,242,∆,NTD,0.6
LAL242-244∆,BNT162b2,mRNA,LAL,242,∆,NTD,2.0
LAL242-244∆,BNT162b2,mRNA,LAL,242,∆,NTD,1.0
LAL242-244∆,BNT162b2,mRNA,LAL,242,∆,NTD,1.4
LAL242-244∆,BNT162b2,mRNA,LAL,242,∆,NTD,1.9
LAL242-244∆,BNT162b2,mRNA,LAL,242,∆,NTD,1.4
LAL242-244∆,BNT162b2,mRNA,LAL,242,∆,NTD,1.3
LAL242-244∆,BNT162b2,mRNA,LAL,242,∆,NTD,0.7
LAL242-244∆,BNT162b2,mRNA,LAL,242,∆,NTD,0.9
LAL242-244∆,BNT162b2,mRNA,LAL,242,∆,NTD,1.3
LAL242-244∆,BNT162b2,mRNA,LAL,242,∆,NTD,2.6
LAL242-244∆,BNT162b2,mRNA,LAL,242,∆,NTD,1.6
LAL242-244∆,BNT162b2,mRNA,LAL,242,∆,NTD,1.8
LAL242-244∆,mRNA-1273,mRNA,LAL,242,∆,NTD,3.6
LAL242-244∆,mRNA-1273,mRNA,LAL,242,∆,NTD,1.5
LAL242-244∆,mRNA-1273,mRNA,LAL,242,∆,NTD,1.6
LAL242-244∆,mRNA-1273,mRNA,LAL,242,∆,NTD,1.6
LAL242-244∆,mRNA-1273,mRNA,LAL,242,∆,NTD,1.0
LAL242-244∆,mRNA-1273,mRNA,LAL,242,∆,NTD,1.3
LAL242-244∆,mRNA-1273,mRNA,LAL,242,∆,NTD,1.8
LAL242-244∆,mRNA-1273,mRNA,LAL,242,∆,NTD,1.7
LAL242-244∆,mRNA-1273,mRNA,LAL,242,∆,NTD,1.3
LAL242-244∆,mRNA-1273,mRNA,LAL,242,∆,NTD,1.7
LAL242-244∆,mRNA-1273,mRNA,LAL,242,∆,NTD,1.7
LAL242-244∆,mRNA-1273,mRNA,LAL,242,∆,NTD,1.4
LHRS244-247∆,BNT162b2,mRNA,LHRS,244,∆,NTD,2.7
R246I,BNT162b2,mRNA,R,246,I,NTD,1.5
R246I,BNT162b2,mRNA,R,246,I,NTD,1.2
R246I,BNT162b2,mRNA,R,246,I,NTD,0.6
R246I,BNT162b2,mRNA,R,246,I,NTD,1.0
R246I,BNT162b2,mRNA,R,246,I,NTD,0.8
R246I,BNT162b2,mRNA,R,246,I,NTD,0.5
R246I,BNT162b2,mRNA,R,246,I,NTD,0.3
R246I,BNT162b2,mRNA,R,246,I,NTD,4.0
R246I,BNT162b2,mRNA,R,246,I,NTD,1.0
R246I,BNT162b2,mRNA,R,246,I,NTD,1.1
R246I,mRNA-1273,mRNA,R,246,I,NTD,1.6
R246I,mRNA-1273,mRNA,R,246,I,NTD,1.1
R246I,mRNA-1273,mRNA,R,246,I,NTD,1.0
R246I,mRNA-1273,mRNA,R,246,I,NTD,1.7
R246I,mRNA-1273,mRNA,R,246,I,NTD,0.9
R246I,mRNA-1273,mRNA,R,246,I,NTD,2.0
R246I,mRNA-1273,mRNA,R,246,I,NTD,1.1
R246I,mRNA-1273,mRNA,R,246,I,NTD,1.7
R246I,mRNA-1273,mRNA,R,246,I,NTD,1.2
R246I,mRNA-1273,mRNA,R,246,I,NTD,0.9
R246I,mRNA-1273,mRNA,R,246,I,NTD,2.1
R246I,mRNA-1273,mRNA,R,246,I,NTD,1.3
RSYLTPG246-252∆,BNT162b2,mRNA,RSYLTPG,246,∆,NTD,0.9
RSYLTPG246-252∆,BNT162b2,mRNA,RSYLTPG,246,∆,NTD,1.3
RSYLTPG246-252∆,BNT162b2,mRNA,RSYLTPG,246,∆,NTD,1.0
RSYLTPG246-252∆,BNT162b2,mRNA,RSYLTPG,246,∆,NTD,0.8
RSYLTPG246-252∆,BNT162b2,mRNA,RSYLTPG,246,∆,NTD,1.1
RSYLTPG246-252∆,BNT162b2,mRNA,RSYLTPG,246,∆,NTD,1.3
RSYLTPG246-252∆,BNT162b2,mRNA,RSYLTPG,246,∆,NTD,1.1
RSYLTPG246-252∆,BNT162b2,mRNA,RSYLTPG,246,∆,NTD,1.2
RSYLTPG246-252∆,BNT162b2,mRNA,RSYLTPG,246,∆,NTD,1.0
RSYLTPG246-252∆,BNT162b2,mRNA,RSYLTPG,246,∆,NTD,0.9
RSYLTPG246-252∆,BNT162b2,mRNA,RSYLTPG,246,∆,NTD,1.5
RSYLTPG246-252∆,BNT162b2,mRNA,RSYLTPG,246,∆,NTD,1.1
RSYLTPG246-252∆,BNT162b2,mRNA,RSYLTPG,246,∆,NTD,1.1
RSYLTPG246-252∆,BNT162b2,mRNA,RSYLTPG,246,∆,NTD,1.1
RSYLTPG246-252∆,BNT162b2,mRNA,RSYLTPG,246,∆,NTD,1.2
RSYLTPG246-252∆,BNT162b2,mRNA,RSYLTPG,246,∆,NTD,0.9
RSYLTPG246-252∆,BNT162b2,mRNA,RSYLTPG,246,∆,NTD,1.3
RSYLTPG246-252∆,BNT162b2,mRNA,RSYLTPG,246,∆,NTD,1.0
RSYLTPG246-252∆,BNT162b2,mRNA,RSYLTPG,246,∆,NTD,0.8
RSYLTPG246-252∆,BNT162b2,mRNA,RSYLTPG,246,∆,NTD,1.1
RSYLTPG246-252∆,BNT162b2,mRNA,RSYLTPG,246,∆,NTD,1.3
RSYLTPG246-252∆,BNT162b2,mRNA,RSYLTPG,246,∆,NTD,1.1
RSYLTPG246-252∆,BNT162b2,mRNA,RSYLTPG,246,∆,NTD,1.2
RSYLTPG246-252∆,BNT162b2,mRNA,RSYLTPG,246,∆,NTD,1.0
RSYLTPG246-252∆,BNT162b2,mRNA,RSYLTPG,246,∆,NTD,0.9
RSYLTPG246-252∆,BNT162b2,mRNA,RSYLTPG,246,∆,NTD,1.5
RSYLTPG246-252∆,BNT162b2,mRNA,RSYLTPG,246,∆,NTD,1.1
RSYLTPG246-252∆,BNT162b2,mRNA,RSYLTPG,246,∆,NTD,1.1
RSYLTPG246-252∆,BNT162b2,mRNA,RSYLTPG,246,∆,NTD,1.1
RSYLTPG246-252∆,BNT162b2,mRNA,RSYLTPG,246,∆,NTD,1.2
RSYLTPG246-252∆,mRNA-1273,mRNA,RSYLTPG,246,∆,NTD,1.2
RSYLTPG246-252∆,mRNA-1273,mRNA,RSYLTPG,246,∆,NTD,1.2
RSYLTPG246-252∆,mRNA-1273,mRNA,RSYLTPG,246,∆,NTD,0.9
RSYLTPG246-252∆,mRNA-1273,mRNA,RSYLTPG,246,∆,NTD,1.5
RSYLTPG246-252∆,mRNA-1273,mRNA,RSYLTPG,246,∆,NTD,1.1
RSYLTPG246-252∆,mRNA-1273,mRNA,RSYLTPG,246,∆,NTD,0.7
RSYLTPG246-252∆,mRNA-1273,mRNA,RSYLTPG,246,∆,NTD,1.2
RSYLTPG246-252∆,mRNA-1273,mRNA,RSYLTPG,246,∆,NTD,1.1
RSYLTPG246-252∆,mRNA-1273,mRNA,RSYLTPG,246,∆,NTD,0.9
RSYLTPG246-252∆,mRNA-1273,mRNA,RSYLTPG,246,∆,NTD,1.5
RSYLTPG246-252∆,mRNA-1273,mRNA,RSYLTPG,246,∆,NTD,1.1
RSYLTPG246-252∆,mRNA-1273,mRNA,RSYLTPG,246,∆,NTD,0.7
Q321L,BNT162b2,mRNA,Q,321,L,RBD,1.5
Q321L,BNT162b2,mRNA,Q,321,L,RBD,1.5
Q321L,BNT162b2,mRNA,Q,321,L,RBD,1.5
Q321L,BNT162b2,mRNA,Q,321,L,RBD,1.5
Q321L,BNT162b2,mRNA,Q,321,L,RBD,1.5
Q321L,BNT162b2,mRNA,Q,321,L,RBD,1.8
Q321L,BNT162b2,mRNA,Q,321,L,RBD,1.8
Q321L,BNT162b2,mRNA,Q,321,L,RBD,1.8
Q321L,BNT162b2,mRNA,Q,321,L,RBD,1.8
Q321L,BNT162b2,mRNA,Q,321,L,RBD,1.8
V341I,BNT162b2,mRNA,V,341,I,RBD,1.9
V341I,BNT162b2,mRNA,V,341,I,RBD,1.9
V341I,BNT162b2,mRNA,V,341,I,RBD,1.9
V341I,BNT162b2,mRNA,V,341,I,RBD,1.9
V341I,BNT162b2,mRNA,V,341,I,RBD,1.9
V341I,BNT162b2,mRNA,V,341,I,RBD,1.4
V341I,BNT162b2,mRNA,V,341,I,RBD,1.4
V341I,BNT162b2,mRNA,V,341,I,RBD,1.4
V341I,BNT162b2,mRNA,V,341,I,RBD,1.4
V341I,BNT162b2,mRNA,V,341,I,RBD,1.4
R346S,BNT162b2,mRNA,R,346,S,RBD,1.1
R346S,BNT162b2,mRNA,R,346,S,RBD,1.1
R346S,BNT162b2,mRNA,R,346,S,RBD,1.1
R346S,BNT162b2,mRNA,R,346,S,RBD,0.9
R346S,mRNA-1273,mRNA,R,346,S,RBD,1.0
R346S,mRNA-1273,mRNA,R,346,S,RBD,1.0
R346S,mRNA-1273,mRNA,R,346,S,RBD,1.8
R346S,mRNA-1273,mRNA,R,346,S,RBD,1.2
R346S,mRNA-1273,mRNA,R,346,S,RBD,1.0
R346S,mRNA-1273,mRNA,R,346,S,RBD,0.8
R346S,mRNA-1273,mRNA,R,346,S,RBD,1.2
R346S,mRNA-1273,mRNA,R,346,S,RBD,1.8
R346S,mRNA-1273,mRNA,R,346,S,RBD,2.3
R346S,mRNA-1273,mRNA,R,346,S,RBD,1.4
R346S,mRNA-1273,mRNA,R,346,S,RBD,1.2
A348T,BNT162b2,mRNA,A,348,T,RBD,0.9
A348T,BNT162b2,mRNA,A,348,T,RBD,0.9
A348T,BNT162b2,mRNA,A,348,T,RBD,0.9
A348T,BNT162b2,mRNA,A,348,T,RBD,0.9
A348T,BNT162b2,mRNA,A,348,T,RBD,0.9
A348T,BNT162b2,mRNA,A,348,T,RBD,1.2
A348T,BNT162b2,mRNA,A,348,T,RBD,1.2
A348T,BNT162b2,mRNA,A,348,T,RBD,1.2
A348T,BNT162b2,mRNA,A,348,T,RBD,1.2
A348T,BNT162b2,mRNA,A,348,T,RBD,1.2
N354D,BNT162b2,mRNA,N,354,D,RBD,0.9
N354D,BNT162b2,mRNA,N,354,D,RBD,0.9
N354D,BNT162b2,mRNA,N,354,D,RBD,0.9
N354D,BNT162b2,mRNA,N,354,D,RBD,0.9
N354D,BNT162b2,mRNA,N,354,D,RBD,0.9
N354D,BNT162b2,mRNA,N,354,D,RBD,1.0
N354D,BNT162b2,mRNA,N,354,D,RBD,1.0
N354D,BNT162b2,mRNA,N,354,D,RBD,1.0
N354D,BNT162b2,mRNA,N,354,D,RBD,1.0
N354D,BNT162b2,mRNA,N,354,D,RBD,1.0
S359N,BNT162b2,mRNA,S,359,N,RBD,0.6
S359N,BNT162b2,mRNA,S,359,N,RBD,0.6
S359N,BNT162b2,mRNA,S,359,N,RBD,0.6
S359N,BNT162b2,mRNA,S,359,N,RBD,0.6
S359N,BNT162b2,mRNA,S,359,N,RBD,0.6
S359N,BNT162b2,mRNA,S,359,N,RBD,1.1
S359N,BNT162b2,mRNA,S,359,N,RBD,1.1
S359N,BNT162b2,mRNA,S,359,N,RBD,1.1
S359N,BNT162b2,mRNA,S,359,N,RBD,1.1
S359N,BNT162b2,mRNA,S,359,N,RBD,1.1
V367F,BNT162b2,mRNA,V,367,F,RBD,0.4
V367F,BNT162b2,mRNA,V,367,F,RBD,0.4
V367F,BNT162b2,mRNA,V,367,F,RBD,0.4
V367F,BNT162b2,mRNA,V,367,F,RBD,0.4
V367F,BNT162b2,mRNA,V,367,F,RBD,0.4
V367F,BNT162b2,mRNA,V,367,F,RBD,1.8
V367F,BNT162b2,mRNA,V,367,F,RBD,1.8
V367F,BNT162b2,mRNA,V,367,F,RBD,1.8
V367F,BNT162b2,mRNA,V,367,F,RBD,1.8
V367F,BNT162b2,mRNA,V,367,F,RBD,1.8
K378R,BNT162b2,mRNA,K,378,R,RBD,0.9
K378R,BNT162b2,mRNA,K,378,R,RBD,0.9
K378R,BNT162b2,mRNA,K,378,R,RBD,0.9
K378R,BNT162b2,mRNA,K,378,R,RBD,0.9
K378R,BNT162b2,mRNA,K,378,R,RBD,0.9
K378R,BNT162b2,mRNA,K,378,R,RBD,1.1
K378R,BNT162b2,mRNA,K,378,R,RBD,1.1
K378R,BNT162b2,mRNA,K,378,R,RBD,1.1
K378R,BNT162b2,mRNA,K,378,R,RBD,1.1
K378R,BNT162b2,mRNA,K,378,R,RBD,1.1
P384R,mRNA-1273,mRNA,P,384,R,RBD,1.7
P384R,mRNA-1273,mRNA,P,384,R,RBD,1.1
P384R,mRNA-1273,mRNA,P,384,R,RBD,1.7
P384R,mRNA-1273,mRNA,P,384,R,RBD,1.5
P384R,mRNA-1273,mRNA,P,384,R,RBD,1.2
P384R,mRNA-1273,mRNA,P,384,R,RBD,1.1
R408I,BNT162b2,mRNA,R,408,I,RBD,0.5
R408I,BNT162b2,mRNA,R,408,I,RBD,0.5
R408I,BNT162b2,mRNA,R,408,I,RBD,0.5
R408I,BNT162b2,mRNA,R,408,I,RBD,0.5
R408I,BNT162b2,mRNA,R,408,I,RBD,0.5
R408I,BNT162b2,mRNA,R,408,I,RBD,1.3
R408I,BNT162b2,mRNA,R,408,I,RBD,1.3
R408I,BNT162b2,mRNA,R,408,I,RBD,1.3
R408I,BNT162b2,mRNA,R,408,I,RBD,1.3
R408I,BNT162b2,mRNA,R,408,I,RBD,1.3
Q409E,BNT162b2,mRNA,Q,409,E,RBD,1.0
Q409E,BNT162b2,mRNA,Q,409,E,RBD,1.0
Q409E,BNT162b2,mRNA,Q,409,E,RBD,1.0
Q409E,BNT162b2,mRNA,Q,409,E,RBD,1.0
Q409E,BNT162b2,mRNA,Q,409,E,RBD,1.0
Q409E,BNT162b2,mRNA,Q,409,E,RBD,1.2
Q409E,BNT162b2,mRNA,Q,409,E,RBD,1.2
Q409E,BNT162b2,mRNA,Q,409,E,RBD,1.2
Q409E,BNT162b2,mRNA,Q,409,E,RBD,1.2
Q409E,BNT162b2,mRNA,Q,409,E,RBD,1.2
K417N,BBV154,Viral vector,K,417,N,RBD,0.6
K417N,BBV154,Viral vector,K,417,N,RBD,1.2
K417N,BBV154,Viral vector,K,417,N,RBD,1.0
K417N,BBV154,Viral vector,K,417,N,RBD,0.8
K417N,BBV154,Viral vector,K,417,N,RBD,1.6
K417N,BBV154,Viral vector,K,417,N,RBD,1.1
K417N,BBV154,Viral vector,K,417,N,RBD,1.4
K417N,BBV154,Viral vector,K,417,N,RBD,0.7
K417N,BBV154,Viral vector,K,417,N,RBD,0.7
K417N,BBV154,Viral vector,K,417,N,RBD,0.6
K417N,BBV154,Viral vector,K,417,N,RBD,0.5
K417N,BBV154,Viral vector,K,417,N,RBD,0.6
K417N,BBV154,Viral vector,K,417,N,RBD,1.0
K417N,BBV154,Viral vector,K,417,N,RBD,0.6
K417N,BBV154,Viral vector,K,417,N,RBD,0.3
K417N,BBV154,Viral vector,K,417,N,RBD,0.3
K417N,BBV154,Viral vector,K,417,N,RBD,0.5
K417N,BBV154,Viral vector,K,417,N,RBD,0.5
K417N,BBV154,Viral vector,K,417,N,RBD,0.5
K417N,BBV154,Viral vector,K,417,N,RBD,0.9
K417N,BBV154,Viral vector,K,417,N,RBD,0.6
K417N,BBV154,Viral vector,K,417,N,RBD,0.7
K417N,BBV154,Viral vector,K,417,N,RBD,0.4
K417N,BBV154,Viral vector,K,417,N,RBD,1.0
K417N,BNT162b2,mRNA,K,417,N,RBD,2.8
K417N,BNT162b2,mRNA,K,417,N,RBD,0.7
K417N,BNT162b2,mRNA,K,417,N,RBD,0.7
K417N,BNT162b2,mRNA,K,417,N,RBD,0.6
K417N,BNT162b2,mRNA,K,417,N,RBD,0.7
K417N,BNT162b2,mRNA,K,417,N,RBD,0.5
K417N,BNT162b2,mRNA,K,417,N,RBD,0.5
K417N,BNT162b2,mRNA,K,417,N,RBD,0.6
K417N,BNT162b2,mRNA,K,417,N,RBD,1.1
K417N,BNT162b2,mRNA,K,417,N,RBD,0.4
K417N,BNT162b2,mRNA,K,417,N,RBD,0.9
K417N,BNT162b2,mRNA,K,417,N,RBD,2.9
K417N,BNT162b2,mRNA,K,417,N,RBD,3.5
K417N,BNT162b2,mRNA,K,417,N,RBD,1.0
K417N,BNT162b2,mRNA,K,417,N,RBD,1.5
K417N,BNT162b2,mRNA,K,417,N,RBD,1.6
K417N,BNT162b2,mRNA,K,417,N,RBD,0.7
K417N,BNT162b2,mRNA,K,417,N,RBD,0.7
K417N,BNT162b2,mRNA,K,417,N,RBD,1.4
K417N,BNT162b2,mRNA,K,417,N,RBD,1.2
K417N,BNT162b2,mRNA,K,417,N,RBD,0.8
K417N,BNT162b2,mRNA,K,417,N,RBD,1.3
K417N,BNT162b2,mRNA,K,417,N,RBD,0.9
K417N,BNT162b2,mRNA,K,417,N,RBD,1.2
K417N,BNT162b2,mRNA,K,417,N,RBD,1.2
K417N,BNT162b2,mRNA,K,417,N,RBD,3.2
K417N,BNT162b2,mRNA,K,417,N,RBD,0.7
K417N,BNT162b2,mRNA,K,417,N,RBD,0.5
K417N,BNT162b2,mRNA,K,417,N,RBD,0.3
K417N,BNT162b2,mRNA,K,417,N,RBD,2.4
K417N,BNT162b2,mRNA,K,417,N,RBD,2.6
K417N,BNT162b2,mRNA,K,417,N,RBD,1.2
K417N,BNT162b2,mRNA,K,417,N,RBD,0.8
K417N,BNT162b2,mRNA,K,417,N,RBD,1.4
K417N,BNT162b2,mRNA,K,417,N,RBD,1.8
K417N,BNT162b2,mRNA,K,417,N,RBD,2.0
K417N,BNT162b2,mRNA,K,417,N,RBD,3.0
K417N,BNT162b2,mRNA,K,417,N,RBD,1.3
K417N,BNT162b2,mRNA,K,417,N,RBD,1.8
K417N,BNT162b2,mRNA,K,417,N,RBD,1.0
K417N,BNT162b2,mRNA,K,417,N,RBD,0.6
K417N,BNT162b2,mRNA,K,417,N,RBD,1.1
K417N,BNT162b2,mRNA,K,417,N,RBD,0.7
K417N,BNT162b2,mRNA,K,417,N,RBD,0.6
K417N,BNT162b2,mRNA,K,417,N,RBD,0.7
K417N,BNT162b2,mRNA,K,417,N,RBD,0.6
K417N,BNT162b2,mRNA,K,417,N,RBD,0.8
K417N,BNT162b2,mRNA,K,417,N,RBD,0.7
K417N,BNT162b2,mRNA,K,417,N,RBD,1.5
K417N,BNT162b2,mRNA,K,417,N,RBD,0.5
K417N,BNT162b2,mRNA,K,417,N,RBD,0.5
K417N,BNT162b2,mRNA,K,417,N,RBD,1.0
K417N,BNT162b2,mRNA,K,417,N,RBD,1.8
K417N,BNT162b2,mRNA,K,417,N,RBD,0.6
K417N,mRNA-1273,mRNA,K,417,N,RBD,1.0
K417N,mRNA-1273,mRNA,K,417,N,RBD,0.8
K417N,mRNA-1273,mRNA,K,417,N,RBD,0.9
K417N,mRNA-1273,mRNA,K,417,N,RBD,0.7
K417N,mRNA-1273,mRNA,K,417,N,RBD,0.9
K417N,mRNA-1273,mRNA,K,417,N,RBD,0.8
K417N,mRNA-1273,mRNA,K,417,N,RBD,1.1
K417N,mRNA-1273,mRNA,K,417,N,RBD,0.8
K417N,mRNA-1273,mRNA,K,417,N,RBD,0.8
K417N,mRNA-1273,mRNA,K,417,N,RBD,0.7
K417N,mRNA-1273,mRNA,K,417,N,RBD,1.1
K417N,mRNA-1273,mRNA,K,417,N,RBD,0.7
K417N,mRNA-1273,mRNA,K,417,N,RBD,0.5
K417N,mRNA-1273,mRNA,K,417,N,RBD,0.6
K417N,mRNA-1273,mRNA,K,417,N,RBD,0.7
K417N,mRNA-1273,mRNA,K,417,N,RBD,0.5
K417N,mRNA-1273,mRNA,K,417,N,RBD,0.8
K417N,mRNA-1273,mRNA,K,417,N,RBD,0.6
K417N,mRNA-1273,mRNA,K,417,N,RBD,0.8
K417N,mRNA-1273,mRNA,K,417,N,RBD,0.7
K417N,mRNA-1273,mRNA,K,417,N,RBD,0.7
K417N,mRNA-1273,mRNA,K,417,N,RBD,0.7
K417N,mRNA-1273,mRNA,K,417,N,RBD,1.0
K417N,mRNA-1273,mRNA,K,417,N,RBD,0.6
K417N,mRNA-1273,mRNA,K,417,N,RBD,0.7
K417N,mRNA-1273,mRNA,K,417,N,RBD,1.3
K417N,mRNA-1273,mRNA,K,417,N,RBD,0.7
K417N,mRNA-1273,mRNA,K,417,N,RBD,0.7
K417N,mRNA-1273,mRNA,K,417,N,RBD,1.1
K417N,mRNA-1273,mRNA,K,417,N,RBD,1.0
K417N,mRNA-1273,mRNA,K,417,N,RBD,1.0
K417N,mRNA-1273,mRNA,K,417,N,RBD,1.2
K417N,mRNA-1273,mRNA,K,417,N,RBD,0.6
K417N,mRNA-1273,mRNA,K,417,N,RBD,1.3
K417N,mRNA-1273,mRNA,K,417,N,RBD,0.9
A435S,BNT162b2,mRNA,A,435,S,RBD,0.8
A435S,BNT162b2,mRNA,A,435,S,RBD,0.8
A435S,BNT162b2,mRNA,A,435,S,RBD,0.8
A435S,BNT162b2,mRNA,A,435,S,RBD,0.8
A435S,BNT162b2,mRNA,A,435,S,RBD,0.8
A435S,BNT162b2,mRNA,A,435,S,RBD,1.6
A435S,BNT162b2,mRNA,A,435,S,RBD,1.6
A435S,BNT162b2,mRNA,A,435,S,RBD,1.6
A435S,BNT162b2,mRNA,A,435,S,RBD,1.6
A435S,BNT162b2,mRNA,A,435,S,RBD,1.6
N439K,BNT162b2,mRNA,N,439,K,RBD,1.9
N439K,BNT162b2,mRNA,N,439,K,RBD,1.9
N439K,BNT162b2,mRNA,N,439,K,RBD,1.9
N439K,BNT162b2,mRNA,N,439,K,RBD,1.9
N439K,BNT162b2,mRNA,N,439,K,RBD,1.9
N439K,BNT162b2,mRNA,N,439,K,RBD,0.4
N439K,BNT162b2,mRNA,N,439,K,RBD,1.4
N439K,BNT162b2,mRNA,N,439,K,RBD,0.7
N439K,BNT162b2,mRNA,N,439,K,RBD,0.8
N439K,mRNA-1273,mRNA,N,439,K,RBD,2.2
N439K,mRNA-1273,mRNA,N,439,K,RBD,1.4
N439K,mRNA-1273,mRNA,N,439,K,RBD,1.0
N439K,mRNA-1273,mRNA,N,439,K,RBD,1.2
N439K,mRNA-1273,mRNA,N,439,K,RBD,2.2
N439K,mRNA-1273,mRNA,N,439,K,RBD,0.7
N439K,mRNA-1273,mRNA,N,439,K,RBD,1.8
N439K,mRNA-1273,mRNA,N,439,K,RBD,1.7
N439K,mRNA-1273,mRNA,N,439,K,RBD,1.4
N439K,mRNA-1273,mRNA,N,439,K,RBD,1.6
N439K,mRNA-1273,mRNA,N,439,K,RBD,1.2
N439K,mRNA-1273,mRNA,N,439,K,RBD,1.0
N439K,mRNA-1273,mRNA,N,439,K,RBD,1.6
N439K,mRNA-1273,mRNA,N,439,K,RBD,0.7
N439K,mRNA-1273,mRNA,N,439,K,RBD,0.6
N439K,mRNA-1273,mRNA,N,439,K,RBD,0.7
N439K,mRNA-1273,mRNA,N,439,K,RBD,1.1
N439K,mRNA-1273,mRNA,N,439,K,RBD,1.1
N439K,mRNA-1273,mRNA,N,439,K,RBD,1.6
N439K,mRNA-1273,mRNA,N,439,K,RBD,0.5
N439K,mRNA-1273,mRNA,N,439,K,RBD,0.8
N439K,mRNA-1273,mRNA,N,439,K,RBD,1.4
N439K,mRNA-1273,mRNA,N,439,K,RBD,1.5
N439K,mRNA-1273,mRNA,N,439,K,RBD,0.9
N439K,mRNA-1273,mRNA,N,439,K,RBD,1.0
N439K,mRNA-1273,mRNA,N,439,K,RBD,1.2
N439K,mRNA-1273,mRNA,N,439,K,RBD,0.7
N439K,mRNA-1273,mRNA,N,439,K,RBD,1.4
N439K,mRNA-1273,mRNA,N,439,K,RBD,0.8
N439K,mRNA-1273,mRNA,N,439,K,RBD,1.2
N439K,mRNA-1273,mRNA,N,439,K,RBD,0.5
N439K,mRNA-1273,mRNA,N,439,K,RBD,0.9
N439K,mRNA-1273,mRNA,N,439,K,RBD,1.4
N439K,mRNA-1273,mRNA,N,439,K,RBD,1.2
N439K,mRNA-1273,mRNA,N,439,K,RBD,1.4
N439K,mRNA-1273,mRNA,N,439,K,RBD,1.3
N439K,mRNA-1273,mRNA,N,439,K,RBD,1.0
N439K,mRNA-1273,mRNA,N,439,K,RBD,0.6
N439K,mRNA-1273,mRNA,N,439,K,RBD,1.4
N439K,mRNA-1273,mRNA,N,439,K,RBD,1.1
N439K,mRNA-1273,mRNA,N,439,K,RBD,1.1
N439K,mRNA-1273,mRNA,N,439,K,RBD,0.8
N439K,mRNA-1273,mRNA,N,439,K,RBD,0.6
N439K,mRNA-1273,mRNA,N,439,K,RBD,0.9
N439K,mRNA-1273,mRNA,N,439,K,RBD,0.8
N439K,mRNA-1273,mRNA,N,439,K,RBD,0.4
N439K,mRNA-1273,mRNA,N,439,K,RBD,0.6
N439K,mRNA-1273,mRNA,N,439,K,RBD,0.8
N439K,mRNA-1273,mRNA,N,439,K,RBD,0.6
N439K,mRNA-1273,mRNA,N,439,K,RBD,0.4
N439K,mRNA-1273,mRNA,N,439,K,RBD,0.5
N439K,mRNA-1273,mRNA,N,439,K,RBD,0.9
N439K,mRNA-1273,mRNA,N,439,K,RBD,1.0
N439K,mRNA-1273,mRNA,N,439,K,RBD,0.9
N439K,mRNA-1273,mRNA,N,439,K,RBD,1.0
N440K,BNT162b2,mRNA,N,440,K,RBD,0.5
N440K,BNT162b2,mRNA,N,440,K,RBD,0.7
N440K,BNT162b2,mRNA,N,440,K,RBD,0.6
N440K,BNT162b2,mRNA,N,440,K,RBD,0.7
N440K,mRNA-1273,mRNA,N,440,K,RBD,1.1
N440K,mRNA-1273,mRNA,N,440,K,RBD,0.5
N440K,mRNA-1273,mRNA,N,440,K,RBD,0.8
N440K,mRNA-1273,mRNA,N,440,K,RBD,1.0
N440K,mRNA-1273,mRNA,N,440,K,RBD,0.7
N440K,mRNA-1273,mRNA,N,440,K,RBD,0.5
N440K,mRNA-1273,mRNA,N,440,K,RBD,0.7
N440K,mRNA-1273,mRNA,N,440,K,RBD,1.0
N440K,mRNA-1273,mRNA,N,440,K,RBD,1.1
N440K,mRNA-1273,mRNA,N,440,K,RBD,1.0
N440K,mRNA-1273,mRNA,N,440,K,RBD,1.0
G446V,mRNA-1273,mRNA,G,446,V,RBD,1.5
G446V,mRNA-1273,mRNA,G,446,V,RBD,1.0
G446V,mRNA-1273,mRNA,G,446,V,RBD,1.9
G446V,mRNA-1273,mRNA,G,446,V,RBD,1.8
G446V,mRNA-1273,mRNA,G,446,V,RBD,1.0
G446V,mRNA-1273,mRNA,G,446,V,RBD,1.3
L452Q,BNT162b2,mRNA,L,452,Q,RBD,2.4
L452Q,BNT162b2,mRNA,L,452,Q,RBD,1.2
L452Q,BNT162b2,mRNA,L,452,Q,RBD,1.2
L452Q,BNT162b2,mRNA,L,452,Q,RBD,1.6
L452Q,BNT162b2,mRNA,L,452,Q,RBD,1.5
L452Q,BNT162b2,mRNA,L,452,Q,RBD,1.8
L452Q,BNT162b2,mRNA,L,452,Q,RBD,3.2
L452Q,BNT162b2,mRNA,L,452,Q,RBD,1.2
L452Q,BNT162b2,mRNA,L,452,Q,RBD,1.1
L452Q,BNT162b2,mRNA,L,452,Q,RBD,0.9
L452Q,BNT162b2,mRNA,L,452,Q,RBD,1.5
L452Q,BNT162b2,mRNA,L,452,Q,RBD,1.0
L452Q,BNT162b2,mRNA,L,452,Q,RBD,1.1
L452Q,BNT162b2,mRNA,L,452,Q,RBD,1.5
L452Q,BNT162b2,mRNA,L,452,Q,RBD,2.5
L452Q,BNT162b2,mRNA,L,452,Q,RBD,1.8
L452Q,BNT162b2,mRNA,L,452,Q,RBD,1.8
L452Q,BNT162b2,mRNA,L,452,Q,RBD,0.9
L452Q,BNT162b2,mRNA,L,452,Q,RBD,1.8
L452Q,BNT162b2,mRNA,L,452,Q,RBD,2.3
L452Q,BNT162b2,mRNA,L,452,Q,RBD,1.8
L452Q,BNT162b2,mRNA,L,452,Q,RBD,1.2
L452Q,BNT162b2,mRNA,L,452,Q,RBD,2.4
L452Q,BNT162b2,mRNA,L,452,Q,RBD,5.4
L452Q,BNT162b2,mRNA,L,452,Q,RBD,1.2
L452Q,BNT162b2,mRNA,L,452,Q,RBD,2.3
L452Q,BNT162b2,mRNA,L,452,Q,RBD,2.5
L452Q,BNT162b2,mRNA,L,452,Q,RBD,7.4
L452Q,BNT162b2,mRNA,L,452,Q,RBD,7.3
L452Q,BNT162b2,mRNA,L,452,Q,RBD,2.7
L452Q,BNT162b2,mRNA,L,452,Q,RBD,3.9
L452Q,BNT162b2,mRNA,L,452,Q,RBD,2.4
L452Q,BNT162b2,mRNA,L,452,Q,RBD,3.0
L452Q,BNT162b2,mRNA,L,452,Q,RBD,1.8
L452Q,BNT162b2,mRNA,L,452,Q,RBD,2.3
L452Q,BNT162b2,mRNA,L,452,Q,RBD,1.8
L452Q,BNT162b2,mRNA,L,452,Q,RBD,1.2
L452Q,BNT162b2,mRNA,L,452,Q,RBD,2.4
L452Q,BNT162b2,mRNA,L,452,Q,RBD,5.4
L452Q,BNT162b2,mRNA,L,452,Q,RBD,1.2
L452Q,BNT162b2,mRNA,L,452,Q,RBD,2.3
L452Q,BNT162b2,mRNA,L,452,Q,RBD,2.5
L452Q,BNT162b2,mRNA,L,452,Q,RBD,7.3
L452Q,BNT162b2,mRNA,L,452,Q,RBD,7.2
L452Q,BNT162b2,mRNA,L,452,Q,RBD,2.7
L452Q,BNT162b2,mRNA,L,452,Q,RBD,3.9
L452Q,BNT162b2,mRNA,L,452,Q,RBD,2.4
L452Q,BNT162b2,mRNA,L,452,Q,RBD,3.0
L452Q,mRNA-1273,mRNA,L,452,Q,RBD,3.0
L452Q,mRNA-1273,mRNA,L,452,Q,RBD,2.2
L452Q,mRNA-1273,mRNA,L,452,Q,RBD,2.4
L452Q,mRNA-1273,mRNA,L,452,Q,RBD,2.4
L452Q,mRNA-1273,mRNA,L,452,Q,RBD,4.7
L452Q,mRNA-1273,mRNA,L,452,Q,RBD,3.0
L452Q,mRNA-1273,mRNA,L,452,Q,RBD,2.9
L452Q,mRNA-1273,mRNA,L,452,Q,RBD,2.1
L452Q,mRNA-1273,mRNA,L,452,Q,RBD,2.3
L452Q,mRNA-1273,mRNA,L,452,Q,RBD,2.4
L452Q,mRNA-1273,mRNA,L,452,Q,RBD,4.5
L452Q,mRNA-1273,mRNA,L,452,Q,RBD,2.9
L452R,BNT162b2,mRNA,L,452,R,RBD,1.1
L452R,BNT162b2,mRNA,L,452,R,RBD,8.0
L452R,BNT162b2,mRNA,L,452,R,RBD,0.7
L452R,BNT162b2,mRNA,L,452,R,RBD,1.2
L452R,BNT162b2,mRNA,L,452,R,RBD,0.9
L452R,BNT162b2,mRNA,L,452,R,RBD,1.7
L452R,BNT162b2,mRNA,L,452,R,RBD,3.7
L452R,BNT162b2,mRNA,L,452,R,RBD,1.7
L452R,BNT162b2,mRNA,L,452,R,RBD,1.2
L452R,BNT162b2,mRNA,L,452,R,RBD,1.9
L452R,BNT162b2,mRNA,L,452,R,RBD,1.8
L452R,BNT162b2,mRNA,L,452,R,RBD,3.2
L452R,BNT162b2,mRNA,L,452,R,RBD,13.1
L452R,BNT162b2,mRNA,L,452,R,RBD,0.3
L452R,BNT162b2,mRNA,L,452,R,RBD,1.2
L452R,BNT162b2,mRNA,L,452,R,RBD,1.8
L452R,BNT162b2,mRNA,L,452,R,RBD,11.0
L452R,BNT162b2,mRNA,L,452,R,RBD,1.8
L452R,BNT162b2,mRNA,L,452,R,RBD,2.0
L452R,BNT162b2,mRNA,L,452,R,RBD,1.7
L452R,BNT162b2,mRNA,L,452,R,RBD,1.1
L452R,BNT162b2,mRNA,L,452,R,RBD,1.3
L452R,BNT162b2,mRNA,L,452,R,RBD,1.1
L452R,BNT162b2,mRNA,L,452,R,RBD,2.2
L452R,BNT162b2,mRNA,L,452,R,RBD,1.5
L452R,BNT162b2,mRNA,L,452,R,RBD,1.4
L452R,BNT162b2,mRNA,L,452,R,RBD,1.2
L452R,BNT162b2,mRNA,L,452,R,RBD,2.2
L452R,BNT162b2,mRNA,L,452,R,RBD,2.3
L452R,BNT162b2,mRNA,L,452,R,RBD,1.2
L452R,BNT162b2,mRNA,L,452,R,RBD,1.1
L452R,BNT162b2,mRNA,L,452,R,RBD,1.7
L452R,BNT162b2,mRNA,L,452,R,RBD,1.0
L452R,BNT162b2,mRNA,L,452,R,RBD,2.2
L452R,BNT162b2,mRNA,L,452,R,RBD,2.9
L452R,BNT162b2,mRNA,L,452,R,RBD,2.9
L452R,BNT162b2,mRNA,L,452,R,RBD,2.3
L452R,BNT162b2,mRNA,L,452,R,RBD,2.5
L452R,BNT162b2,mRNA,L,452,R,RBD,6.2
L452R,BNT162b2,mRNA,L,452,R,RBD,3.2
L452R,BNT162b2,mRNA,L,452,R,RBD,1.9
L452R,BNT162b2,mRNA,L,452,R,RBD,1.7
L452R,BNT162b2,mRNA,L,452,R,RBD,1.8
L452R,BNT162b2,mRNA,L,452,R,RBD,0.8
L452R,BNT162b2,mRNA,L,452,R,RBD,9.6
L452R,BNT162b2,mRNA,L,452,R,RBD,9.1
L452R,BNT162b2,mRNA,L,452,R,RBD,1.3
L452R,BNT162b2,mRNA,L,452,R,RBD,2.9
L452R,BNT162b2,mRNA,L,452,R,RBD,2.3
L452R,BNT162b2,mRNA,L,452,R,RBD,5.9
L452R,BNT162b2,mRNA,L,452,R,RBD,5.3
L452R,BNT162b2,mRNA,L,452,R,RBD,3.5
L452R,BNT162b2,mRNA,L,452,R,RBD,4.7
L452R,BNT162b2,mRNA,L,452,R,RBD,6.7
L452R,BNT162b2,mRNA,L,452,R,RBD,2.6
L452R,mRNA-1273,mRNA,L,452,R,RBD,2.2
L452R,mRNA-1273,mRNA,L,452,R,RBD,3.0
L452R,mRNA-1273,mRNA,L,452,R,RBD,2.3
L452R,mRNA-1273,mRNA,L,452,R,RBD,2.8
L452R,mRNA-1273,mRNA,L,452,R,RBD,2.0
L452R,mRNA-1273,mRNA,L,452,R,RBD,1.8
L452R,mRNA-1273,mRNA,L,452,R,RBD,4.6
L452R,mRNA-1273,mRNA,L,452,R,RBD,3.6
L452R,mRNA-1273,mRNA,L,452,R,RBD,2.3
L452R,mRNA-1273,mRNA,L,452,R,RBD,3.2
L452R,mRNA-1273,mRNA,L,452,R,RBD,4.4
L452R,mRNA-1273,mRNA,L,452,R,RBD,3.2
L452R,mRNA-1273,mRNA,L,452,R,RBD,1.6
L452R,mRNA-1273,mRNA,L,452,R,RBD,2.3
L452R,mRNA-1273,mRNA,L,452,R,RBD,9.5
Y453F,BNT162b2,mRNA,Y,453,F,RBD,0.5
Y453F,BNT162b2,mRNA,Y,453,F,RBD,1.2
Y453F,BNT162b2,mRNA,Y,453,F,RBD,0.6
Y453F,BNT162b2,mRNA,Y,453,F,RBD,0.6
Y453F,mRNA-1273,mRNA,Y,453,F,RBD,1.0
Y453F,mRNA-1273,mRNA,Y,453,F,RBD,0.4
Y453F,mRNA-1273,mRNA,Y,453,F,RBD,0.5
Y453F,mRNA-1273,mRNA,Y,453,F,RBD,1.1
Y453F,mRNA-1273,mRNA,Y,453,F,RBD,0.9
Y453F,mRNA-1273,mRNA,Y,453,F,RBD,2.2
Y453F,mRNA-1273,mRNA,Y,453,F,RBD,1.0
Y453F,mRNA-1273,mRNA,Y,453,F,RBD,0.6
Y453F,mRNA-1273,mRNA,Y,453,F,RBD,1.1
Y453F,mRNA-1273,mRNA,Y,453,F,RBD,0.9
Y453F,mRNA-1273,mRNA,Y,453,F,RBD,1.4
Y453F,mRNA-1273,mRNA,Y,453,F,RBD,0.9
Y453F,mRNA-1273,mRNA,Y,453,F,RBD,1.0
Y453F,mRNA-1273,mRNA,Y,453,F,RBD,1.0
Y453F,mRNA-1273,mRNA,Y,453,F,RBD,0.8
Y453F,mRNA-1273,mRNA,Y,453,F,RBD,1.1
Y453F,mRNA-1273,mRNA,Y,453,F,RBD,1.3
Y453F,mRNA-1273,mRNA,Y,453,F,RBD,1.4
Y453F,mRNA-1273,mRNA,Y,453,F,RBD,1.2
Y453F,mRNA-1273,mRNA,Y,453,F,RBD,0.9
Y453F,mRNA-1273,mRNA,Y,453,F,RBD,1.2
Y453F,mRNA-1273,mRNA,Y,453,F,RBD,1.2
Y453F,mRNA-1273,mRNA,Y,453,F,RBD,2.1
Y453F,mRNA-1273,mRNA,Y,453,F,RBD,1.3
Y453F,mRNA-1273,mRNA,Y,453,F,RBD,1.3
Y453F,mRNA-1273,mRNA,Y,453,F,RBD,0.7
Y453F,mRNA-1273,mRNA,Y,453,F,RBD,0.6
Y453F,mRNA-1273,mRNA,Y,453,F,RBD,1.2
Y453F,mRNA-1273,mRNA,Y,453,F,RBD,1.2
Y453F,mRNA-1273,mRNA,Y,453,F,RBD,0.5
Y453F,mRNA-1273,mRNA,Y,453,F,RBD,0.5
Y453F,mRNA-1273,mRNA,Y,453,F,RBD,0.5
Y453F,mRNA-1273,mRNA,Y,453,F,RBD,0.6
Y453F,mRNA-1273,mRNA,Y,453,F,RBD,0.9
Y453F,mRNA-1273,mRNA,Y,453,F,RBD,0.5
Y453F,mRNA-1273,mRNA,Y,453,F,RBD,0.5
Y453F,mRNA-1273,mRNA,Y,453,F,RBD,0.8
Y453F,mRNA-1273,mRNA,Y,453,F,RBD,0.7
Y453F,mRNA-1273,mRNA,Y,453,F,RBD,0.4
Y453F,mRNA-1273,mRNA,Y,453,F,RBD,0.6
Y453F,mRNA-1273,mRNA,Y,453,F,RBD,0.9
Y453F,mRNA-1273,mRNA,Y,453,F,RBD,0.9
Y453F,mRNA-1273,mRNA,Y,453,F,RBD,0.9
Y453F,mRNA-1273,mRNA,Y,453,F,RBD,0.8
F456A,mRNA-1273,mRNA,F,456,A,RBD,6.5
F456A,mRNA-1273,mRNA,F,456,A,RBD,4.9
F456A,mRNA-1273,mRNA,F,456,A,RBD,2.3
F456A,mRNA-1273,mRNA,F,456,A,RBD,5.8
F456A,mRNA-1273,mRNA,F,456,A,RBD,5.6
F456A,mRNA-1273,mRNA,F,456,A,RBD,3.8
K458R,BNT162b2,mRNA,K,458,R,RBD,0.8
K458R,BNT162b2,mRNA,K,458,R,RBD,0.8
K458R,BNT162b2,mRNA,K,458,R,RBD,0.8
K458R,BNT162b2,mRNA,K,458,R,RBD,0.8
K458R,BNT162b2,mRNA,K,458,R,RBD,0.8
K458R,BNT162b2,mRNA,K,458,R,RBD,1.0
K458R,BNT162b2,mRNA,K,458,R,RBD,1.0
K458R,BNT162b2,mRNA,K,458,R,RBD,1.0
K458R,BNT162b2,mRNA,K,458,R,RBD,1.0
K458R,BNT162b2,mRNA,K,458,R,RBD,1.0
I472V,BNT162b2,mRNA,I,472,V,RBD,1.4
I472V,BNT162b2,mRNA,I,472,V,RBD,1.4
I472V,BNT162b2,mRNA,I,472,V,RBD,1.4
I472V,BNT162b2,mRNA,I,472,V,RBD,1.4
I472V,BNT162b2,mRNA,I,472,V,RBD,1.4
I472V,BNT162b2,mRNA,I,472,V,RBD,1.8
I472V,BNT162b2,mRNA,I,472,V,RBD,1.8
I472V,BNT162b2,mRNA,I,472,V,RBD,1.8
I472V,BNT162b2,mRNA,I,472,V,RBD,1.8
I472V,BNT162b2,mRNA,I,472,V,RBD,1.8
A475V,BNT162b2,mRNA,A,475,V,RBD,1.1
A475V,BNT162b2,mRNA,A,475,V,RBD,1.2
A475V,BNT162b2,mRNA,A,475,V,RBD,1.3
A475V,BNT162b2,mRNA,A,475,V,RBD,0.9
A475V,mRNA-1273,mRNA,A,475,V,RBD,1.3
A475V,mRNA-1273,mRNA,A,475,V,RBD,0.5
A475V,mRNA-1273,mRNA,A,475,V,RBD,0.8
A475V,mRNA-1273,mRNA,A,475,V,RBD,0.9
A475V,mRNA-1273,mRNA,A,475,V,RBD,0.8
A475V,mRNA-1273,mRNA,A,475,V,RBD,0.7
A475V,mRNA-1273,mRNA,A,475,V,RBD,0.9
A475V,mRNA-1273,mRNA,A,475,V,RBD,1.1
A475V,mRNA-1273,mRNA,A,475,V,RBD,1.2
A475V,mRNA-1273,mRNA,A,475,V,RBD,1.2
A475V,mRNA-1273,mRNA,A,475,V,RBD,1.0
G476S,BNT162b2,mRNA,G,476,S,RBD,0.8
G476S,BNT162b2,mRNA,G,476,S,RBD,0.8
G476S,BNT162b2,mRNA,G,476,S,RBD,0.8
G476S,BNT162b2,mRNA,G,476,S,RBD,0.8
G476S,BNT162b2,mRNA,G,476,S,RBD,0.8
G476S,BNT162b2,mRNA,G,476,S,RBD,0.7
G476S,BNT162b2,mRNA,G,476,S,RBD,0.7
G476S,BNT162b2,mRNA,G,476,S,RBD,0.7
G476S,BNT162b2,mRNA,G,476,S,RBD,0.7
G476S,BNT162b2,mRNA,G,476,S,RBD,0.7
S477N,BNT162b2,mRNA,S,477,N,RBD,1.9
S477N,BNT162b2,mRNA,S,477,N,RBD,1.9
S477N,BNT162b2,mRNA,S,477,N,RBD,1.9
S477N,BNT162b2,mRNA,S,477,N,RBD,1.9
S477N,BNT162b2,mRNA,S,477,N,RBD,1.9
S477N,BNT162b2,mRNA,S,477,N,RBD,1.6
S477N,BNT162b2,mRNA,S,477,N,RBD,1.2
S477N,BNT162b2,mRNA,S,477,N,RBD,0.9
S477N,BNT162b2,mRNA,S,477,N,RBD,1.1
S477N,BNT162b2,mRNA,S,477,N,RBD,1.5
S477R,BNT162b2,mRNA,S,477,R,RBD,0.6
S477R,BNT162b2,mRNA,S,477,R,RBD,0.9
S477R,BNT162b2,mRNA,S,477,R,RBD,0.8
S477R,BNT162b2,mRNA,S,477,R,RBD,0.7
S477R,mRNA-1273,mRNA,S,477,R,RBD,0.8
S477R,mRNA-1273,mRNA,S,477,R,RBD,0.5
S477R,mRNA-1273,mRNA,S,477,R,RBD,0.7
S477R,mRNA-1273,mRNA,S,477,R,RBD,0.8
S477R,mRNA-1273,mRNA,S,477,R,RBD,0.6
S477R,mRNA-1273,mRNA,S,477,R,RBD,0.5
S477R,mRNA-1273,mRNA,S,477,R,RBD,0.5
S477R,mRNA-1273,mRNA,S,477,R,RBD,0.8
S477R,mRNA-1273,mRNA,S,477,R,RBD,0.9
S477R,mRNA-1273,mRNA,S,477,R,RBD,0.9
S477R,mRNA-1273,mRNA,S,477,R,RBD,1.0
T478K,BNT162b2,mRNA,T,478,K,RBD,1.3
T478K,BNT162b2,mRNA,T,478,K,RBD,0.6
T478K,BNT162b2,mRNA,T,478,K,RBD,0.3
T478K,BNT162b2,mRNA,T,478,K,RBD,0.9
T478K,BNT162b2,mRNA,T,478,K,RBD,3.3
T478K,BNT162b2,mRNA,T,478,K,RBD,2.7
T478K,BNT162b2,mRNA,T,478,K,RBD,3.5
T478K,BNT162b2,mRNA,T,478,K,RBD,0.9
T478K,BNT162b2,mRNA,T,478,K,RBD,1.1
T478K,BNT162b2,mRNA,T,478,K,RBD,0.9
T478K,BNT162b2,mRNA,T,478,K,RBD,1.4
T478K,BNT162b2,mRNA,T,478,K,RBD,3.3
T478K,BNT162b2,mRNA,T,478,K,RBD,3.4
T478K,BNT162b2,mRNA,T,478,K,RBD,1.9
T478K,BNT162b2,mRNA,T,478,K,RBD,1.3
T478K,mRNA-1273,mRNA,T,478,K,RBD,0.9
T478K,mRNA-1273,mRNA,T,478,K,RBD,1.3
T478K,mRNA-1273,mRNA,T,478,K,RBD,1.5
T478K,mRNA-1273,mRNA,T,478,K,RBD,0.8
T478K,mRNA-1273,mRNA,T,478,K,RBD,0.8
T478K,mRNA-1273,mRNA,T,478,K,RBD,1.0
V483A,BNT162b2,mRNA,V,483,A,RBD,0.8
V483A,BNT162b2,mRNA,V,483,A,RBD,0.8
V483A,BNT162b2,mRNA,V,483,A,RBD,0.8
V483A,BNT162b2,mRNA,V,483,A,RBD,0.8
V483A,BNT162b2,mRNA,V,483,A,RBD,0.8
V483A,BNT162b2,mRNA,V,483,A,RBD,1.7
V483A,BNT162b2,mRNA,V,483,A,RBD,1.7
V483A,BNT162b2,mRNA,V,483,A,RBD,1.7
V483A,BNT162b2,mRNA,V,483,A,RBD,1.7
V483A,BNT162b2,mRNA,V,483,A,RBD,1.7
E484G,BNT162b2,mRNA,E,484,G,RBD,1.8
E484K,BNT162b2,mRNA,E,484,K,RBD,1.7
E484K,BNT162b2,mRNA,E,484,K,RBD,29.1
E484K,BNT162b2,mRNA,E,484,K,RBD,2.2
E484K,BNT162b2,mRNA,E,484,K,RBD,2.6
E484K,BNT162b2,mRNA,E,484,K,RBD,0.9
E484K,BNT162b2,mRNA,E,484,K,RBD,1.0
E484K,BNT162b2,mRNA,E,484,K,RBD,2.1
E484K,BNT162b2,mRNA,E,484,K,RBD,1.2
E484K,BNT162b2,mRNA,E,484,K,RBD,1.7
E484K,BNT162b2,mRNA,E,484,K,RBD,6.4
E484K,BNT162b2,mRNA,E,484,K,RBD,1.9
E484K,BNT162b2,mRNA,E,484,K,RBD,3.2
E484K,BNT162b2,mRNA,E,484,K,RBD,9.6
E484K,BNT162b2,mRNA,E,484,K,RBD,3.0
E484K,BNT162b2,mRNA,E,484,K,RBD,1.0
E484K,BNT162b2,mRNA,E,484,K,RBD,1.5
E484K,BNT162b2,mRNA,E,484,K,RBD,3.9
E484K,BNT162b2,mRNA,E,484,K,RBD,3.2
E484K,BNT162b2,mRNA,E,484,K,RBD,2.8
E484K,BNT162b2,mRNA,E,484,K,RBD,2.4
E484K,BNT162b2,mRNA,E,484,K,RBD,1.9
E484K,BNT162b2,mRNA,E,484,K,RBD,1.7
E484K,BNT162b2,mRNA,E,484,K,RBD,2.9
E484K,BNT162b2,mRNA,E,484,K,RBD,7.2
E484K,BNT162b2,mRNA,E,484,K,RBD,3.2
E484K,BNT162b2,mRNA,E,484,K,RBD,3.9
E484K,BNT162b2,mRNA,E,484,K,RBD,1.7
E484K,BNT162b2,mRNA,E,484,K,RBD,2.9
E484K,BNT162b2,mRNA,E,484,K,RBD,4.6
E484K,BNT162b2,mRNA,E,484,K,RBD,1.7
E484K,BNT162b2,mRNA,E,484,K,RBD,2.6
E484K,BNT162b2,mRNA,E,484,K,RBD,1.9
E484K,BNT162b2,mRNA,E,484,K,RBD,1.4
E484K,BNT162b2,mRNA,E,484,K,RBD,2.1
E484K,BNT162b2,mRNA,E,484,K,RBD,8.7
E484K,BNT162b2,mRNA,E,484,K,RBD,4.4
E484K,BNT162b2,mRNA,E,484,K,RBD,5.0
E484K,BNT162b2,mRNA,E,484,K,RBD,0.9
E484K,BNT162b2,mRNA,E,484,K,RBD,3.0
E484K,BNT162b2,mRNA,E,484,K,RBD,3.7
E484K,BNT162b2,mRNA,E,484,K,RBD,3.6
E484K,BNT162b2,mRNA,E,484,K,RBD,7.2
E484K,BNT162b2,mRNA,E,484,K,RBD,2.9
E484K,BNT162b2,mRNA,E,484,K,RBD,5.2
E484K,BNT162b2,mRNA,E,484,K,RBD,4.3
E484K,BNT162b2,mRNA,E,484,K,RBD,2.6
E484K,BNT162b2,mRNA,E,484,K,RBD,2.3
E484K,BNT162b2,mRNA,E,484,K,RBD,2.6
E484K,BNT162b2,mRNA,E,484,K,RBD,3.3
E484K,BNT162b2,mRNA,E,484,K,RBD,4.7
E484K,BNT162b2,mRNA,E,484,K,RBD,2.3
E484K,BNT162b2,mRNA,E,484,K,RBD,5.6
E484K,BNT162b2,mRNA,E,484,K,RBD,3.8
E484K,BNT162b2,mRNA,E,484,K,RBD,2.3
E484K,BNT162b2,mRNA,E,484,K,RBD,2.0
E484K,BNT162b2,mRNA,E,484,K,RBD,9.7
E484K,BNT162b2,mRNA,E,484,K,RBD,9.0
E484K,BNT162b2,mRNA,E,484,K,RBD,5.7
E484K,BNT162b2,mRNA,E,484,K,RBD,1.2
E484K,BNT162b2,mRNA,E,484,K,RBD,12.1
E484K,BNT162b2,mRNA,E,484,K,RBD,2.6
E484K,BNT162b2,mRNA,E,484,K,RBD,4.9
E484K,BNT162b2,mRNA,E,484,K,RBD,10.3
E484K,BNT162b2,mRNA,E,484,K,RBD,3.4
E484K,BNT162b2,mRNA,E,484,K,RBD,4.9
E484K,BNT162b2,mRNA,E,484,K,RBD,4.8
E484K,BNT162b2,mRNA,E,484,K,RBD,1.9
E484K,BNT162b2,mRNA,E,484,K,RBD,2.7
E484K,BNT162b2,mRNA,E,484,K,RBD,2.1
E484K,BNT162b2,mRNA,E,484,K,RBD,1.6
E484K,BNT162b2,mRNA,E,484,K,RBD,2.9
E484K,BNT162b2,mRNA,E,484,K,RBD,11.3
E484K,BNT162b2,mRNA,E,484,K,RBD,3.3
E484K,BNT162b2,mRNA,E,484,K,RBD,3.2
E484K,BNT162b2,mRNA,E,484,K,RBD,3.1
E484K,BNT162b2,mRNA,E,484,K,RBD,1.8
E484K,Sputnik V,Viral vector,E,484,K,RBD,16.9
E484K,Sputnik V,Viral vector,E,484,K,RBD,1.1
E484K,Sputnik V,Viral vector,E,484,K,RBD,0.8
E484K,Sputnik V,Viral vector,E,484,K,RBD,0.1
E484K,Sputnik V,Viral vector,E,484,K,RBD,0.2
E484K,Sputnik V,Viral vector,E,484,K,RBD,8.4
E484K,Sputnik V,Viral vector,E,484,K,RBD,10.0
E484K,Sputnik V,Viral vector,E,484,K,RBD,0.9
E484K,Sputnik V,Viral vector,E,484,K,RBD,4.6
E484K,Sputnik V,Viral vector,E,484,K,RBD,4.6
E484K,Sputnik V,Viral vector,E,484,K,RBD,0.8
E484K,Sputnik V,Viral vector,E,484,K,RBD,23.0
E484K,mRNA-1273,mRNA,E,484,K,RBD,2.5
E484K,mRNA-1273,mRNA,E,484,K,RBD,2.8
E484K,mRNA-1273,mRNA,E,484,K,RBD,2.6
E484K,mRNA-1273,mRNA,E,484,K,RBD,3.9
E484K,mRNA-1273,mRNA,E,484,K,RBD,2.8
E484K,mRNA-1273,mRNA,E,484,K,RBD,3.1
E484K,mRNA-1273,mRNA,E,484,K,RBD,4.9
E484K,mRNA-1273,mRNA,E,484,K,RBD,3.5
E484K,mRNA-1273,mRNA,E,484,K,RBD,1.6
E484K,mRNA-1273,mRNA,E,484,K,RBD,1.8
E484K,mRNA-1273,mRNA,E,484,K,RBD,2.5
E484K,mRNA-1273,mRNA,E,484,K,RBD,6.0
E484K,mRNA-1273,mRNA,E,484,K,RBD,2.7
E484K,mRNA-1273,mRNA,E,484,K,RBD,2.0
E484K,mRNA-1273,mRNA,E,484,K,RBD,2.3
E484K,mRNA-1273,mRNA,E,484,K,RBD,3.9
E484K,mRNA-1273,mRNA,E,484,K,RBD,1.4
E484K,mRNA-1273,mRNA,E,484,K,RBD,2.3
E484K,mRNA-1273,mRNA,E,484,K,RBD,1.8
E484K,mRNA-1273,mRNA,E,484,K,RBD,3.9
E484K,mRNA-1273,mRNA,E,484,K,RBD,3.1
E484K,mRNA-1273,mRNA,E,484,K,RBD,3.1
E484K,mRNA-1273,mRNA,E,484,K,RBD,2.0
E484K,mRNA-1273,mRNA,E,484,K,RBD,3.5
E484K,mRNA-1273,mRNA,E,484,K,RBD,2.6
E484K,mRNA-1273,mRNA,E,484,K,RBD,3.0
E484K,mRNA-1273,mRNA,E,484,K,RBD,1.9
E484K,mRNA-1273,mRNA,E,484,K,RBD,2.2
E484K,mRNA-1273,mRNA,E,484,K,RBD,2.7
E484K,mRNA-1273,mRNA,E,484,K,RBD,1.9
E484K,mRNA-1273,mRNA,E,484,K,RBD,2.9
E484K,mRNA-1273,mRNA,E,484,K,RBD,2.8
E484K,mRNA-1273,mRNA,E,484,K,RBD,1.2
E484K,mRNA-1273,mRNA,E,484,K,RBD,4.2
E484K,mRNA-1273,mRNA,E,484,K,RBD,1.8
E484K,mRNA-1273,mRNA,E,484,K,RBD,2.6
E484K,mRNA-1273,mRNA,E,484,K,RBD,1.6
E484K,mRNA-1273,mRNA,E,484,K,RBD,1.8
E484K,mRNA-1273,mRNA,E,484,K,RBD,1.3
E484K,mRNA-1273,mRNA,E,484,K,RBD,1.7
E484K,mRNA-1273,mRNA,E,484,K,RBD,0.9
E484K,mRNA-1273,mRNA,E,484,K,RBD,0.8
E484K,mRNA-1273,mRNA,E,484,K,RBD,1.2
E484K,mRNA-1273,mRNA,E,484,K,RBD,2.3
E484K,mRNA-1273,mRNA,E,484,K,RBD,1.9
E484K,mRNA-1273,mRNA,E,484,K,RBD,1.6
E484K,mRNA-1273,mRNA,E,484,K,RBD,1.0
E484K,mRNA-1273,mRNA,E,484,K,RBD,1.6
E484K,mRNA-1273,mRNA,E,484,K,RBD,1.2
E484K,mRNA-1273,mRNA,E,484,K,RBD,2.1
E484K,mRNA-1273,mRNA,E,484,K,RBD,2.8
E484K,mRNA-1273,mRNA,E,484,K,RBD,1.3
E484K,mRNA-1273,mRNA,E,484,K,RBD,0.8
E484K,mRNA-1273,mRNA,E,484,K,RBD,0.9
E484K,mRNA-1273,mRNA,E,484,K,RBD,1.1
E484K,mRNA-1273,mRNA,E,484,K,RBD,1.3
E484K,mRNA-1273,mRNA,E,484,K,RBD,1.2
E484K,mRNA-1273,mRNA,E,484,K,RBD,1.3
E484K,mRNA-1273,mRNA,E,484,K,RBD,1.4
E484K,mRNA-1273,mRNA,E,484,K,RBD,1.6
E484K,mRNA-1273,mRNA,E,484,K,RBD,1.0
E484K,mRNA-1273,mRNA,E,484,K,RBD,1.7
E484K,mRNA-1273,mRNA,E,484,K,RBD,1.6
E484K,mRNA-1273,mRNA,E,484,K,RBD,1.7
E484K,mRNA-1273,mRNA,E,484,K,RBD,0.9
E484K,mRNA-1273,mRNA,E,484,K,RBD,0.9
E484K,mRNA-1273,mRNA,E,484,K,RBD,1.9
E484K,mRNA-1273,mRNA,E,484,K,RBD,1.1
E484K,mRNA-1273,mRNA,E,484,K,RBD,0.9
E484K,mRNA-1273,mRNA,E,484,K,RBD,0.8
E484K,mRNA-1273,mRNA,E,484,K,RBD,0.8
E484K,mRNA-1273,mRNA,E,484,K,RBD,1.4
E484K,mRNA-1273,mRNA,E,484,K,RBD,2.3
E484K,mRNA-1273,mRNA,E,484,K,RBD,3.2
E484K,mRNA-1273,mRNA,E,484,K,RBD,1.8
E484K,mRNA-1273,mRNA,E,484,K,RBD,2.9
E484K,mRNA-1273,mRNA,E,484,K,RBD,4.4
E484K,mRNA-1273,mRNA,E,484,K,RBD,2.0
E484K,mRNA-1273,mRNA,E,484,K,RBD,3.5
E484K,mRNA-1273,mRNA,E,484,K,RBD,4.3
E484K,mRNA-1273,mRNA,E,484,K,RBD,8.6
E484K,mRNA-1273,mRNA,E,484,K,RBD,3.0
E484K,mRNA-1273,mRNA,E,484,K,RBD,2.6
E484K,mRNA-1273,mRNA,E,484,K,RBD,3.2
E484K,mRNA-1273,mRNA,E,484,K,RBD,1.8
E484K,mRNA-1273,mRNA,E,484,K,RBD,2.3
E484K,mRNA-1273,mRNA,E,484,K,RBD,3.9
E484K,mRNA-1273,mRNA,E,484,K,RBD,4.0
E484K,mRNA-1273,mRNA,E,484,K,RBD,1.4
E484K,mRNA-1273,mRNA,E,484,K,RBD,2.8
E484K,mRNA-1273,mRNA,E,484,K,RBD,1.3
E484K,mRNA-1273,mRNA,E,484,K,RBD,3.3
E484K,mRNA-1273,mRNA,E,484,K,RBD,2.2
E484P,mRNA-1273,mRNA,E,484,P,RBD,6.8
E484P,mRNA-1273,mRNA,E,484,P,RBD,4.6
E484P,mRNA-1273,mRNA,E,484,P,RBD,4.8
E484P,mRNA-1273,mRNA,E,484,P,RBD,6.5
E484P,mRNA-1273,mRNA,E,484,P,RBD,7.7
E484P,mRNA-1273,mRNA,E,484,P,RBD,5.1
E484Q,BNT162b2,mRNA,E,484,Q,RBD,1.4
E484Q,BNT162b2,mRNA,E,484,Q,RBD,12.2
E484Q,BNT162b2,mRNA,E,484,Q,RBD,2.6
E484Q,BNT162b2,mRNA,E,484,Q,RBD,2.4
E484Q,BNT162b2,mRNA,E,484,Q,RBD,0.8
E484Q,BNT162b2,mRNA,E,484,Q,RBD,1.8
E484Q,BNT162b2,mRNA,E,484,Q,RBD,1.3
E484Q,BNT162b2,mRNA,E,484,Q,RBD,1.8
E484Q,BNT162b2,mRNA,E,484,Q,RBD,1.6
E484Q,BNT162b2,mRNA,E,484,Q,RBD,11.4
E484Q,BNT162b2,mRNA,E,484,Q,RBD,3.6
E484Q,BNT162b2,mRNA,E,484,Q,RBD,7.5
E484Q,BNT162b2,mRNA,E,484,Q,RBD,15.9
E484Q,BNT162b2,mRNA,E,484,Q,RBD,6.3
E484Q,BNT162b2,mRNA,E,484,Q,RBD,0.4
E484Q,BNT162b2,mRNA,E,484,Q,RBD,1.4
E484Q,BNT162b2,mRNA,E,484,Q,RBD,7.3
E484Q,BNT162b2,mRNA,E,484,Q,RBD,5.2
E484Q,BNT162b2,mRNA,E,484,Q,RBD,2.6
E484Q,BNT162b2,mRNA,E,484,Q,RBD,2.0
E484Q,BNT162b2,mRNA,E,484,Q,RBD,1.0
E484Q,BNT162b2,mRNA,E,484,Q,RBD,2.1
E484Q,BNT162b2,mRNA,E,484,Q,RBD,0.9
E484Q,BNT162b2,mRNA,E,484,Q,RBD,2.7
E484Q,BNT162b2,mRNA,E,484,Q,RBD,1.6
E484Q,BNT162b2,mRNA,E,484,Q,RBD,2.1
E484Q,BNT162b2,mRNA,E,484,Q,RBD,1.5
E484Q,BNT162b2,mRNA,E,484,Q,RBD,1.9
E484Q,BNT162b2,mRNA,E,484,Q,RBD,2.8
E484Q,BNT162b2,mRNA,E,484,Q,RBD,1.6
E484Q,BNT162b2,mRNA,E,484,Q,RBD,1.7
E484Q,BNT162b2,mRNA,E,484,Q,RBD,1.2
E484Q,BNT162b2,mRNA,E,484,Q,RBD,0.9
E484Q,BNT162b2,mRNA,E,484,Q,RBD,1.7
E484Q,BNT162b2,mRNA,E,484,Q,RBD,2.2
E484Q,BNT162b2,mRNA,E,484,Q,RBD,1.9
E484Q,BNT162b2,mRNA,E,484,Q,RBD,2.0
E484Q,BNT162b2,mRNA,E,484,Q,RBD,2.7
E484Q,BNT162b2,mRNA,E,484,Q,RBD,5.3
E484Q,BNT162b2,mRNA,E,484,Q,RBD,2.6
E484Q,mRNA-1273,mRNA,E,484,Q,RBD,6.7
E484Q,mRNA-1273,mRNA,E,484,Q,RBD,2.8
E484Q,mRNA-1273,mRNA,E,484,Q,RBD,5.2
F490L,BNT162b2,mRNA,F,490,L,RBD,1.2
F490S,BNT162b2,mRNA,F,490,S,RBD,1.2
F490S,BNT162b2,mRNA,F,490,S,RBD,1.2
F490S,BNT162b2,mRNA,F,490,S,RBD,2.1
F490S,BNT162b2,mRNA,F,490,S,RBD,1.1
F490S,BNT162b2,mRNA,F,490,S,RBD,1.3
F490S,BNT162b2,mRNA,F,490,S,RBD,2.0
F490S,BNT162b2,mRNA,F,490,S,RBD,5.8
F490S,BNT162b2,mRNA,F,490,S,RBD,1.1
F490S,BNT162b2,mRNA,F,490,S,RBD,0.7
F490S,BNT162b2,mRNA,F,490,S,RBD,1.2
F490S,BNT162b2,mRNA,F,490,S,RBD,1.2
F490S,BNT162b2,mRNA,F,490,S,RBD,0.9
F490S,BNT162b2,mRNA,F,490,S,RBD,1.6
F490S,BNT162b2,mRNA,F,490,S,RBD,1.3
F490S,BNT162b2,mRNA,F,490,S,RBD,2.1
F490S,BNT162b2,mRNA,F,490,S,RBD,1.7
F490S,BNT162b2,mRNA,F,490,S,RBD,1.6
F490S,BNT162b2,mRNA,F,490,S,RBD,0.7
F490S,BNT162b2,mRNA,F,490,S,RBD,2.4
F490S,BNT162b2,mRNA,F,490,S,RBD,2.2
F490S,BNT162b2,mRNA,F,490,S,RBD,3.4
F490S,BNT162b2,mRNA,F,490,S,RBD,3.3
F490S,BNT162b2,mRNA,F,490,S,RBD,3.8
F490S,BNT162b2,mRNA,F,490,S,RBD,3.3
F490S,BNT162b2,mRNA,F,490,S,RBD,1.1
F490S,BNT162b2,mRNA,F,490,S,RBD,3.1
F490S,BNT162b2,mRNA,F,490,S,RBD,2.6
F490S,BNT162b2,mRNA,F,490,S,RBD,7.4
F490S,BNT162b2,mRNA,F,490,S,RBD,8.9
F490S,BNT162b2,mRNA,F,490,S,RBD,2.4
F490S,BNT162b2,mRNA,F,490,S,RBD,2.7
F490S,BNT162b2,mRNA,F,490,S,RBD,2.2
F490S,BNT162b2,mRNA,F,490,S,RBD,2.9
F490S,BNT162b2,mRNA,F,490,S,RBD,2.4
F490S,BNT162b2,mRNA,F,490,S,RBD,2.2
F490S,BNT162b2,mRNA,F,490,S,RBD,3.4
F490S,BNT162b2,mRNA,F,490,S,RBD,3.3
F490S,BNT162b2,mRNA,F,490,S,RBD,3.8
F490S,BNT162b2,mRNA,F,490,S,RBD,3.3
F490S,BNT162b2,mRNA,F,490,S,RBD,1.1
F490S,BNT162b2,mRNA,F,490,S,RBD,3.1
F490S,BNT162b2,mRNA,F,490,S,RBD,2.6
F490S,BNT162b2,mRNA,F,490,S,RBD,7.3
F490S,BNT162b2,mRNA,F,490,S,RBD,8.8
F490S,BNT162b2,mRNA,F,490,S,RBD,2.4
F490S,BNT162b2,mRNA,F,490,S,RBD,2.7
F490S,BNT162b2,mRNA,F,490,S,RBD,2.2
F490S,BNT162b2,mRNA,F,490,S,RBD,2.9
F490S,mRNA-1273,mRNA,F,490,S,RBD,1.6
F490S,mRNA-1273,mRNA,F,490,S,RBD,1.8
F490S,mRNA-1273,mRNA,F,490,S,RBD,1.7
F490S,mRNA-1273,mRNA,F,490,S,RBD,2.3
F490S,mRNA-1273,mRNA,F,490,S,RBD,2.5
F490S,mRNA-1273,mRNA,F,490,S,RBD,2.4
F490S,mRNA-1273,mRNA,F,490,S,RBD,1.6
F490S,mRNA-1273,mRNA,F,490,S,RBD,1.8
F490S,mRNA-1273,mRNA,F,490,S,RBD,1.7
F490S,mRNA-1273,mRNA,F,490,S,RBD,2.2
F490S,mRNA-1273,mRNA,F,490,S,RBD,2.4
F490S,mRNA-1273,mRNA,F,490,S,RBD,2.4
S494P,BNT162b2,mRNA,S,494,P,RBD,1.0
S494P,BNT162b2,mRNA,S,494,P,RBD,1.0
S494P,BNT162b2,mRNA,S,494,P,RBD,1.2
S494P,BNT162b2,mRNA,S,494,P,RBD,0.9
S494P,BNT162b2,mRNA,S,494,P,RBD,1.0
S494P,BNT162b2,mRNA,S,494,P,RBD,1.4
S494P,BNT162b2,mRNA,S,494,P,RBD,0.6
S494P,BNT162b2,mRNA,S,494,P,RBD,0.9
S494P,BNT162b2,mRNA,S,494,P,RBD,1.0
S494P,BNT162b2,mRNA,S,494,P,RBD,0.9
S494P,BNT162b2,mRNA,S,494,P,RBD,0.6
S494P,BNT162b2,mRNA,S,494,P,RBD,2.2
S494P,BNT162b2,mRNA,S,494,P,RBD,2.5
S494P,BNT162b2,mRNA,S,494,P,RBD,1.1
S494P,BNT162b2,mRNA,S,494,P,RBD,0.9
S494P,BNT162b2,mRNA,S,494,P,RBD,1.8
N501Y,BNT162b2,mRNA,N,501,Y,RBD,1.1
N501Y,BNT162b2,mRNA,N,501,Y,RBD,1.1
N501Y,BNT162b2,mRNA,N,501,Y,RBD,1.7
N501Y,BNT162b2,mRNA,N,501,Y,RBD,1.0
N501Y,BNT162b2,mRNA,N,501,Y,RBD,1.6
N501Y,BNT162b2,mRNA,N,501,Y,RBD,1.1
N501Y,BNT162b2,mRNA,N,501,Y,RBD,1.3
N501Y,BNT162b2,mRNA,N,501,Y,RBD,2.0
N501Y,BNT162b2,mRNA,N,501,Y,RBD,1.7
N501Y,BNT162b2,mRNA,N,501,Y,RBD,1.8
N501Y,BNT162b2,mRNA,N,501,Y,RBD,1.2
N501Y,BNT162b2,mRNA,N,501,Y,RBD,0.8
N501Y,BNT162b2,mRNA,N,501,Y,RBD,2.1
N501Y,BNT162b2,mRNA,N,501,Y,RBD,1.6
N501Y,BNT162b2,mRNA,N,501,Y,RBD,1.6
N501Y,BNT162b2,mRNA,N,501,Y,RBD,1.5
N501Y,BNT162b2,mRNA,N,501,Y,RBD,1.1
N501Y,BNT162b2,mRNA,N,501,Y,RBD,2.4
N501Y,BNT162b2,mRNA,N,501,Y,RBD,1.4
N501Y,BNT162b2,mRNA,N,501,Y,RBD,1.0
N501Y,BNT162b2,mRNA,N,501,Y,RBD,0.3
N501Y,BNT162b2,mRNA,N,501,Y,RBD,0.5
N501Y,BNT162b2,mRNA,N,501,Y,RBD,0.5
N501Y,BNT162b2,mRNA,N,501,Y,RBD,0.5
N501Y,BNT162b2,mRNA,N,501,Y,RBD,1.0
N501Y,BNT162b2,mRNA,N,501,Y,RBD,1.0
N501Y,BNT162b2,mRNA,N,501,Y,RBD,1.0
N501Y,BNT162b2,mRNA,N,501,Y,RBD,1.0
N501Y,BNT162b2,mRNA,N,501,Y,RBD,1.0
N501Y,BNT162b2,mRNA,N,501,Y,RBD,0.5
N501Y,BNT162b2,mRNA,N,501,Y,RBD,0.3
N501Y,BNT162b2,mRNA,N,501,Y,RBD,1.0
N501Y,BNT162b2,mRNA,N,501,Y,RBD,0.5
N501Y,BNT162b2,mRNA,N,501,Y,RBD,2.0
N501Y,BNT162b2,mRNA,N,501,Y,RBD,0.5
N501Y,BNT162b2,mRNA,N,501,Y,RBD,0.5
N501Y,BNT162b2,mRNA,N,501,Y,RBD,1.0
N501Y,BNT162b2,mRNA,N,501,Y,RBD,0.5
N501Y,BNT162b2,mRNA,N,501,Y,RBD,1.0
N501Y,BNT162b2,mRNA,N,501,Y,RBD,1.0
N501Y,mRNA-1273,mRNA,N,501,Y,RBD,0.9
N501Y,mRNA-1273,mRNA,N,501,Y,RBD,0.7
N501Y,mRNA-1273,mRNA,N,501,Y,RBD,0.9
N501Y,mRNA-1273,mRNA,N,501,Y,RBD,0.7
N501Y,mRNA-1273,mRNA,N,501,Y,RBD,1.3
N501Y,mRNA-1273,mRNA,N,501,Y,RBD,0.8
N501Y,mRNA-1273,mRNA,N,501,Y,RBD,0.9
N501Y,mRNA-1273,mRNA,N,501,Y,RBD,1.2
N501Y,mRNA-1273,mRNA,N,501,Y,RBD,1.0
N501Y,mRNA-1273,mRNA,N,501,Y,RBD,1.1
N501Y,mRNA-1273,mRNA,N,501,Y,RBD,0.9
N501Y,mRNA-1273,mRNA,N,501,Y,RBD,0.8
N501Y,mRNA-1273,mRNA,N,501,Y,RBD,0.7
N501Y,mRNA-1273,mRNA,N,501,Y,RBD,0.8
N501Y,mRNA-1273,mRNA,N,501,Y,RBD,0.6
N501Y,mRNA-1273,mRNA,N,501,Y,RBD,0.6
N501Y,mRNA-1273,mRNA,N,501,Y,RBD,0.7
N501Y,mRNA-1273,mRNA,N,501,Y,RBD,1.3
N501Y,mRNA-1273,mRNA,N,501,Y,RBD,0.8
N501Y,mRNA-1273,mRNA,N,501,Y,RBD,0.7
N501Y,mRNA-1273,mRNA,N,501,Y,RBD,1.4
N501Y,mRNA-1273,mRNA,N,501,Y,RBD,0.7
N501Y,mRNA-1273,mRNA,N,501,Y,RBD,0.7
N501Y,mRNA-1273,mRNA,N,501,Y,RBD,1.1
N501Y,mRNA-1273,mRNA,N,501,Y,RBD,1.1
N501Y,mRNA-1273,mRNA,N,501,Y,RBD,2.0
N501Y,mRNA-1273,mRNA,N,501,Y,RBD,1.3
N501Y,mRNA-1273,mRNA,N,501,Y,RBD,1.6
N501Y,mRNA-1273,mRNA,N,501,Y,RBD,1.3
N501Y,mRNA-1273,mRNA,N,501,Y,RBD,1.7
N501Y,mRNA-1273,mRNA,N,501,Y,RBD,2.5
N501Y,mRNA-1273,mRNA,N,501,Y,RBD,1.3
N501Y,mRNA-1273,mRNA,N,501,Y,RBD,1.4
N501Y,mRNA-1273,mRNA,N,501,Y,RBD,1.5
N501Y,mRNA-1273,mRNA,N,501,Y,RBD,1.5
N501Y,mRNA-1273,mRNA,N,501,Y,RBD,1.3
N501Y,mRNA-1273,mRNA,N,501,Y,RBD,0.7
N501Y,mRNA-1273,mRNA,N,501,Y,RBD,0.2
N501Y,mRNA-1273,mRNA,N,501,Y,RBD,0.3
N501Y,mRNA-1273,mRNA,N,501,Y,RBD,1.2
N501Y,mRNA-1273,mRNA,N,501,Y,RBD,0.9
N501Y,mRNA-1273,mRNA,N,501,Y,RBD,1.8
N501Y,mRNA-1273,mRNA,N,501,Y,RBD,0.6
N501Y,mRNA-1273,mRNA,N,501,Y,RBD,2.0
N501Y,mRNA-1273,mRNA,N,501,Y,RBD,0.5
N501Y,mRNA-1273,mRNA,N,501,Y,RBD,0.5
N501Y,mRNA-1273,mRNA,N,501,Y,RBD,2.0
N501Y,mRNA-1273,mRNA,N,501,Y,RBD,1.2
N501Y,mRNA-1273,mRNA,N,501,Y,RBD,0.9
Y508H,BNT162b2,mRNA,Y,508,H,RBD,1.5
Y508H,BNT162b2,mRNA,Y,508,H,RBD,1.5
Y508H,BNT162b2,mRNA,Y,508,H,RBD,1.5
Y508H,BNT162b2,mRNA,Y,508,H,RBD,1.5
Y508H,BNT162b2,mRNA,Y,508,H,RBD,1.5
Y508H,BNT162b2,mRNA,Y,508,H,RBD,1.9
Y508H,BNT162b2,mRNA,Y,508,H,RBD,1.9
Y508H,BNT162b2,mRNA,Y,508,H,RBD,1.9
Y508H,BNT162b2,mRNA,Y,508,H,RBD,1.9
Y508H,BNT162b2,mRNA,Y,508,H,RBD,1.9
H519P,BNT162b2,mRNA,H,519,P,RBD,0.5
H519P,BNT162b2,mRNA,H,519,P,RBD,0.5
H519P,BNT162b2,mRNA,H,519,P,RBD,0.5
H519P,BNT162b2,mRNA,H,519,P,RBD,0.5
H519P,BNT162b2,mRNA,H,519,P,RBD,0.5
H519P,BNT162b2,mRNA,H,519,P,RBD,1.7
H519P,BNT162b2,mRNA,H,519,P,RBD,1.7
H519P,BNT162b2,mRNA,H,519,P,RBD,1.7
H519P,BNT162b2,mRNA,H,519,P,RBD,1.7
H519P,BNT162b2,mRNA,H,519,P,RBD,1.7
A570D,BNT162b2,mRNA,A,570,D,CTD,0.8
A570D,BNT162b2,mRNA,A,570,D,CTD,0.7
A570D,BNT162b2,mRNA,A,570,D,CTD,0.7
A570D,BNT162b2,mRNA,A,570,D,CTD,0.4
A570D,BNT162b2,mRNA,A,570,D,CTD,0.8
A570D,BNT162b2,mRNA,A,570,D,CTD,0.8
A570D,BNT162b2,mRNA,A,570,D,CTD,0.6
A570D,BNT162b2,mRNA,A,570,D,CTD,0.9
A570D,BNT162b2,mRNA,A,570,D,CTD,1.2
A570D,BNT162b2,mRNA,A,570,D,CTD,0.7
A570D,mRNA-1273,mRNA,A,570,D,CTD,0.7
A570D,mRNA-1273,mRNA,A,570,D,CTD,0.7
A570D,mRNA-1273,mRNA,A,570,D,CTD,0.7
A570D,mRNA-1273,mRNA,A,570,D,CTD,0.6
A570D,mRNA-1273,mRNA,A,570,D,CTD,0.5
A570D,mRNA-1273,mRNA,A,570,D,CTD,0.8
A570D,mRNA-1273,mRNA,A,570,D,CTD,0.4
A570D,mRNA-1273,mRNA,A,570,D,CTD,0.6
A570D,mRNA-1273,mRNA,A,570,D,CTD,0.6
A570D,mRNA-1273,mRNA,A,570,D,CTD,0.5
A570D,mRNA-1273,mRNA,A,570,D,CTD,0.7
A570D,mRNA-1273,mRNA,A,570,D,CTD,1.0
P681H,BNT162b2,mRNA,P,681,H,CTD,0.8
P681H,BNT162b2,mRNA,P,681,H,CTD,0.8
P681H,BNT162b2,mRNA,P,681,H,CTD,1.3
P681H,BNT162b2,mRNA,P,681,H,CTD,0.9
P681H,BNT162b2,mRNA,P,681,H,CTD,1.1
P681H,BNT162b2,mRNA,P,681,H,CTD,1.1
P681H,BNT162b2,mRNA,P,681,H,CTD,1.0
P681H,BNT162b2,mRNA,P,681,H,CTD,2.1
P681H,BNT162b2,mRNA,P,681,H,CTD,1.3
P681H,BNT162b2,mRNA,P,681,H,CTD,1.0
P681H,mRNA-1273,mRNA,P,681,H,CTD,0.5
P681H,mRNA-1273,mRNA,P,681,H,CTD,1.1
P681H,mRNA-1273,mRNA,P,681,H,CTD,0.9
P681H,mRNA-1273,mRNA,P,681,H,CTD,0.9
P681H,mRNA-1273,mRNA,P,681,H,CTD,0.8
P681H,mRNA-1273,mRNA,P,681,H,CTD,1.7
P681H,mRNA-1273,mRNA,P,681,H,CTD,1.5
P681H,mRNA-1273,mRNA,P,681,H,CTD,1.5
P681H,mRNA-1273,mRNA,P,681,H,CTD,1.0
P681H,mRNA-1273,mRNA,P,681,H,CTD,0.9
P681H,mRNA-1273,mRNA,P,681,H,CTD,1.4
P681H,mRNA-1273,mRNA,P,681,H,CTD,1.0
P681R,BNT162b2,mRNA,P,681,R,CTD,1.5
P681R,BNT162b2,mRNA,P,681,R,CTD,1.0
P681R,BNT162b2,mRNA,P,681,R,CTD,0.9
P681R,BNT162b2,mRNA,P,681,R,CTD,0.8
P681R,BNT162b2,mRNA,P,681,R,CTD,1.4
P681R,BNT162b2,mRNA,P,681,R,CTD,1.2
P681R,mRNA-1273,mRNA,P,681,R,CTD,1.5
P681R,mRNA-1273,mRNA,P,681,R,CTD,1.8
P681R,mRNA-1273,mRNA,P,681,R,CTD,0.9
A701V,BNT162b2,mRNA,A,701,V,S2,1.2
A701V,BNT162b2,mRNA,A,701,V,S2,1.3
A701V,BNT162b2,mRNA,A,701,V,S2,1.2
A701V,BNT162b2,mRNA,A,701,V,S2,1.1
A701V,BNT162b2,mRNA,A,701,V,S2,2.1
A701V,BNT162b2,mRNA,A,701,V,S2,1.5
A701V,BNT162b2,mRNA,A,701,V,S2,1.4
A701V,BNT162b2,mRNA,A,701,V,S2,0.9
A701V,BNT162b2,mRNA,A,701,V,S2,2.2
A701V,BNT162b2,mRNA,A,701,V,S2,1.5
A701V,mRNA-1273,mRNA,A,701,V,S2,1.1
A701V,mRNA-1273,mRNA,A,701,V,S2,0.9
A701V,mRNA-1273,mRNA,A,701,V,S2,0.5
A701V,mRNA-1273,mRNA,A,701,V,S2,1.1
A701V,mRNA-1273,mRNA,A,701,V,S2,1.2
A701V,mRNA-1273,mRNA,A,701,V,S2,1.9
A701V,mRNA-1273,mRNA,A,701,V,S2,2.2
A701V,mRNA-1273,mRNA,A,701,V,S2,1.7
A701V,mRNA-1273,mRNA,A,701,V,S2,1.6
A701V,mRNA-1273,mRNA,A,701,V,S2,1.4
A701V,mRNA-1273,mRNA,A,701,V,S2,1.7
A701V,mRNA-1273,mRNA,A,701,V,S2,0.8
T716I,BNT162b2,mRNA,T,716,I,S2,0.6
T716I,BNT162b2,mRNA,T,716,I,S2,0.7
T716I,BNT162b2,mRNA,T,716,I,S2,0.8
T716I,BNT162b2,mRNA,T,716,I,S2,0.9
T716I,BNT162b2,mRNA,T,716,I,S2,0.9
T716I,BNT162b2,mRNA,T,716,I,S2,0.8
T716I,BNT162b2,mRNA,T,716,I,S2,0.9
T716I,BNT162b2,mRNA,T,716,I,S2,0.6
T716I,BNT162b2,mRNA,T,716,I,S2,0.9
T716I,BNT162b2,mRNA,T,716,I,S2,0.9
T716I,mRNA-1273,mRNA,T,716,I,S2,0.9
T716I,mRNA-1273,mRNA,T,716,I,S2,0.6
T716I,mRNA-1273,mRNA,T,716,I,S2,0.8
T716I,mRNA-1273,mRNA,T,716,I,S2,0.7
T716I,mRNA-1273,mRNA,T,716,I,S2,1.1
T716I,mRNA-1273,mRNA,T,716,I,S2,1.1
T716I,mRNA-1273,mRNA,T,716,I,S2,0.6
T716I,mRNA-1273,mRNA,T,716,I,S2,0.8
T716I,mRNA-1273,mRNA,T,716,I,S2,0.8
T716I,mRNA-1273,mRNA,T,716,I,S2,0.6
T716I,mRNA-1273,mRNA,T,716,I,S2,0.9
T716I,mRNA-1273,mRNA,T,716,I,S2,1.0
T859N,BNT162b2,mRNA,T,859,N,S2,0.9
T859N,BNT162b2,mRNA,T,859,N,S2,2.2
T859N,BNT162b2,mRNA,T,859,N,S2,1.2
T859N,BNT162b2,mRNA,T,859,N,S2,1.4
T859N,BNT162b2,mRNA,T,859,N,S2,1.2
T859N,BNT162b2,mRNA,T,859,N,S2,1.6
T859N,BNT162b2,mRNA,T,859,N,S2,1.3
T859N,BNT162b2,mRNA,T,859,N,S2,0.4
T859N,BNT162b2,mRNA,T,859,N,S2,0.7
T859N,BNT162b2,mRNA,T,859,N,S2,0.5
T859N,BNT162b2,mRNA,T,859,N,S2,1.6
T859N,BNT162b2,mRNA,T,859,N,S2,0.6
T859N,BNT162b2,mRNA,T,859,N,S2,0.8
T859N,BNT162b2,mRNA,T,859,N,S2,1.1
T859N,BNT162b2,mRNA,T,859,N,S2,2.0
T859N,BNT162b2,mRNA,T,859,N,S2,0.9
T859N,BNT162b2,mRNA,T,859,N,S2,0.7
T859N,BNT162b2,mRNA,T,859,N,S2,0.6
T859N,BNT162b2,mRNA,T,859,N,S2,0.8
T859N,BNT162b2,mRNA,T,859,N,S2,1.0
T859N,BNT162b2,mRNA,T,859,N,S2,0.7
T859N,BNT162b2,mRNA,T,859,N,S2,0.6
T859N,BNT162b2,mRNA,T,859,N,S2,0.9
T859N,BNT162b2,mRNA,T,859,N,S2,1.4
T859N,BNT162b2,mRNA,T,859,N,S2,1.0
T859N,BNT162b2,mRNA,T,859,N,S2,0.6
T859N,BNT162b2,mRNA,T,859,N,S2,0.8
T859N,BNT162b2,mRNA,T,859,N,S2,0.7
T859N,BNT162b2,mRNA,T,859,N,S2,1.3
T859N,BNT162b2,mRNA,T,859,N,S2,1.0
T859N,BNT162b2,mRNA,T,859,N,S2,1.0
T859N,BNT162b2,mRNA,T,859,N,S2,1.0
T859N,BNT162b2,mRNA,T,859,N,S2,0.9
T859N,BNT162b2,mRNA,T,859,N,S2,0.8
T859N,BNT162b2,mRNA,T,859,N,S2,1.0
T859N,BNT162b2,mRNA,T,859,N,S2,0.7
T859N,BNT162b2,mRNA,T,859,N,S2,0.6
T859N,BNT162b2,mRNA,T,859,N,S2,0.9
T859N,BNT162b2,mRNA,T,859,N,S2,1.4
T859N,BNT162b2,mRNA,T,859,N,S2,1.0
T859N,BNT162b2,mRNA,T,859,N,S2,0.6
T859N,BNT162b2,mRNA,T,859,N,S2,0.8
T859N,BNT162b2,mRNA,T,859,N,S2,0.7
T859N,BNT162b2,mRNA,T,859,N,S2,1.3
T859N,BNT162b2,mRNA,T,859,N,S2,1.0
T859N,BNT162b2,mRNA,T,859,N,S2,1.0
T859N,BNT162b2,mRNA,T,859,N,S2,1.0
T859N,BNT162b2,mRNA,T,859,N,S2,0.9
T859N,mRNA-1273,mRNA,T,859,N,S2,1.3
T859N,mRNA-1273,mRNA,T,859,N,S2,0.9
T859N,mRNA-1273,mRNA,T,859,N,S2,1.4
T859N,mRNA-1273,mRNA,T,859,N,S2,0.8
T859N,mRNA-1273,mRNA,T,859,N,S2,0.8
T859N,mRNA-1273,mRNA,T,859,N,S2,0.9
T859N,mRNA-1273,mRNA,T,859,N,S2,1.3
T859N,mRNA-1273,mRNA,T,859,N,S2,0.9
T859N,mRNA-1273,mRNA,T,859,N,S2,1.3
T859N,mRNA-1273,mRNA,T,859,N,S2,0.8
T859N,mRNA-1273,mRNA,T,859,N,S2,0.8
T859N,mRNA-1273,mRNA,T,859,N,S2,0.9
S982A,BNT162b2,mRNA,S,982,A,S2,0.9
S982A,BNT162b2,mRNA,S,982,A,S2,1.3
S982A,BNT162b2,mRNA,S,982,A,S2,0.8
S982A,BNT162b2,mRNA,S,982,A,S2,1.3
S982A,BNT162b2,mRNA,S,982,A,S2,1.0
S982A,BNT162b2,mRNA,S,982,A,S2,1.2
S982A,BNT162b2,mRNA,S,982,A,S2,1.6
S982A,BNT162b2,mRNA,S,982,A,S2,1.6
S982A,BNT162b2,mRNA,S,982,A,S2,1.7
S982A,BNT162b2,mRNA,S,982,A,S2,1.5
S982A,BNT162b2,mRNA,S,982,A,S2,1.9
S982A,BNT162b2,mRNA,S,982,A,S2,1.6
S982A,BNT162b2,mRNA,S,982,A,S2,2.4
S982A,BNT162b2,mRNA,S,982,A,S2,2.0
S982A,BNT162b2,mRNA,S,982,A,S2,1.3
S982A,mRNA-1273,mRNA,S,982,A,S2,2.3
S982A,mRNA-1273,mRNA,S,982,A,S2,1.5
S982A,mRNA-1273,mRNA,S,982,A,S2,1.5
S982A,mRNA-1273,mRNA,S,982,A,S2,1.5
S982A,mRNA-1273,mRNA,S,982,A,S2,1.5
S982A,mRNA-1273,mRNA,S,982,A,S2,2.6
S982A,mRNA-1273,mRNA,S,982,A,S2,1.8
S982A,mRNA-1273,mRNA,S,982,A,S2,2.0
S982A,mRNA-1273,mRNA,S,982,A,S2,1.6
S982A,mRNA-1273,mRNA,S,982,A,S2,1.3
S982A,mRNA-1273,mRNA,S,982,A,S2,2.5
S982A,mRNA-1273,mRNA,S,982,A,S2,1.7
D1118H,BNT162b2,mRNA,D,1118,H,S2,1.2
D1118H,BNT162b2,mRNA,D,1118,H,S2,1.2
D1118H,BNT162b2,mRNA,D,1118,H,S2,1.6
D1118H,BNT162b2,mRNA,D,1118,H,S2,1.6
D1118H,BNT162b2,mRNA,D,1118,H,S2,1.2
D1118H,BNT162b2,mRNA,D,1118,H,S2,1.5
D1118H,BNT162b2,mRNA,D,1118,H,S2,1.2
D1118H,BNT162b2,mRNA,D,1118,H,S2,1.3
D1118H,BNT162b2,mRNA,D,1118,H,S2,1.7
D1118H,BNT162b2,mRNA,D,1118,H,S2,1.3
D1118H,mRNA-1273,mRNA,D,1118,H,S2,1.2
D1118H,mRNA-1273,mRNA,D,1118,H,S2,1.1
D1118H,mRNA-1273,mRNA,D,1118,H,S2,1.0
D1118H,mRNA-1273,mRNA,D,1118,H,S2,0.9
D1118H,mRNA-1273,mRNA,D,1118,H,S2,0.9
D1118H,mRNA-1273,mRNA,D,1118,H,S2,1.2
D1118H,mRNA-1273,mRNA,D,1118,H,S2,1.4
D1118H,mRNA-1273,mRNA,D,1118,H,S2,0.9
D1118H,mRNA-1273,mRNA,D,1118,H,S2,1.0
D1118H,mRNA-1273,mRNA,D,1118,H,S2,1.0
D1118H,mRNA-1273,mRNA,D,1118,H,S2,1.5
D1118H,mRNA-1273,mRNA,D,1118,H,S2,1.2
