variant,nickname,mab,avail,target,fold
"141-145∆,R408I",,157,,RBD,0.8
"141-145∆,R408I",,247,,RBD,0.7
"141-145∆,R408I",,261-262,,RBD,0.6
"141-145∆,R408I",,AB35,,RBD,0.5
"141-145∆,R408I",,B38,,RBD,1.1
"141-145∆,R408I",,BRII-196,Phase 3,RBD,0.6
"141-145∆,R408I",,CA1,,RBD,0.7
"141-145∆,R408I",,Etesevimab,Phase 3,RBD,0.7
"141-145∆,R408I",,H00S022,,RBD,1.2
"141-145∆,R408I",,H014,,RBD,2.4
"141-145∆,R408I",,H4,,RBD,1.0
"141-145∆,R408I",,P2B-2F6,,RBD,0.6
"141-145∆,R408I",,X593,,RBD,0.8
"69-70∆,D796H",Kemp21-d101,COVA1-12,,RBD,0.3
"69-70∆,D796H",Kemp21-d101,COVA1-16,,RBD,0.5
"69-70∆,D796H",Kemp21-d101,COVA1-18,,RBD,1.0
"69-70∆,D796H",Kemp21-d101,COVA1-21,,RBD,4.8
"69-70∆,D796H",Kemp21-d101,COVA2-02,,RBD,0.6
"69-70∆,D796H",Kemp21-d101,COVA2-04,,RBD,0.5
"69-70∆,D796H",Kemp21-d101,COVA2-07,,RBD,0.8
"69-70∆,D796H",Kemp21-d101,COVA2-17,,RBD,0.7
"69-70∆,D796H",Kemp21-d101,COVA2-39,,RBD,1.1
"69-70∆,N439K",,Casirivimab,Phase 3,RBD,1.0
"69-70∆,N439K",,Etesevimab,Phase 3,RBD,1.0
"69-70∆,N439K",,Imdevimab,Phase 3,RBD,10.0
"69-70∆,N501Y",B.1.1.7 (variation),1B07,,RBD,1.4
"69-70∆,N501Y",B.1.1.7 (variation),A19-46.1,,RBD,0.7
"69-70∆,N501Y",B.1.1.7 (variation),A19-61.1,,RBD,0.2
"69-70∆,N501Y",B.1.1.7 (variation),A23-58.1,,RBD,0.4
"69-70∆,N501Y",B.1.1.7 (variation),B1-182.1,,RBD,0.2
"69-70∆,N501Y",B.1.1.7 (variation),B38,,RBD,1.2
"69-70∆,N501Y",B.1.1.7 (variation),Bamlanivimab,Phase 3,RBD,1.0
"69-70∆,N501Y",B.1.1.7 (variation),Bamlanivimab,Phase 3,RBD,1.8
"69-70∆,N501Y",B.1.1.7 (variation),Bamlanivimab/Etesevimab,,,1.0
"69-70∆,N501Y",B.1.1.7 (variation),COV2-2050,,RBD,0.9
"69-70∆,N501Y",B.1.1.7 (variation),COV2-2072,,RBD,1.2
"69-70∆,N501Y",B.1.1.7 (variation),COV2-2381,,RBD,0.8
"69-70∆,N501Y",B.1.1.7 (variation),COV2-2676,,NTD,1.9
"69-70∆,N501Y",B.1.1.7 (variation),COV2-3025,,RBD,0.9
"69-70∆,N501Y",B.1.1.7 (variation),COVA1-18,,RBD,4.3
"69-70∆,N501Y",B.1.1.7 (variation),COVA2-15,,RBD,8.8
"69-70∆,N501Y",B.1.1.7 (variation),COVOX-384,,RBD,1.1
"69-70∆,N501Y",B.1.1.7 (variation),COVOX-40,,RBD,1.1
"69-70∆,N501Y",B.1.1.7 (variation),Casirivimab,Phase 3,RBD,0.9
"69-70∆,N501Y",B.1.1.7 (variation),Casirivimab,Phase 3,RBD,1.0
"69-70∆,N501Y",B.1.1.7 (variation),Cilgavimab,Phase 3,RBD,0.7
"69-70∆,N501Y",B.1.1.7 (variation),Cilgavimab/Tixagevimab,,,1.4
"69-70∆,N501Y",B.1.1.7 (variation),DH1041,,RBD,0.5
"69-70∆,N501Y",B.1.1.7 (variation),DH1042,,,0.6
"69-70∆,N501Y",B.1.1.7 (variation),DH1043,,RBD,0.9
"69-70∆,N501Y",B.1.1.7 (variation),DH1047,,RBD,0.4
"69-70∆,N501Y",B.1.1.7 (variation),Etesevimab,Phase 3,RBD,3.2
"69-70∆,N501Y",B.1.1.7 (variation),Etesevimab,Phase 3,RBD,10.0
"69-70∆,N501Y",B.1.1.7 (variation),H4,,RBD,1.5
"69-70∆,N501Y",B.1.1.7 (variation),Imdevimab,Phase 3,RBD,0.3
"69-70∆,N501Y",B.1.1.7 (variation),Imdevimab,Phase 3,RBD,1.0
"69-70∆,N501Y",B.1.1.7 (variation),P2B-2F6,,RBD,0.5
"69-70∆,N501Y",B.1.1.7 (variation),REGN10989,,RBD,0.3
"69-70∆,N501Y",B.1.1.7 (variation),S2E12,,RBD,0.8
"69-70∆,N501Y",B.1.1.7 (variation),S2H58,,RBD,0.8
"69-70∆,N501Y",B.1.1.7 (variation),S2X259,,RBD,1.1
"69-70∆,N501Y",B.1.1.7 (variation),SARS2-10,,RBD,0.7
"69-70∆,N501Y",B.1.1.7 (variation),SARS2-3,,RBD,1.9
"69-70∆,N501Y",B.1.1.7 (variation),SARS2-31,,RBD,1.9
"69-70∆,N501Y",B.1.1.7 (variation),SARS2-44,,RBD,0.2
"69-70∆,N501Y",B.1.1.7 (variation),Tixagevimab,Phase 3,RBD,0.9
"69-70∆,N501Y",B.1.1.7 (variation),Vir-7831,Phase 3,RBD,2.2
"69-70∆,N501Y",B.1.1.7 (variation),Vir-7831,Phase 3,RBD,2.8
"69-70∆,N501Y",B.1.1.7 (variation),Vir-7831/S2E12,,,1.1
"69-70∆,N501Y,A570D,P681H",B.1.1.7 S1,JMB2002,Phase 1,RBD,17.0
"69-70∆,N501Y,A570D,P681H,T716I,S982A,D1118H",B.1.1.7,1-20,,RBD,4.5
"69-70∆,N501Y,A570D,P681H,T716I,S982A,D1118H",B.1.1.7,1-20,,RBD,5.6
"69-70∆,N501Y,A570D,P681H,T716I,S982A,D1118H",B.1.1.7,1-57,,RBD,0.5
"69-70∆,N501Y,A570D,P681H,T716I,S982A,D1118H",B.1.1.7,1-57,,RBD,1.5
"69-70∆,N501Y,A570D,P681H,T716I,S982A,D1118H",B.1.1.7,150HC + 222LC,,RBD,1.0
"69-70∆,N501Y,A570D,P681H,T716I,S982A,D1118H",B.1.1.7,158HC + 222LC,,RBD,0.4
"69-70∆,N501Y,A570D,P681H,T716I,S982A,D1118H",B.1.1.7,1B07,,RBD,1.1
"69-70∆,N501Y,A570D,P681H,T716I,S982A,D1118H",B.1.1.7,2-15,,RBD,0.5
"69-70∆,N501Y,A570D,P681H,T716I,S982A,D1118H",B.1.1.7,2-15,,RBD,3.0
"69-70∆,N501Y,A570D,P681H,T716I,S982A,D1118H",B.1.1.7,2-17,,NTD,121.2
"69-70∆,N501Y,A570D,P681H,T716I,S982A,D1118H",B.1.1.7,2-17,,NTD,42.6
"69-70∆,N501Y,A570D,P681H,T716I,S982A,D1118H",B.1.1.7,2-30,,RBD,0.9
"69-70∆,N501Y,A570D,P681H,T716I,S982A,D1118H",B.1.1.7,2-30,,RBD,4.4
"69-70∆,N501Y,A570D,P681H,T716I,S982A,D1118H",B.1.1.7,2-36,,RBD,0.8
"69-70∆,N501Y,A570D,P681H,T716I,S982A,D1118H",B.1.1.7,2-36,,RBD,0.3
"69-70∆,N501Y,A570D,P681H,T716I,S982A,D1118H",B.1.1.7,2-38,,RBD,4.4
"69-70∆,N501Y,A570D,P681H,T716I,S982A,D1118H",B.1.1.7,2-38,,RBD,1.8
"69-70∆,N501Y,A570D,P681H,T716I,S982A,D1118H",B.1.1.7,2-4,,RBD,1.2
"69-70∆,N501Y,A570D,P681H,T716I,S982A,D1118H",B.1.1.7,2-4,,RBD,0.8
"69-70∆,N501Y,A570D,P681H,T716I,S982A,D1118H",B.1.1.7,2-43,,RBD,4.1
"69-70∆,N501Y,A570D,P681H,T716I,S982A,D1118H",B.1.1.7,2-43,,RBD,2.3
"69-70∆,N501Y,A570D,P681H,T716I,S982A,D1118H",B.1.1.7,2-7,,RBD,0.7
"69-70∆,N501Y,A570D,P681H,T716I,S982A,D1118H",B.1.1.7,2-7,,RBD,0.7
"69-70∆,N501Y,A570D,P681H,T716I,S982A,D1118H",B.1.1.7,222HC + 222LC,,RBD,1.0
"69-70∆,N501Y,A570D,P681H,T716I,S982A,D1118H",B.1.1.7,269HC + 222LC,,RBD,0.1
"69-70∆,N501Y,A570D,P681H,T716I,S982A,D1118H",B.1.1.7,4-19,,NTD,20.5
"69-70∆,N501Y,A570D,P681H,T716I,S982A,D1118H",B.1.1.7,4-19,,NTD,29.2
"69-70∆,N501Y,A570D,P681H,T716I,S982A,D1118H",B.1.1.7,4-20,,RBD,1.0
"69-70∆,N501Y,A570D,P681H,T716I,S982A,D1118H",B.1.1.7,4-20,,RBD,0.4
"69-70∆,N501Y,A570D,P681H,T716I,S982A,D1118H",B.1.1.7,4-8,,NTD,1000.0
"69-70∆,N501Y,A570D,P681H,T716I,S982A,D1118H",B.1.1.7,4-8,,NTD,1000.0
"69-70∆,N501Y,A570D,P681H,T716I,S982A,D1118H",B.1.1.7,4A8,,NTD,1000.0
"69-70∆,N501Y,A570D,P681H,T716I,S982A,D1118H",B.1.1.7,4A8,,NTD,1000.0
"69-70∆,N501Y,A570D,P681H,T716I,S982A,D1118H",B.1.1.7,5-24,,NTD,330.2
"69-70∆,N501Y,A570D,P681H,T716I,S982A,D1118H",B.1.1.7,5-24,,NTD,1000.0
"69-70∆,N501Y,A570D,P681H,T716I,S982A,D1118H",B.1.1.7,5-7,,NTD,11.9
"69-70∆,N501Y,A570D,P681H,T716I,S982A,D1118H",B.1.1.7,5-7,,NTD,7.5
"69-70∆,N501Y,A570D,P681H,T716I,S982A,D1118H",B.1.1.7,910-30,,RBD,14.0
"69-70∆,N501Y,A570D,P681H,T716I,S982A,D1118H",B.1.1.7,910-30,,RBD,10.3
"69-70∆,N501Y,A570D,P681H,T716I,S982A,D1118H",B.1.1.7,A19-46.1,,RBD,0.3
"69-70∆,N501Y,A570D,P681H,T716I,S982A,D1118H",B.1.1.7,A19-61.1,,RBD,0.2
"69-70∆,N501Y,A570D,P681H,T716I,S982A,D1118H",B.1.1.7,A23-58.1,,RBD,0.2
"69-70∆,N501Y,A570D,P681H,T716I,S982A,D1118H",B.1.1.7,ADG10,,RBD,1.8
"69-70∆,N501Y,A570D,P681H,T716I,S982A,D1118H",B.1.1.7,ADG20,Phase 1,RBD,1.4
"69-70∆,N501Y,A570D,P681H,T716I,S982A,D1118H",B.1.1.7,ADG30,,RBD,2.5
"69-70∆,N501Y,A570D,P681H,T716I,S982A,D1118H",B.1.1.7,B1-182.1,,RBD,0.2
"69-70∆,N501Y,A570D,P681H,T716I,S982A,D1118H",B.1.1.7,B38,,RBD,14.0
"69-70∆,N501Y,A570D,P681H,T716I,S982A,D1118H",B.1.1.7,BD-368-2,,RBD,1.3
"69-70∆,N501Y,A570D,P681H,T716I,S982A,D1118H",B.1.1.7,BRII-196,Phase 3,RBD,0.5
"69-70∆,N501Y,A570D,P681H,T716I,S982A,D1118H",B.1.1.7,BRII-196,Phase 3,RBD,0.1
"69-70∆,N501Y,A570D,P681H,T716I,S982A,D1118H",B.1.1.7,BRII-196,Phase 3,RBD,0.7
"69-70∆,N501Y,A570D,P681H,T716I,S982A,D1118H",B.1.1.7,BRII-196/BRII-198,,,0.5
"69-70∆,N501Y,A570D,P681H,T716I,S982A,D1118H",B.1.1.7,BRII-196/BRII-198,,,0.2
"69-70∆,N501Y,A570D,P681H,T716I,S982A,D1118H",B.1.1.7,BRII-198,Phase 3,RBD,0.2
"69-70∆,N501Y,A570D,P681H,T716I,S982A,D1118H",B.1.1.7,BRII-198,Phase 3,RBD,0.2
"69-70∆,N501Y,A570D,P681H,T716I,S982A,D1118H",B.1.1.7,BRII-198,Phase 3,RBD,0.8
"69-70∆,N501Y,A570D,P681H,T716I,S982A,D1118H",B.1.1.7,Bamlanivimab,Phase 3,RBD,1.0
"69-70∆,N501Y,A570D,P681H,T716I,S982A,D1118H",B.1.1.7,Bamlanivimab,Phase 3,RBD,0.7
"69-70∆,N501Y,A570D,P681H,T716I,S982A,D1118H",B.1.1.7,Bamlanivimab,Phase 3,RBD,0.6
"69-70∆,N501Y,A570D,P681H,T716I,S982A,D1118H",B.1.1.7,Bamlanivimab,Phase 3,RBD,1.2
"69-70∆,N501Y,A570D,P681H,T716I,S982A,D1118H",B.1.1.7,Bamlanivimab,Phase 3,RBD,2.8
"69-70∆,N501Y,A570D,P681H,T716I,S982A,D1118H",B.1.1.7,Bamlanivimab,Phase 3,RBD,1.0
"69-70∆,N501Y,A570D,P681H,T716I,S982A,D1118H",B.1.1.7,Bamlanivimab,Phase 3,RBD,1.5
"69-70∆,N501Y,A570D,P681H,T716I,S982A,D1118H",B.1.1.7,Bamlanivimab,Phase 3,RBD,0.6
"69-70∆,N501Y,A570D,P681H,T716I,S982A,D1118H",B.1.1.7,Bamlanivimab/Etesevimab,,,1.0
"69-70∆,N501Y,A570D,P681H,T716I,S982A,D1118H",B.1.1.7,Bamlanivimab/Etesevimab,,,1.7
"69-70∆,N501Y,A570D,P681H,T716I,S982A,D1118H",B.1.1.7,Bamlanivimab/Etesevimab,,,1.3
"69-70∆,N501Y,A570D,P681H,T716I,S982A,D1118H",B.1.1.7,C121,,RBD,0.4
"69-70∆,N501Y,A570D,P681H,T716I,S982A,D1118H",B.1.1.7,C121,,RBD,0.3
"69-70∆,N501Y,A570D,P681H,T716I,S982A,D1118H",B.1.1.7,C135,Phase 1,RBD,1.4
"69-70∆,N501Y,A570D,P681H,T716I,S982A,D1118H",B.1.1.7,C135,Phase 1,RBD,0.3
"69-70∆,N501Y,A570D,P681H,T716I,S982A,D1118H",B.1.1.7,COV2-2050,,RBD,0.9
"69-70∆,N501Y,A570D,P681H,T716I,S982A,D1118H",B.1.1.7,COV2-2072,,RBD,0.6
"69-70∆,N501Y,A570D,P681H,T716I,S982A,D1118H",B.1.1.7,COV2-2381,,RBD,1.6
"69-70∆,N501Y,A570D,P681H,T716I,S982A,D1118H",B.1.1.7,COV2-2676,,NTD,1.1
"69-70∆,N501Y,A570D,P681H,T716I,S982A,D1118H",B.1.1.7,COV2-3025,,RBD,1.1
"69-70∆,N501Y,A570D,P681H,T716I,S982A,D1118H",B.1.1.7,COVA1-12,,RBD,11.4
"69-70∆,N501Y,A570D,P681H,T716I,S982A,D1118H",B.1.1.7,COVA1-16,,RBD,0.8
"69-70∆,N501Y,A570D,P681H,T716I,S982A,D1118H",B.1.1.7,COVA1-16,,RBD,0.3
"69-70∆,N501Y,A570D,P681H,T716I,S982A,D1118H",B.1.1.7,COVA1-16,,RBD,1.2
"69-70∆,N501Y,A570D,P681H,T716I,S982A,D1118H",B.1.1.7,COVA1-18,,RBD,1.8
"69-70∆,N501Y,A570D,P681H,T716I,S982A,D1118H",B.1.1.7,COVA1-18,,RBD,4.2
"69-70∆,N501Y,A570D,P681H,T716I,S982A,D1118H",B.1.1.7,COVA1-21,,RBD,138.3
"69-70∆,N501Y,A570D,P681H,T716I,S982A,D1118H",B.1.1.7,COVA2-04,,RBD,0.6
"69-70∆,N501Y,A570D,P681H,T716I,S982A,D1118H",B.1.1.7,COVA2-07,,RBD,0.2
"69-70∆,N501Y,A570D,P681H,T716I,S982A,D1118H",B.1.1.7,COVA2-15,,RBD,8.7
"69-70∆,N501Y,A570D,P681H,T716I,S982A,D1118H",B.1.1.7,COVA2-17,,RBD,7.3
"69-70∆,N501Y,A570D,P681H,T716I,S982A,D1118H",B.1.1.7,COVA2-29,,RBD,0.5
"69-70∆,N501Y,A570D,P681H,T716I,S982A,D1118H",B.1.1.7,COVOX-384,,RBD,0.7
"69-70∆,N501Y,A570D,P681H,T716I,S982A,D1118H",B.1.1.7,COVOX-40,,RBD,0.9
"69-70∆,N501Y,A570D,P681H,T716I,S982A,D1118H",B.1.1.7,CQ012,,,3.9
"69-70∆,N501Y,A570D,P681H,T716I,S982A,D1118H",B.1.1.7,CQ016,,,0.9
"69-70∆,N501Y,A570D,P681H,T716I,S982A,D1118H",B.1.1.7,CQ024,,,6.6
"69-70∆,N501Y,A570D,P681H,T716I,S982A,D1118H",B.1.1.7,CQ026,,,1.5
"69-70∆,N501Y,A570D,P681H,T716I,S982A,D1118H",B.1.1.7,CQ028,,,0.8
"69-70∆,N501Y,A570D,P681H,T716I,S982A,D1118H",B.1.1.7,CQ038,,,16.4
"69-70∆,N501Y,A570D,P681H,T716I,S982A,D1118H",B.1.1.7,CQ045,,,0.6
"69-70∆,N501Y,A570D,P681H,T716I,S982A,D1118H",B.1.1.7,CQ046,,,0.3
"69-70∆,N501Y,A570D,P681H,T716I,S982A,D1118H",B.1.1.7,Casirivimab,Phase 3,RBD,1.2
"69-70∆,N501Y,A570D,P681H,T716I,S982A,D1118H",B.1.1.7,Casirivimab,Phase 3,RBD,1.0
"69-70∆,N501Y,A570D,P681H,T716I,S982A,D1118H",B.1.1.7,Casirivimab,Phase 3,RBD,2.0
"69-70∆,N501Y,A570D,P681H,T716I,S982A,D1118H",B.1.1.7,Casirivimab,Phase 3,RBD,0.6
"69-70∆,N501Y,A570D,P681H,T716I,S982A,D1118H",B.1.1.7,Casirivimab,Phase 3,RBD,0.4
"69-70∆,N501Y,A570D,P681H,T716I,S982A,D1118H",B.1.1.7,Casirivimab,Phase 3,RBD,1.0
"69-70∆,N501Y,A570D,P681H,T716I,S982A,D1118H",B.1.1.7,Casirivimab,Phase 3,RBD,0.6
"69-70∆,N501Y,A570D,P681H,T716I,S982A,D1118H",B.1.1.7,Casirivimab,Phase 3,RBD,3.3
"69-70∆,N501Y,A570D,P681H,T716I,S982A,D1118H",B.1.1.7,Casirivimab,Phase 3,RBD,0.9
"69-70∆,N501Y,A570D,P681H,T716I,S982A,D1118H",B.1.1.7,Casirivimab/Imdevimab,,,0.9
"69-70∆,N501Y,A570D,P681H,T716I,S982A,D1118H",B.1.1.7,Casirivimab/Imdevimab,,,1.0
"69-70∆,N501Y,A570D,P681H,T716I,S982A,D1118H",B.1.1.7,Casirivimab/Imdevimab,,,0.6
"69-70∆,N501Y,A570D,P681H,T716I,S982A,D1118H",B.1.1.7,Casirivimab/Imdevimab,,,1.0
"69-70∆,N501Y,A570D,P681H,T716I,S982A,D1118H",B.1.1.7,Cilgavimab,Phase 3,RBD,1.1
"69-70∆,N501Y,A570D,P681H,T716I,S982A,D1118H",B.1.1.7,Cilgavimab,Phase 3,RBD,0.3
"69-70∆,N501Y,A570D,P681H,T716I,S982A,D1118H",B.1.1.7,Cilgavimab,Phase 3,RBD,0.5
"69-70∆,N501Y,A570D,P681H,T716I,S982A,D1118H",B.1.1.7,Cilgavimab,Phase 3,RBD,0.9
"69-70∆,N501Y,A570D,P681H,T716I,S982A,D1118H",B.1.1.7,Cilgavimab/Tixagevimab,,,0.8
"69-70∆,N501Y,A570D,P681H,T716I,S982A,D1118H",B.1.1.7,Cilgavimab/Tixagevimab,,,1.0
"69-70∆,N501Y,A570D,P681H,T716I,S982A,D1118H",B.1.1.7,Cilgavimab/Tixagevimab,,,0.5
"69-70∆,N501Y,A570D,P681H,T716I,S982A,D1118H",B.1.1.7,Cilgavimab/Tixagevimab,,,0.8
"69-70∆,N501Y,A570D,P681H,T716I,S982A,D1118H",B.1.1.7,DH1041,,RBD,1.6
"69-70∆,N501Y,A570D,P681H,T716I,S982A,D1118H",B.1.1.7,DH1042,,,4.7
"69-70∆,N501Y,A570D,P681H,T716I,S982A,D1118H",B.1.1.7,DH1043,,RBD,1.3
"69-70∆,N501Y,A570D,P681H,T716I,S982A,D1118H",B.1.1.7,DH1047,,RBD,1.2
"69-70∆,N501Y,A570D,P681H,T716I,S982A,D1118H",B.1.1.7,Etesevimab,Phase 3,RBD,3.6
"69-70∆,N501Y,A570D,P681H,T716I,S982A,D1118H",B.1.1.7,Etesevimab,Phase 3,RBD,0.7
"69-70∆,N501Y,A570D,P681H,T716I,S982A,D1118H",B.1.1.7,Etesevimab,Phase 3,RBD,4.9
"69-70∆,N501Y,A570D,P681H,T716I,S982A,D1118H",B.1.1.7,Etesevimab,Phase 3,RBD,1.5
"69-70∆,N501Y,A570D,P681H,T716I,S982A,D1118H",B.1.1.7,Etesevimab,Phase 3,RBD,1.5
"69-70∆,N501Y,A570D,P681H,T716I,S982A,D1118H",B.1.1.7,Fab 150,,RBD,8.0
"69-70∆,N501Y,A570D,P681H,T716I,S982A,D1118H",B.1.1.7,Fab 158,,RBD,10.4
"69-70∆,N501Y,A570D,P681H,T716I,S982A,D1118H",B.1.1.7,Fab 175,,RBD,22.6
"69-70∆,N501Y,A570D,P681H,T716I,S982A,D1118H",B.1.1.7,Fab 222,,RBD,0.8
"69-70∆,N501Y,A570D,P681H,T716I,S982A,D1118H",B.1.1.7,H4,,RBD,4.7
"69-70∆,N501Y,A570D,P681H,T716I,S982A,D1118H",B.1.1.7,Imdevimab,Phase 3,RBD,0.7
"69-70∆,N501Y,A570D,P681H,T716I,S982A,D1118H",B.1.1.7,Imdevimab,Phase 3,RBD,1.0
"69-70∆,N501Y,A570D,P681H,T716I,S982A,D1118H",B.1.1.7,Imdevimab,Phase 3,RBD,1.0
"69-70∆,N501Y,A570D,P681H,T716I,S982A,D1118H",B.1.1.7,Imdevimab,Phase 3,RBD,0.6
"69-70∆,N501Y,A570D,P681H,T716I,S982A,D1118H",B.1.1.7,Imdevimab,Phase 3,RBD,0.5
"69-70∆,N501Y,A570D,P681H,T716I,S982A,D1118H",B.1.1.7,Imdevimab,Phase 3,RBD,1.0
"69-70∆,N501Y,A570D,P681H,T716I,S982A,D1118H",B.1.1.7,Imdevimab,Phase 3,RBD,0.4
"69-70∆,N501Y,A570D,P681H,T716I,S982A,D1118H",B.1.1.7,Imdevimab,Phase 3,RBD,0.9
"69-70∆,N501Y,A570D,P681H,T716I,S982A,D1118H",B.1.1.7,Imdevimab,Phase 3,RBD,0.2
"69-70∆,N501Y,A570D,P681H,T716I,S982A,D1118H",B.1.1.7,P22A-1D1,,RBD,14.4
"69-70∆,N501Y,A570D,P681H,T716I,S982A,D1118H",B.1.1.7,P2B-2F6,,RBD,1.1
"69-70∆,N501Y,A570D,P681H,T716I,S982A,D1118H",B.1.1.7,P5A-1B9,,RBD,1.1
"69-70∆,N501Y,A570D,P681H,T716I,S982A,D1118H",B.1.1.7,P5A-1D2,,RBD,3.3
"69-70∆,N501Y,A570D,P681H,T716I,S982A,D1118H",B.1.1.7,P5A-3C8,,RBD,2.2
"69-70∆,N501Y,A570D,P681H,T716I,S982A,D1118H",B.1.1.7,REGN10985,,RBD,0.8
"69-70∆,N501Y,A570D,P681H,T716I,S982A,D1118H",B.1.1.7,REGN10985,,RBD,0.1
"69-70∆,N501Y,A570D,P681H,T716I,S982A,D1118H",B.1.1.7,REGN10989,,RBD,0.3
"69-70∆,N501Y,A570D,P681H,T716I,S982A,D1118H",B.1.1.7,REGN10989,,RBD,0.0
"69-70∆,N501Y,A570D,P681H,T716I,S982A,D1118H",B.1.1.7,S2D106,,RBD,0.7
"69-70∆,N501Y,A570D,P681H,T716I,S982A,D1118H",B.1.1.7,S2D19,,RBD,587.5
"69-70∆,N501Y,A570D,P681H,T716I,S982A,D1118H",B.1.1.7,S2D32,,RBD,0.4
"69-70∆,N501Y,A570D,P681H,T716I,S982A,D1118H",B.1.1.7,S2D65,,RBD,0.5
"69-70∆,N501Y,A570D,P681H,T716I,S982A,D1118H",B.1.1.7,S2D8,,RBD,2172.0
"69-70∆,N501Y,A570D,P681H,T716I,S982A,D1118H",B.1.1.7,S2D97,,RBD,0.9
"69-70∆,N501Y,A570D,P681H,T716I,S982A,D1118H",B.1.1.7,S2E11,,RBD,0.6
"69-70∆,N501Y,A570D,P681H,T716I,S982A,D1118H",B.1.1.7,S2E12,,RBD,0.7
"69-70∆,N501Y,A570D,P681H,T716I,S982A,D1118H",B.1.1.7,S2E12,,RBD,1.1
"69-70∆,N501Y,A570D,P681H,T716I,S982A,D1118H",B.1.1.7,S2E13,,RBD,2.3
"69-70∆,N501Y,A570D,P681H,T716I,S982A,D1118H",B.1.1.7,S2E16,,RBD,1.1
"69-70∆,N501Y,A570D,P681H,T716I,S982A,D1118H",B.1.1.7,S2E23,,RBD,1.3
"69-70∆,N501Y,A570D,P681H,T716I,S982A,D1118H",B.1.1.7,S2H14,,RBD,140.1
"69-70∆,N501Y,A570D,P681H,T716I,S982A,D1118H",B.1.1.7,S2H58,,RBD,0.5
"69-70∆,N501Y,A570D,P681H,T716I,S982A,D1118H",B.1.1.7,S2H58,,RBD,0.5
"69-70∆,N501Y,A570D,P681H,T716I,S982A,D1118H",B.1.1.7,S2H7,,RBD,1.2
"69-70∆,N501Y,A570D,P681H,T716I,S982A,D1118H",B.1.1.7,S2H70,,RBD,0.4
"69-70∆,N501Y,A570D,P681H,T716I,S982A,D1118H",B.1.1.7,S2H71,,RBD,0.3
"69-70∆,N501Y,A570D,P681H,T716I,S982A,D1118H",B.1.1.7,S2H90,,RBD,0.4
"69-70∆,N501Y,A570D,P681H,T716I,S982A,D1118H",B.1.1.7,S2H94,,RBD,1.2
"69-70∆,N501Y,A570D,P681H,T716I,S982A,D1118H",B.1.1.7,S2H97,,RBD,0.5
"69-70∆,N501Y,A570D,P681H,T716I,S982A,D1118H",B.1.1.7,S2K15,,RBD,0.7
"69-70∆,N501Y,A570D,P681H,T716I,S982A,D1118H",B.1.1.7,S2K21,,RBD,0.9
"69-70∆,N501Y,A570D,P681H,T716I,S982A,D1118H",B.1.1.7,S2K30,,RBD,0.7
"69-70∆,N501Y,A570D,P681H,T716I,S982A,D1118H",B.1.1.7,S2K63v2,,RBD,1.5
"69-70∆,N501Y,A570D,P681H,T716I,S982A,D1118H",B.1.1.7,S2L17,,RBD,0.4
"69-70∆,N501Y,A570D,P681H,T716I,S982A,D1118H",B.1.1.7,S2L49,,RBD,1.3
"69-70∆,N501Y,A570D,P681H,T716I,S982A,D1118H",B.1.1.7,S2L50,,NTD,0.2
"69-70∆,N501Y,A570D,P681H,T716I,S982A,D1118H",B.1.1.7,S2M11,,RBD,0.4
"69-70∆,N501Y,A570D,P681H,T716I,S982A,D1118H",B.1.1.7,S2M28,,NTD,41.4
"69-70∆,N501Y,A570D,P681H,T716I,S982A,D1118H",B.1.1.7,S2N12,,RBD,0.5
"69-70∆,N501Y,A570D,P681H,T716I,S982A,D1118H",B.1.1.7,S2N22,,RBD,0.7
"69-70∆,N501Y,A570D,P681H,T716I,S982A,D1118H",B.1.1.7,S2N28,,RBD,0.3
"69-70∆,N501Y,A570D,P681H,T716I,S982A,D1118H",B.1.1.7,S2X128,,RBD,2.2
"69-70∆,N501Y,A570D,P681H,T716I,S982A,D1118H",B.1.1.7,S2X16,,RBD,2.3
"69-70∆,N501Y,A570D,P681H,T716I,S982A,D1118H",B.1.1.7,S2X227,,RBD,0.5
"69-70∆,N501Y,A570D,P681H,T716I,S982A,D1118H",B.1.1.7,S2X246,,RBD,0.9
"69-70∆,N501Y,A570D,P681H,T716I,S982A,D1118H",B.1.1.7,S2X259,,RBD,1.0
"69-70∆,N501Y,A570D,P681H,T716I,S982A,D1118H",B.1.1.7,S2X259,,RBD,0.6
"69-70∆,N501Y,A570D,P681H,T716I,S982A,D1118H",B.1.1.7,S2X30,,RBD,1.7
"69-70∆,N501Y,A570D,P681H,T716I,S982A,D1118H",B.1.1.7,S2X305,,RBD,0.6
"69-70∆,N501Y,A570D,P681H,T716I,S982A,D1118H",B.1.1.7,S2X324,,RBD,2.9
"69-70∆,N501Y,A570D,P681H,T716I,S982A,D1118H",B.1.1.7,S2X35,,RBD,1.0
"69-70∆,N501Y,A570D,P681H,T716I,S982A,D1118H",B.1.1.7,S2X450,,RBD,0.5
"69-70∆,N501Y,A570D,P681H,T716I,S982A,D1118H",B.1.1.7,S2X475,,RBD,0.6
"69-70∆,N501Y,A570D,P681H,T716I,S982A,D1118H",B.1.1.7,S2X58,,RBD,1.5
"69-70∆,N501Y,A570D,P681H,T716I,S982A,D1118H",B.1.1.7,S2X607,,RBD,0.6
"69-70∆,N501Y,A570D,P681H,T716I,S982A,D1118H",B.1.1.7,S2X608,,RBD,1.7
"69-70∆,N501Y,A570D,P681H,T716I,S982A,D1118H",B.1.1.7,S2X609,,RBD,0.7
"69-70∆,N501Y,A570D,P681H,T716I,S982A,D1118H",B.1.1.7,S2X613,,RBD,0.7
"69-70∆,N501Y,A570D,P681H,T716I,S982A,D1118H",B.1.1.7,S2X615,,RBD,0.7
"69-70∆,N501Y,A570D,P681H,T716I,S982A,D1118H",B.1.1.7,S2X619,,RBD,1.7
"69-70∆,N501Y,A570D,P681H,T716I,S982A,D1118H",B.1.1.7,S2X620,,RBD,1.3
"69-70∆,N501Y,A570D,P681H,T716I,S982A,D1118H",B.1.1.7,SARS2-10,,RBD,0.8
"69-70∆,N501Y,A570D,P681H,T716I,S982A,D1118H",B.1.1.7,SARS2-3,,RBD,0.2
"69-70∆,N501Y,A570D,P681H,T716I,S982A,D1118H",B.1.1.7,SARS2-31,,RBD,5.8
"69-70∆,N501Y,A570D,P681H,T716I,S982A,D1118H",B.1.1.7,SARS2-44,,RBD,0.7
"69-70∆,N501Y,A570D,P681H,T716I,S982A,D1118H",B.1.1.7,Tixagevimab,Phase 3,RBD,1.5
"69-70∆,N501Y,A570D,P681H,T716I,S982A,D1118H",B.1.1.7,Tixagevimab,Phase 3,RBD,0.3
"69-70∆,N501Y,A570D,P681H,T716I,S982A,D1118H",B.1.1.7,Tixagevimab,Phase 3,RBD,1.7
"69-70∆,N501Y,A570D,P681H,T716I,S982A,D1118H",B.1.1.7,Tixagevimab,Phase 3,RBD,2.2
"69-70∆,N501Y,A570D,P681H,T716I,S982A,D1118H",B.1.1.7,Vir-7831,Phase 3,RBD,190.0
"69-70∆,N501Y,A570D,P681H,T716I,S982A,D1118H",B.1.1.7,Vir-7831,Phase 3,RBD,3.1
"69-70∆,N501Y,A570D,P681H,T716I,S982A,D1118H",B.1.1.7,Vir-7831,Phase 3,RBD,2.5
"69-70∆,N501Y,A570D,P681H,T716I,S982A,D1118H",B.1.1.7,Vir-7831,Phase 3,RBD,4.0
"69-70∆,N501Y,A570D,P681H,T716I,S982A,D1118H",B.1.1.7,Vir-7831,Phase 3,RBD,12.5
"69-70∆,N501Y,A570D,P681H,T716I,S982A,D1118H",B.1.1.7,Vir-7831,Phase 3,RBD,0.5
"69-70∆,N501Y,A570D,P681H,T716I,S982A,D1118H",B.1.1.7,Vir-7831,Phase 3,RBD,2.3
"69-70∆,N501Y,A570D,P681H,T716I,S982A,D1118H",B.1.1.7,Vir-7831,Phase 3,RBD,1.5
"69-70∆,N501Y,A570D,P681H,T716I,S982A,D1118H",B.1.1.7,Vir-7831/S2E12,,,0.7
"69-70∆,N501Y,A570D,P681H,T716I,S982A,D1118H",B.1.1.7,Vir-7832,,RBD,2.5
"69-70∆,N501Y,A570D,P681H,T716I,S982A,D1118H",B.1.1.7,mAb102,,RBD,1.4
"69-70∆,N501Y,P681H",B.1.1.7 (variation),Casirivimab,Phase 3,RBD,1.1
"69-70∆,N501Y,P681H",B.1.1.7 (variation),Imdevimab,Phase 3,RBD,0.8
"69-70∆,Y453F",,B38,,RBD,0.5
"69-70∆,Y453F",,COVA1-18,,RBD,1.4
"69-70∆,Y453F",,COVA2-15,,RBD,0.9
"69-70∆,Y453F",,Casirivimab,Phase 3,RBD,50.0
"69-70∆,Y453F",,DH1041,,RBD,0.5
"69-70∆,Y453F",,DH1042,,,0.4
"69-70∆,Y453F",,DH1043,,RBD,1.4
"69-70∆,Y453F",,DH1047,,RBD,0.3
"69-70∆,Y453F",,Etesevimab,Phase 3,RBD,3.0
"69-70∆,Y453F",,H4,,RBD,0.3
"69-70∆,Y453F",,Imdevimab,Phase 3,RBD,1.0
"69-70∆,Y453F",,P2B-2F6,,RBD,1.3
"69-70∆,Y453F",,Vir-7831,Phase 3,RBD,2.0
"69-70∆,Y453F,F486L,N501T,M1229I",,Imdevimab,Phase 3,RBD,10.0
"69-70∆,Y453F,I692V,S1147L,M1229I",Mink Cluster 5,Casirivimab,Phase 3,RBD,214.9
"69-70∆,Y453F,I692V,S1147L,M1229I",Mink Cluster 5,Imdevimab,Phase 3,RBD,2.8
"D80A,D215G,242-244∆,K417N,E484K,N501Y,A701V",B.1.351 :-18F-244del-246I (variation),CV2-75,,RBD,1.5
"D80A,D215G,242-244∆,K417N,E484K,N501Y,A701V",B.1.351 :-18F-244del-246I (variation),CV3-1,,RBD,3.7
"D80A,D215G,242-244∆,K417N,E484K,N501Y,A701V",B.1.351 :-18F-244del-246I (variation),CV30,,RBD,15.4
"D80A,D215G,E484K,N501Y,A701V",,Casirivimab,Phase 3,RBD,4.9
"D80A,D215G,E484K,N501Y,A701V",,Imdevimab,Phase 3,RBD,1.0
"D80A,D215G,K417N,E484K,N501Y,A701V",B.1.351 :-18F-242del-243del-244del-246I (variation),CV2-75,,RBD,2.4
"D80A,D215G,K417N,E484K,N501Y,A701V",B.1.351 :-18F-242del-243del-244del-246I (variation),CV3-1,,RBD,3.7
"D80A,D215G,K417N,E484K,N501Y,A701V",B.1.351 :-18F-242del-243del-244del-246I (variation),CV30,,RBD,23.7
"E484K,N501Y",,COV2-2072,,RBD,3.9
"E484K,N501Y",,COV2-2381,,RBD,8.4
"E484K,N501Y",,COV2-2676,,NTD,2.9
"E484K,N501Y",,COV2-3025,,RBD,9.7
"E484K,N501Y",,COVOX-40,,RBD,4.1
"E484K,N501Y",,Cilgavimab,Phase 3,RBD,1.9
"E484K,N501Y",,Cilgavimab/Tixagevimab,,,2.0
"E484K,N501Y",,S2E12,,RBD,6.0
"E484K,N501Y",,S2X259,,RBD,2.2
"E484K,N501Y",,SARS2-10,,RBD,1.9
"E484K,N501Y",,SARS2-3,,RBD,2.1
"E484K,N501Y",,SARS2-31,,RBD,3.7
"E484K,N501Y",,SARS2-44,,RBD,1.4
"E484K,N501Y",,Tixagevimab,Phase 3,RBD,12.0
"E484K,N501Y",,Vir-7831,Phase 3,RBD,5.4
"E484K,N501Y",,Vir-7831/S2E12,,,10.6
"F490L,Q779H",,S2E12,,RBD,1.0
"F490L,Q779H",,S2M11,,RBD,486.5
"G261D,A475V",,S2E12,,RBD,1.6
"G261D,A475V",,S2M11,,RBD,0.7
"G261D,Y453F",,Vir-7831,Phase 3,RBD,2.2
"K417N,E484K,N501Y",B.1.351 RBD,4A8,,NTD,2245.7
"K417N,E484K,N501Y",B.1.351 RBD,4A8,,NTD,0.6
"K417N,E484K,N501Y",B.1.351 RBD,A19-46.1,,RBD,1.6
"K417N,E484K,N501Y",B.1.351 RBD,A19-61.1,,RBD,0.2
"K417N,E484K,N501Y",B.1.351 RBD,A23-58.1,,RBD,2.3
"K417N,E484K,N501Y",B.1.351 RBD,B1-182.1,,RBD,0.6
"K417N,E484K,N501Y",B.1.351 RBD,BRII-196,Phase 3,RBD,0.5
"K417N,E484K,N501Y",B.1.351 RBD,BRII-198,Phase 3,RBD,3.0
"K417N,E484K,N501Y",B.1.351 RBD,Bamlanivimab,Phase 3,RBD,1409.0
"K417N,E484K,N501Y",B.1.351 RBD,Bamlanivimab/Etesevimab,,,45.0
"K417N,E484K,N501Y",B.1.351 RBD,C135,Phase 1,RBD,0.2
"K417N,E484K,N501Y",B.1.351 RBD,C135/C144,,,1.0
"K417N,E484K,N501Y",B.1.351 RBD,C144,Phase 1,RBD,250.0
"K417N,E484K,N501Y",B.1.351 RBD,COV2-2072,,RBD,0.9
"K417N,E484K,N501Y",B.1.351 RBD,COV2-2381,,RBD,0.7
"K417N,E484K,N501Y",B.1.351 RBD,COV2-2489,,NTD,0.1
"K417N,E484K,N501Y",B.1.351 RBD,COV2-2676,,NTD,0.3
"K417N,E484K,N501Y",B.1.351 RBD,COV2-3025,,RBD,1.6
"K417N,E484K,N501Y",B.1.351 RBD,COVOX-40,,RBD,21.9
"K417N,E484K,N501Y",B.1.351 RBD,Casirivimab,Phase 3,RBD,131.8
"K417N,E484K,N501Y",B.1.351 RBD,Casirivimab,Phase 3,RBD,35.9
"K417N,E484K,N501Y",B.1.351 RBD,Casirivimab,Phase 3,RBD,1299.0
"K417N,E484K,N501Y",B.1.351 RBD,Casirivimab,Phase 3,RBD,100.0
"K417N,E484K,N501Y",B.1.351 RBD,Casirivimab/Imdevimab,,,1.0
"K417N,E484K,N501Y",B.1.351 RBD,Casirivimab/Imdevimab,,,0.7
"K417N,E484K,N501Y",B.1.351 RBD,Cilgavimab,Phase 3,RBD,0.6
"K417N,E484K,N501Y",B.1.351 RBD,Cilgavimab,Phase 3,RBD,0.6
"K417N,E484K,N501Y",B.1.351 RBD,Cilgavimab/Tixagevimab,,,0.8
"K417N,E484K,N501Y",B.1.351 RBD,Cilgavimab/Tixagevimab,,,1.0
"K417N,E484K,N501Y",B.1.351 RBD,Etesevimab,Phase 3,RBD,382.0
"K417N,E484K,N501Y",B.1.351 RBD,Imdevimab,Phase 3,RBD,0.2
"K417N,E484K,N501Y",B.1.351 RBD,Imdevimab,Phase 3,RBD,0.7
"K417N,E484K,N501Y",B.1.351 RBD,Imdevimab,Phase 3,RBD,0.4
"K417N,E484K,N501Y",B.1.351 RBD,Imdevimab,Phase 3,RBD,1.0
"K417N,E484K,N501Y",B.1.351 RBD,JMB2002,Phase 1,RBD,2.8
"K417N,E484K,N501Y",B.1.351 RBD,REGN10989,,RBD,2326.0
"K417N,E484K,N501Y",B.1.351 RBD,S2D106,,RBD,0.6
"K417N,E484K,N501Y",B.1.351 RBD,S2D19,,RBD,504.3
"K417N,E484K,N501Y",B.1.351 RBD,S2D32,,RBD,0.4
"K417N,E484K,N501Y",B.1.351 RBD,S2D65,,RBD,0.5
"K417N,E484K,N501Y",B.1.351 RBD,S2D8,,RBD,1863.2
"K417N,E484K,N501Y",B.1.351 RBD,S2D97,,RBD,1.3
"K417N,E484K,N501Y",B.1.351 RBD,S2E11,,RBD,0.6
"K417N,E484K,N501Y",B.1.351 RBD,S2E12,,RBD,0.5
"K417N,E484K,N501Y",B.1.351 RBD,S2E12,,RBD,1.3
"K417N,E484K,N501Y",B.1.351 RBD,S2E13,,RBD,2.2
"K417N,E484K,N501Y",B.1.351 RBD,S2E16,,RBD,1.1
"K417N,E484K,N501Y",B.1.351 RBD,S2E23,,RBD,1.5
"K417N,E484K,N501Y",B.1.351 RBD,S2H14,,RBD,136.5
"K417N,E484K,N501Y",B.1.351 RBD,S2H19,,RBD,418.4
"K417N,E484K,N501Y",B.1.351 RBD,S2H58,,RBD,0.5
"K417N,E484K,N501Y",B.1.351 RBD,S2H7,,RBD,1.9
"K417N,E484K,N501Y",B.1.351 RBD,S2H70,,RBD,0.5
"K417N,E484K,N501Y",B.1.351 RBD,S2H71,,RBD,0.2
"K417N,E484K,N501Y",B.1.351 RBD,S2H90,,RBD,0.3
"K417N,E484K,N501Y",B.1.351 RBD,S2H94,,RBD,1.1
"K417N,E484K,N501Y",B.1.351 RBD,S2H97,,RBD,0.5
"K417N,E484K,N501Y",B.1.351 RBD,S2K15,,RBD,0.6
"K417N,E484K,N501Y",B.1.351 RBD,S2K21,,RBD,1.9
"K417N,E484K,N501Y",B.1.351 RBD,S2K30,,RBD,1.9
"K417N,E484K,N501Y",B.1.351 RBD,S2K63v2,,RBD,1.9
"K417N,E484K,N501Y",B.1.351 RBD,S2L17,,RBD,0.3
"K417N,E484K,N501Y",B.1.351 RBD,S2L26,,NTD,1282.6
"K417N,E484K,N501Y",B.1.351 RBD,S2L49,,RBD,1.5
"K417N,E484K,N501Y",B.1.351 RBD,S2L50,,NTD,0.2
"K417N,E484K,N501Y",B.1.351 RBD,S2M11,,RBD,0.4
"K417N,E484K,N501Y",B.1.351 RBD,S2M28,,NTD,53.7
"K417N,E484K,N501Y",B.1.351 RBD,S2N12,,RBD,0.5
"K417N,E484K,N501Y",B.1.351 RBD,S2N22,,RBD,0.5
"K417N,E484K,N501Y",B.1.351 RBD,S2N28,,RBD,0.3
"K417N,E484K,N501Y",B.1.351 RBD,S2X107,,NTD,418.4
"K417N,E484K,N501Y",B.1.351 RBD,S2X124,,NTD,883.0
"K417N,E484K,N501Y",B.1.351 RBD,S2X128,,RBD,2.2
"K417N,E484K,N501Y",B.1.351 RBD,S2X158,,NTD,1545.9
"K417N,E484K,N501Y",B.1.351 RBD,S2X16,,RBD,1.9
"K417N,E484K,N501Y",B.1.351 RBD,S2X192,,RBD,288.0
"K417N,E484K,N501Y",B.1.351 RBD,S2X227,,RBD,0.6
"K417N,E484K,N501Y",B.1.351 RBD,S2X246,,RBD,0.7
"K417N,E484K,N501Y",B.1.351 RBD,S2X259,,RBD,0.8
"K417N,E484K,N501Y",B.1.351 RBD,S2X259,,RBD,0.6
"K417N,E484K,N501Y",B.1.351 RBD,S2X28,,NTD,94.0
"K417N,E484K,N501Y",B.1.351 RBD,S2X30,,RBD,3.3
"K417N,E484K,N501Y",B.1.351 RBD,S2X303,,NTD,1282.6
"K417N,E484K,N501Y",B.1.351 RBD,S2X305,,RBD,0.7
"K417N,E484K,N501Y",B.1.351 RBD,S2X324,,RBD,3.3
"K417N,E484K,N501Y",B.1.351 RBD,S2X333,,NTD,1282.6
"K417N,E484K,N501Y",B.1.351 RBD,S2X35,,RBD,1.3
"K417N,E484K,N501Y",B.1.351 RBD,S2X450,,RBD,0.5
"K417N,E484K,N501Y",B.1.351 RBD,S2X475,,RBD,0.6
"K417N,E484K,N501Y",B.1.351 RBD,S2X58,,RBD,1.3
"K417N,E484K,N501Y",B.1.351 RBD,S2X607,,RBD,0.5
"K417N,E484K,N501Y",B.1.351 RBD,S2X608,,RBD,1.9
"K417N,E484K,N501Y",B.1.351 RBD,S2X609,,RBD,0.6
"K417N,E484K,N501Y",B.1.351 RBD,S2X613,,RBD,0.6
"K417N,E484K,N501Y",B.1.351 RBD,S2X615,,RBD,0.5
"K417N,E484K,N501Y",B.1.351 RBD,S2X619,,RBD,1.9
"K417N,E484K,N501Y",B.1.351 RBD,S2X620,,RBD,1.3
"K417N,E484K,N501Y",B.1.351 RBD,SARS2-10,,RBD,1.3
"K417N,E484K,N501Y",B.1.351 RBD,SARS2-3,,RBD,0.5
"K417N,E484K,N501Y",B.1.351 RBD,SARS2-31,,RBD,1.7
"K417N,E484K,N501Y",B.1.351 RBD,SARS2-44,,RBD,0.1
"K417N,E484K,N501Y",B.1.351 RBD,Tixagevimab,Phase 3,RBD,4.0
"K417N,E484K,N501Y",B.1.351 RBD,Tixagevimab,Phase 3,RBD,3.6
"K417N,E484K,N501Y",B.1.351 RBD,Vir-7831,Phase 3,RBD,1.0
"K417N,E484K,N501Y",B.1.351 RBD,Vir-7831,Phase 3,RBD,0.8
"K417N,E484K,N501Y",B.1.351 RBD,Vir-7831/S2E12,,,0.9
"K417T,E484K",P.1 (variation),Casirivimab/Imdevimab,,,1.0
"K417T,E484K,N501Y",P.1 (variation),Bamlanivimab/Etesevimab,,,511.0
"L18F,D80A,D215G,242-244∆,K417N,E484K,N501Y,A701V",B.1.351 :-246I (variation),A19-46.1,,RBD,0.1
"L18F,D80A,D215G,242-244∆,K417N,E484K,N501Y,A701V",B.1.351 :-246I (variation),A19-61.1,,RBD,0.2
"L18F,D80A,D215G,242-244∆,K417N,E484K,N501Y,A701V",B.1.351 :-246I (variation),A23-58.1,,RBD,0.6
"L18F,D80A,D215G,242-244∆,K417N,E484K,N501Y,A701V",B.1.351 :-246I (variation),B1-182.1,,RBD,0.2
"L18F,D80A,D215G,242-244∆,K417N,E484K,N501Y,A701V",B.1.351 :-246I (variation),Bamlanivimab,Phase 3,RBD,1409.0
"L18F,D80A,D215G,242-244∆,K417N,E484K,N501Y,A701V",B.1.351 :-246I (variation),Casirivimab,Phase 3,RBD,1299.0
"L18F,D80A,D215G,242-244∆,K417N,E484K,N501Y,A701V",B.1.351 :-246I (variation),Etesevimab,Phase 3,RBD,382.0
"L18F,D80A,D215G,242-244∆,K417N,E484K,N501Y,A701V",B.1.351 :-246I (variation),Imdevimab,Phase 3,RBD,0.3
"L18F,D80A,D215G,242-244∆,K417N,E484K,N501Y,A701V",B.1.351 :-246I (variation),REGN10989,,RBD,2326.0
"L18F,D80A,D215G,242-244∆,R246I,K417N,E484K,N501Y,A701V",B.1.351,1-20,,RBD,14.4
"L18F,D80A,D215G,242-244∆,R246I,K417N,E484K,N501Y,A701V",B.1.351,1-20,,RBD,667.0
"L18F,D80A,D215G,242-244∆,R246I,K417N,E484K,N501Y,A701V",B.1.351,1-57,,RBD,0.3
"L18F,D80A,D215G,242-244∆,R246I,K417N,E484K,N501Y,A701V",B.1.351,1-57,,RBD,5.2
"L18F,D80A,D215G,242-244∆,R246I,K417N,E484K,N501Y,A701V",B.1.351,150HC + 222LC,,RBD,0.5
"L18F,D80A,D215G,242-244∆,R246I,K417N,E484K,N501Y,A701V",B.1.351,158HC + 222LC,,RBD,1.0
"L18F,D80A,D215G,242-244∆,R246I,K417N,E484K,N501Y,A701V",B.1.351,2-15,,RBD,1000.0
"L18F,D80A,D215G,242-244∆,R246I,K417N,E484K,N501Y,A701V",B.1.351,2-15,,RBD,1000.0
"L18F,D80A,D215G,242-244∆,R246I,K417N,E484K,N501Y,A701V",B.1.351,2-17,,NTD,406.6
"L18F,D80A,D215G,242-244∆,R246I,K417N,E484K,N501Y,A701V",B.1.351,2-17,,NTD,456.4
"L18F,D80A,D215G,242-244∆,R246I,K417N,E484K,N501Y,A701V",B.1.351,2-30,,RBD,1000.0
"L18F,D80A,D215G,242-244∆,R246I,K417N,E484K,N501Y,A701V",B.1.351,2-30,,RBD,1000.0
"L18F,D80A,D215G,242-244∆,R246I,K417N,E484K,N501Y,A701V",B.1.351,2-36,,RBD,2.0
"L18F,D80A,D215G,242-244∆,R246I,K417N,E484K,N501Y,A701V",B.1.351,2-36,,RBD,2.1
"L18F,D80A,D215G,242-244∆,R246I,K417N,E484K,N501Y,A701V",B.1.351,2-38,,RBD,1.2
"L18F,D80A,D215G,242-244∆,R246I,K417N,E484K,N501Y,A701V",B.1.351,2-38,,RBD,3.5
"L18F,D80A,D215G,242-244∆,R246I,K417N,E484K,N501Y,A701V",B.1.351,2-4,,RBD,1000.0
"L18F,D80A,D215G,242-244∆,R246I,K417N,E484K,N501Y,A701V",B.1.351,2-4,,RBD,1000.0
"L18F,D80A,D215G,242-244∆,R246I,K417N,E484K,N501Y,A701V",B.1.351,2-43,,RBD,1000.0
"L18F,D80A,D215G,242-244∆,R246I,K417N,E484K,N501Y,A701V",B.1.351,2-43,,RBD,1000.0
"L18F,D80A,D215G,242-244∆,R246I,K417N,E484K,N501Y,A701V",B.1.351,2-7,,RBD,0.8
"L18F,D80A,D215G,242-244∆,R246I,K417N,E484K,N501Y,A701V",B.1.351,2-7,,RBD,0.9
"L18F,D80A,D215G,242-244∆,R246I,K417N,E484K,N501Y,A701V",B.1.351,222HC + 222LC,,RBD,1.3
"L18F,D80A,D215G,242-244∆,R246I,K417N,E484K,N501Y,A701V",B.1.351,4-19,,NTD,595.2
"L18F,D80A,D215G,242-244∆,R246I,K417N,E484K,N501Y,A701V",B.1.351,4-19,,NTD,1000.0
"L18F,D80A,D215G,242-244∆,R246I,K417N,E484K,N501Y,A701V",B.1.351,4-20,,RBD,1000.0
"L18F,D80A,D215G,242-244∆,R246I,K417N,E484K,N501Y,A701V",B.1.351,4-20,,RBD,1000.0
"L18F,D80A,D215G,242-244∆,R246I,K417N,E484K,N501Y,A701V",B.1.351,4-8,,NTD,1000.0
"L18F,D80A,D215G,242-244∆,R246I,K417N,E484K,N501Y,A701V",B.1.351,4-8,,NTD,1000.0
"L18F,D80A,D215G,242-244∆,R246I,K417N,E484K,N501Y,A701V",B.1.351,4A8,,NTD,1000.0
"L18F,D80A,D215G,242-244∆,R246I,K417N,E484K,N501Y,A701V",B.1.351,4A8,,NTD,1000.0
"L18F,D80A,D215G,242-244∆,R246I,K417N,E484K,N501Y,A701V",B.1.351,5-24,,NTD,1000.0
"L18F,D80A,D215G,242-244∆,R246I,K417N,E484K,N501Y,A701V",B.1.351,5-24,,NTD,1000.0
"L18F,D80A,D215G,242-244∆,R246I,K417N,E484K,N501Y,A701V",B.1.351,5-7,,NTD,18.1
"L18F,D80A,D215G,242-244∆,R246I,K417N,E484K,N501Y,A701V",B.1.351,5-7,,NTD,84.8
"L18F,D80A,D215G,242-244∆,R246I,K417N,E484K,N501Y,A701V",B.1.351,910-30,,RBD,456.6
"L18F,D80A,D215G,242-244∆,R246I,K417N,E484K,N501Y,A701V",B.1.351,910-30,,RBD,1000.0
"L18F,D80A,D215G,242-244∆,R246I,K417N,E484K,N501Y,A701V",B.1.351,A19-46.1,,RBD,2.5
"L18F,D80A,D215G,242-244∆,R246I,K417N,E484K,N501Y,A701V",B.1.351,A19-61.1,,RBD,0.1
"L18F,D80A,D215G,242-244∆,R246I,K417N,E484K,N501Y,A701V",B.1.351,A23-58.1,,RBD,6.0
"L18F,D80A,D215G,242-244∆,R246I,K417N,E484K,N501Y,A701V",B.1.351,ADG10,,RBD,1.9
"L18F,D80A,D215G,242-244∆,R246I,K417N,E484K,N501Y,A701V",B.1.351,ADG20,Phase 1,RBD,2.5
"L18F,D80A,D215G,242-244∆,R246I,K417N,E484K,N501Y,A701V",B.1.351,ADG30,,RBD,4.4
"L18F,D80A,D215G,242-244∆,R246I,K417N,E484K,N501Y,A701V",B.1.351,B1-182.1,,RBD,0.2
"L18F,D80A,D215G,242-244∆,R246I,K417N,E484K,N501Y,A701V",B.1.351,BRII-196,Phase 3,RBD,0.6
"L18F,D80A,D215G,242-244∆,R246I,K417N,E484K,N501Y,A701V",B.1.351,BRII-196,Phase 3,RBD,0.5
"L18F,D80A,D215G,242-244∆,R246I,K417N,E484K,N501Y,A701V",B.1.351,BRII-196,Phase 3,RBD,0.5
"L18F,D80A,D215G,242-244∆,R246I,K417N,E484K,N501Y,A701V",B.1.351,BRII-196/BRII-198,,,0.8
"L18F,D80A,D215G,242-244∆,R246I,K417N,E484K,N501Y,A701V",B.1.351,BRII-196/BRII-198,,,1.1
"L18F,D80A,D215G,242-244∆,R246I,K417N,E484K,N501Y,A701V",B.1.351,BRII-198,Phase 3,RBD,3.4
"L18F,D80A,D215G,242-244∆,R246I,K417N,E484K,N501Y,A701V",B.1.351,BRII-198,Phase 3,RBD,14.6
"L18F,D80A,D215G,242-244∆,R246I,K417N,E484K,N501Y,A701V",B.1.351,BRII-198,Phase 3,RBD,6.0
"L18F,D80A,D215G,242-244∆,R246I,K417N,E484K,N501Y,A701V",B.1.351,Bamlanivimab,Phase 3,RBD,2360.0
"L18F,D80A,D215G,242-244∆,R246I,K417N,E484K,N501Y,A701V",B.1.351,Bamlanivimab,Phase 3,RBD,8346.1
"L18F,D80A,D215G,242-244∆,R246I,K417N,E484K,N501Y,A701V",B.1.351,Bamlanivimab,Phase 3,RBD,1000.0
"L18F,D80A,D215G,242-244∆,R246I,K417N,E484K,N501Y,A701V",B.1.351,Bamlanivimab,Phase 3,RBD,1000.0
"L18F,D80A,D215G,242-244∆,R246I,K417N,E484K,N501Y,A701V",B.1.351,Bamlanivimab,Phase 3,RBD,1409.0
"L18F,D80A,D215G,242-244∆,R246I,K417N,E484K,N501Y,A701V",B.1.351,Bamlanivimab,Phase 3,RBD,1545.3
"L18F,D80A,D215G,242-244∆,R246I,K417N,E484K,N501Y,A701V",B.1.351,Bamlanivimab/Etesevimab,,,45.0
"L18F,D80A,D215G,242-244∆,R246I,K417N,E484K,N501Y,A701V",B.1.351,Bamlanivimab/Etesevimab,,,4205.4
"L18F,D80A,D215G,242-244∆,R246I,K417N,E484K,N501Y,A701V",B.1.351,Bamlanivimab/Etesevimab,,,1202.9
"L18F,D80A,D215G,242-244∆,R246I,K417N,E484K,N501Y,A701V",B.1.351,C121,,RBD,1000.0
"L18F,D80A,D215G,242-244∆,R246I,K417N,E484K,N501Y,A701V",B.1.351,C121,,RBD,1000.0
"L18F,D80A,D215G,242-244∆,R246I,K417N,E484K,N501Y,A701V",B.1.351,C135,Phase 1,RBD,0.8
"L18F,D80A,D215G,242-244∆,R246I,K417N,E484K,N501Y,A701V",B.1.351,C135,Phase 1,RBD,1.0
"L18F,D80A,D215G,242-244∆,R246I,K417N,E484K,N501Y,A701V",B.1.351,COV2-2072,,RBD,0.7
"L18F,D80A,D215G,242-244∆,R246I,K417N,E484K,N501Y,A701V",B.1.351,COV2-2381,,RBD,1.0
"L18F,D80A,D215G,242-244∆,R246I,K417N,E484K,N501Y,A701V",B.1.351,COV2-3025,,RBD,1.6
"L18F,D80A,D215G,242-244∆,R246I,K417N,E484K,N501Y,A701V",B.1.351,COVA1-16,,RBD,0.8
"L18F,D80A,D215G,242-244∆,R246I,K417N,E484K,N501Y,A701V",B.1.351,COVA1-16,,RBD,1.0
"L18F,D80A,D215G,242-244∆,R246I,K417N,E484K,N501Y,A701V",B.1.351,COVOX-40,,RBD,11.1
"L18F,D80A,D215G,242-244∆,R246I,K417N,E484K,N501Y,A701V",B.1.351,CQ012,,,17.5
"L18F,D80A,D215G,242-244∆,R246I,K417N,E484K,N501Y,A701V",B.1.351,CQ016,,,1.5
"L18F,D80A,D215G,242-244∆,R246I,K417N,E484K,N501Y,A701V",B.1.351,CQ024,,,2.1
"L18F,D80A,D215G,242-244∆,R246I,K417N,E484K,N501Y,A701V",B.1.351,CQ028,,,3.0
"L18F,D80A,D215G,242-244∆,R246I,K417N,E484K,N501Y,A701V",B.1.351,CQ045,,,1.0
"L18F,D80A,D215G,242-244∆,R246I,K417N,E484K,N501Y,A701V",B.1.351,CQ046,,,7.8
"L18F,D80A,D215G,242-244∆,R246I,K417N,E484K,N501Y,A701V",B.1.351,Casirivimab,Phase 3,RBD,45.0
"L18F,D80A,D215G,242-244∆,R246I,K417N,E484K,N501Y,A701V",B.1.351,Casirivimab,Phase 3,RBD,48.0
"L18F,D80A,D215G,242-244∆,R246I,K417N,E484K,N501Y,A701V",B.1.351,Casirivimab,Phase 3,RBD,76.3
"L18F,D80A,D215G,242-244∆,R246I,K417N,E484K,N501Y,A701V",B.1.351,Casirivimab,Phase 3,RBD,58.8
"L18F,D80A,D215G,242-244∆,R246I,K417N,E484K,N501Y,A701V",B.1.351,Casirivimab,Phase 3,RBD,1000.0
"L18F,D80A,D215G,242-244∆,R246I,K417N,E484K,N501Y,A701V",B.1.351,Casirivimab,Phase 3,RBD,13.0
"L18F,D80A,D215G,242-244∆,R246I,K417N,E484K,N501Y,A701V",B.1.351,Casirivimab,Phase 3,RBD,1299.0
"L18F,D80A,D215G,242-244∆,R246I,K417N,E484K,N501Y,A701V",B.1.351,Casirivimab,Phase 3,RBD,773.7
"L18F,D80A,D215G,242-244∆,R246I,K417N,E484K,N501Y,A701V",B.1.351,Casirivimab/Imdevimab,,,0.6
"L18F,D80A,D215G,242-244∆,R246I,K417N,E484K,N501Y,A701V",B.1.351,Casirivimab/Imdevimab,,,1.0
"L18F,D80A,D215G,242-244∆,R246I,K417N,E484K,N501Y,A701V",B.1.351,Casirivimab/Imdevimab,,,1.3
"L18F,D80A,D215G,242-244∆,R246I,K417N,E484K,N501Y,A701V",B.1.351,Casirivimab/Imdevimab,,,8.1
"L18F,D80A,D215G,242-244∆,R246I,K417N,E484K,N501Y,A701V",B.1.351,Cilgavimab,Phase 3,RBD,1.0
"L18F,D80A,D215G,242-244∆,R246I,K417N,E484K,N501Y,A701V",B.1.351,Cilgavimab,Phase 3,RBD,0.3
"L18F,D80A,D215G,242-244∆,R246I,K417N,E484K,N501Y,A701V",B.1.351,Cilgavimab,Phase 3,RBD,0.3
"L18F,D80A,D215G,242-244∆,R246I,K417N,E484K,N501Y,A701V",B.1.351,Cilgavimab,Phase 3,RBD,1.1
"L18F,D80A,D215G,242-244∆,R246I,K417N,E484K,N501Y,A701V",B.1.351,Cilgavimab/Tixagevimab,,,1.3
"L18F,D80A,D215G,242-244∆,R246I,K417N,E484K,N501Y,A701V",B.1.351,Cilgavimab/Tixagevimab,,,12.0
"L18F,D80A,D215G,242-244∆,R246I,K417N,E484K,N501Y,A701V",B.1.351,Cilgavimab/Tixagevimab,,,0.8
"L18F,D80A,D215G,242-244∆,R246I,K417N,E484K,N501Y,A701V",B.1.351,Cilgavimab/Tixagevimab,,,1.4
"L18F,D80A,D215G,242-244∆,R246I,K417N,E484K,N501Y,A701V",B.1.351,Etesevimab,Phase 3,RBD,1000.0
"L18F,D80A,D215G,242-244∆,R246I,K417N,E484K,N501Y,A701V",B.1.351,Etesevimab,Phase 3,RBD,1000.0
"L18F,D80A,D215G,242-244∆,R246I,K417N,E484K,N501Y,A701V",B.1.351,Etesevimab,Phase 3,RBD,382.0
"L18F,D80A,D215G,242-244∆,R246I,K417N,E484K,N501Y,A701V",B.1.351,Etesevimab,Phase 3,RBD,291.2
"L18F,D80A,D215G,242-244∆,R246I,K417N,E484K,N501Y,A701V",B.1.351,Fab 150,,RBD,29.4
"L18F,D80A,D215G,242-244∆,R246I,K417N,E484K,N501Y,A701V",B.1.351,Fab 158,,RBD,395.2
"L18F,D80A,D215G,242-244∆,R246I,K417N,E484K,N501Y,A701V",B.1.351,Fab 175,,RBD,512.5
"L18F,D80A,D215G,242-244∆,R246I,K417N,E484K,N501Y,A701V",B.1.351,Fab 222,,RBD,0.8
"L18F,D80A,D215G,242-244∆,R246I,K417N,E484K,N501Y,A701V",B.1.351,Imdevimab,Phase 3,RBD,0.1
"L18F,D80A,D215G,242-244∆,R246I,K417N,E484K,N501Y,A701V",B.1.351,Imdevimab,Phase 3,RBD,1.0
"L18F,D80A,D215G,242-244∆,R246I,K417N,E484K,N501Y,A701V",B.1.351,Imdevimab,Phase 3,RBD,2.3
"L18F,D80A,D215G,242-244∆,R246I,K417N,E484K,N501Y,A701V",B.1.351,Imdevimab,Phase 3,RBD,0.6
"L18F,D80A,D215G,242-244∆,R246I,K417N,E484K,N501Y,A701V",B.1.351,Imdevimab,Phase 3,RBD,3.5
"L18F,D80A,D215G,242-244∆,R246I,K417N,E484K,N501Y,A701V",B.1.351,Imdevimab,Phase 3,RBD,0.5
"L18F,D80A,D215G,242-244∆,R246I,K417N,E484K,N501Y,A701V",B.1.351,Imdevimab,Phase 3,RBD,0.2
"L18F,D80A,D215G,242-244∆,R246I,K417N,E484K,N501Y,A701V",B.1.351,Imdevimab,Phase 3,RBD,0.2
"L18F,D80A,D215G,242-244∆,R246I,K417N,E484K,N501Y,A701V",B.1.351,REGN10985,,RBD,0.7
"L18F,D80A,D215G,242-244∆,R246I,K417N,E484K,N501Y,A701V",B.1.351,REGN10985,,RBD,0.2
"L18F,D80A,D215G,242-244∆,R246I,K417N,E484K,N501Y,A701V",B.1.351,REGN10989,,RBD,2326.0
"L18F,D80A,D215G,242-244∆,R246I,K417N,E484K,N501Y,A701V",B.1.351,S2E12,,RBD,0.4
"L18F,D80A,D215G,242-244∆,R246I,K417N,E484K,N501Y,A701V",B.1.351,S2X259,,RBD,0.5
"L18F,D80A,D215G,242-244∆,R246I,K417N,E484K,N501Y,A701V",B.1.351,SARS2-10,,RBD,1.8
"L18F,D80A,D215G,242-244∆,R246I,K417N,E484K,N501Y,A701V",B.1.351,SARS2-3,,RBD,0.9
"L18F,D80A,D215G,242-244∆,R246I,K417N,E484K,N501Y,A701V",B.1.351,SARS2-31,,RBD,2.0
"L18F,D80A,D215G,242-244∆,R246I,K417N,E484K,N501Y,A701V",B.1.351,SARS2-44,,RBD,0.2
"L18F,D80A,D215G,242-244∆,R246I,K417N,E484K,N501Y,A701V",B.1.351,Tixagevimab,Phase 3,RBD,3.5
"L18F,D80A,D215G,242-244∆,R246I,K417N,E484K,N501Y,A701V",B.1.351,Tixagevimab,Phase 3,RBD,6.3
"L18F,D80A,D215G,242-244∆,R246I,K417N,E484K,N501Y,A701V",B.1.351,Tixagevimab,Phase 3,RBD,1.7
"L18F,D80A,D215G,242-244∆,R246I,K417N,E484K,N501Y,A701V",B.1.351,Tixagevimab,Phase 3,RBD,8.9
"L18F,D80A,D215G,242-244∆,R246I,K417N,E484K,N501Y,A701V",B.1.351,Vir-7831,Phase 3,RBD,0.8
"L18F,D80A,D215G,242-244∆,R246I,K417N,E484K,N501Y,A701V",B.1.351,Vir-7831,Phase 3,RBD,1.0
"L18F,D80A,D215G,242-244∆,R246I,K417N,E484K,N501Y,A701V",B.1.351,Vir-7831,Phase 3,RBD,2.2
"L18F,D80A,D215G,242-244∆,R246I,K417N,E484K,N501Y,A701V",B.1.351,Vir-7831,Phase 3,RBD,1.0
"L18F,D80A,D215G,242-244∆,R246I,K417N,E484K,N501Y,A701V",B.1.351,Vir-7831,Phase 3,RBD,0.5
"L18F,D80A,D215G,242-244∆,R246I,K417N,E484K,N501Y,A701V",B.1.351,Vir-7831,Phase 3,RBD,0.6
"L18F,D80A,D215G,242-244∆,R246I,K417N,E484K,N501Y,A701V",B.1.351,Vir-7831,Phase 3,RBD,2.0
"L18F,D80A,D215G,242-244∆,R246I,K417N,E484K,N501Y,A701V",B.1.351,Vir-7831/S2E12,,,0.6
"L18F,D80A,D215G,242-244∆,R246I,K417N,E484K,N501Y,A701V",B.1.351,Vir-7832,,RBD,0.7
"L18F,D80A,D215G,242-244∆,R246I,K417N,E484K,N501Y,A701V",B.1.351,mAb102,,RBD,0.6
"L18F,T20N,P26S,D138Y,R190S,K417T,E484K,N501Y,H655Y,T1027I,V1176F",P.1,1-57,,RBD,1.2
"L18F,T20N,P26S,D138Y,R190S,K417T,E484K,N501Y,H655Y,T1027I,V1176F",P.1,150HC + 222LC,,RBD,0.4
"L18F,T20N,P26S,D138Y,R190S,K417T,E484K,N501Y,H655Y,T1027I,V1176F",P.1,158HC + 222LC,,RBD,0.3
"L18F,T20N,P26S,D138Y,R190S,K417T,E484K,N501Y,H655Y,T1027I,V1176F",P.1,2-36,,RBD,1.0
"L18F,T20N,P26S,D138Y,R190S,K417T,E484K,N501Y,H655Y,T1027I,V1176F",P.1,2-7,,RBD,0.8
"L18F,T20N,P26S,D138Y,R190S,K417T,E484K,N501Y,H655Y,T1027I,V1176F",P.1,222HC + 222LC,,RBD,0.8
"L18F,T20N,P26S,D138Y,R190S,K417T,E484K,N501Y,H655Y,T1027I,V1176F",P.1,269HC + 222LC,,RBD,1.0
"L18F,T20N,P26S,D138Y,R190S,K417T,E484K,N501Y,H655Y,T1027I,V1176F",P.1,4-8,,NTD,0.2
"L18F,T20N,P26S,D138Y,R190S,K417T,E484K,N501Y,H655Y,T1027I,V1176F",P.1,4A8,,NTD,7.9
"L18F,T20N,P26S,D138Y,R190S,K417T,E484K,N501Y,H655Y,T1027I,V1176F",P.1,5-24,,NTD,1.0
"L18F,T20N,P26S,D138Y,R190S,K417T,E484K,N501Y,H655Y,T1027I,V1176F",P.1,ADG10,,RBD,0.5
"L18F,T20N,P26S,D138Y,R190S,K417T,E484K,N501Y,H655Y,T1027I,V1176F",P.1,ADG20,Phase 1,RBD,2.2
"L18F,T20N,P26S,D138Y,R190S,K417T,E484K,N501Y,H655Y,T1027I,V1176F",P.1,ADG30,,RBD,0.3
"L18F,T20N,P26S,D138Y,R190S,K417T,E484K,N501Y,H655Y,T1027I,V1176F",P.1,BRII-196,Phase 3,RBD,0.3
"L18F,T20N,P26S,D138Y,R190S,K417T,E484K,N501Y,H655Y,T1027I,V1176F",P.1,BRII-198,Phase 3,RBD,0.7
"L18F,T20N,P26S,D138Y,R190S,K417T,E484K,N501Y,H655Y,T1027I,V1176F",P.1,Bamlanivimab,Phase 3,RBD,2360.0
"L18F,T20N,P26S,D138Y,R190S,K417T,E484K,N501Y,H655Y,T1027I,V1176F",P.1,Bamlanivimab,Phase 3,RBD,1545.3
"L18F,T20N,P26S,D138Y,R190S,K417T,E484K,N501Y,H655Y,T1027I,V1176F",P.1,Bamlanivimab/Etesevimab,,,511.0
"L18F,T20N,P26S,D138Y,R190S,K417T,E484K,N501Y,H655Y,T1027I,V1176F",P.1,COV2-2072,,RBD,0.9
"L18F,T20N,P26S,D138Y,R190S,K417T,E484K,N501Y,H655Y,T1027I,V1176F",P.1,COV2-2489,,NTD,0.9
"L18F,T20N,P26S,D138Y,R190S,K417T,E484K,N501Y,H655Y,T1027I,V1176F",P.1,COV2-3025,,RBD,2.6
"L18F,T20N,P26S,D138Y,R190S,K417T,E484K,N501Y,H655Y,T1027I,V1176F",P.1,Casirivimab,Phase 3,RBD,143.0
"L18F,T20N,P26S,D138Y,R190S,K417T,E484K,N501Y,H655Y,T1027I,V1176F",P.1,Casirivimab,Phase 3,RBD,16.0
"L18F,T20N,P26S,D138Y,R190S,K417T,E484K,N501Y,H655Y,T1027I,V1176F",P.1,Casirivimab,Phase 3,RBD,455.0
"L18F,T20N,P26S,D138Y,R190S,K417T,E484K,N501Y,H655Y,T1027I,V1176F",P.1,Casirivimab,Phase 3,RBD,8.2
"L18F,T20N,P26S,D138Y,R190S,K417T,E484K,N501Y,H655Y,T1027I,V1176F",P.1,Casirivimab,Phase 3,RBD,1455.2
"L18F,T20N,P26S,D138Y,R190S,K417T,E484K,N501Y,H655Y,T1027I,V1176F",P.1,Casirivimab/Imdevimab,,,0.1
"L18F,T20N,P26S,D138Y,R190S,K417T,E484K,N501Y,H655Y,T1027I,V1176F",P.1,Casirivimab/Imdevimab,,,1.0
"L18F,T20N,P26S,D138Y,R190S,K417T,E484K,N501Y,H655Y,T1027I,V1176F",P.1,Cilgavimab,Phase 3,RBD,0.4
"L18F,T20N,P26S,D138Y,R190S,K417T,E484K,N501Y,H655Y,T1027I,V1176F",P.1,Cilgavimab,Phase 3,RBD,0.5
"L18F,T20N,P26S,D138Y,R190S,K417T,E484K,N501Y,H655Y,T1027I,V1176F",P.1,Cilgavimab/Tixagevimab,,,0.7
"L18F,T20N,P26S,D138Y,R190S,K417T,E484K,N501Y,H655Y,T1027I,V1176F",P.1,Etesevimab,Phase 3,RBD,291.2
"L18F,T20N,P26S,D138Y,R190S,K417T,E484K,N501Y,H655Y,T1027I,V1176F",P.1,Fab 150,,RBD,0.8
"L18F,T20N,P26S,D138Y,R190S,K417T,E484K,N501Y,H655Y,T1027I,V1176F",P.1,Fab 158,,RBD,139.7
"L18F,T20N,P26S,D138Y,R190S,K417T,E484K,N501Y,H655Y,T1027I,V1176F",P.1,Fab 175,,RBD,512.5
"L18F,T20N,P26S,D138Y,R190S,K417T,E484K,N501Y,H655Y,T1027I,V1176F",P.1,Fab 222,,RBD,0.5
"L18F,T20N,P26S,D138Y,R190S,K417T,E484K,N501Y,H655Y,T1027I,V1176F",P.1,Imdevimab,Phase 3,RBD,0.7
"L18F,T20N,P26S,D138Y,R190S,K417T,E484K,N501Y,H655Y,T1027I,V1176F",P.1,Imdevimab,Phase 3,RBD,0.7
"L18F,T20N,P26S,D138Y,R190S,K417T,E484K,N501Y,H655Y,T1027I,V1176F",P.1,Imdevimab,Phase 3,RBD,0.4
"L18F,T20N,P26S,D138Y,R190S,K417T,E484K,N501Y,H655Y,T1027I,V1176F",P.1,Imdevimab,Phase 3,RBD,0.3
"L18F,T20N,P26S,D138Y,R190S,K417T,E484K,N501Y,H655Y,T1027I,V1176F",P.1,Imdevimab,Phase 3,RBD,0.4
"L18F,T20N,P26S,D138Y,R190S,K417T,E484K,N501Y,H655Y,T1027I,V1176F",P.1,SARS2-10,,RBD,0.6
"L18F,T20N,P26S,D138Y,R190S,K417T,E484K,N501Y,H655Y,T1027I,V1176F",P.1,SARS2-3,,RBD,0.1
"L18F,T20N,P26S,D138Y,R190S,K417T,E484K,N501Y,H655Y,T1027I,V1176F",P.1,SARS2-31,,RBD,0.9
"L18F,T20N,P26S,D138Y,R190S,K417T,E484K,N501Y,H655Y,T1027I,V1176F",P.1,SARS2-44,,RBD,0.6
"L18F,T20N,P26S,D138Y,R190S,K417T,E484K,N501Y,H655Y,T1027I,V1176F",P.1,Tixagevimab,Phase 3,RBD,3.5
"L18F,T20N,P26S,D138Y,R190S,K417T,E484K,N501Y,H655Y,T1027I,V1176F",P.1,Tixagevimab,Phase 3,RBD,8.8
"L18F,T20N,P26S,D138Y,R190S,K417T,E484K,N501Y,H655Y,T1027I,V1176F",P.1,Vir-7831,Phase 3,RBD,1.4
"L18F,T20N,P26S,D138Y,R190S,K417T,E484K,N501Y,H655Y,T1027I,V1176F",P.1,Vir-7831,Phase 3,RBD,0.7
"L18F,T20N,P26S,D138Y,R190S,K417T,E484K,N501Y,H655Y,T1027I,V1176F",P.1,Vir-7831,Phase 3,RBD,0.4
"L18F,T20N,P26S,D138Y,R190S,K417T,E484K,N501Y,H655Y,T1027I,V1176F",P.1,Vir-7831,Phase 3,RBD,1.9
"L18F,T20N,P26S,D138Y,R190S,K417T,E484K,N501Y,H655Y,T1027I,V1176F",P.1,Vir-7832,,RBD,0.4
"L5F,T95I,D253G,E484K,A701V",B.1.526,Bamlanivimab,Phase 3,RBD,2360.0
"L5F,T95I,D253G,E484K,A701V",B.1.526,Bamlanivimab/Etesevimab,,,17.0
"L5F,T95I,D253G,E484K,A701V",B.1.526,Casirivimab/Imdevimab,,,1.0
"N354D,D364Y",,JMB2002,Phase 1,RBD,0.6
"N439K,F1121L",,S2E12,,RBD,0.6
"N439K,F1121L",,S2M11,,RBD,2.5
"N501Y,Q677H",COH.20G/677H,Casirivimab,Phase 3,RBD,0.8
"N501Y,Q677H",COH.20G/677H,Imdevimab,Phase 3,RBD,0.3
"S13I,W152C,L452R",B.1.427/9,Bamlanivimab,Phase 3,RBD,1020.0
"S13I,W152C,L452R",B.1.427/9,Bamlanivimab,Phase 3,RBD,10000.0
"S13I,W152C,L452R",B.1.427/9,Bamlanivimab/Etesevimab,,,7.7
"S13I,W152C,L452R",B.1.427/9,Casirivimab,Phase 3,RBD,1.3
"S13I,W152C,L452R",B.1.427/9,Casirivimab/Imdevimab,,,1.0
"S13I,W152C,L452R",B.1.427/9,Etesevimab,Phase 3,RBD,5.5
"S13I,W152C,L452R",B.1.427/9,Imdevimab,Phase 3,RBD,2.1
"S13I,W152C,L452R",B.1.427/9,Regdanvimab,Phase 3,RBD,14.4
"S13I,W152C,L452R",B.1.427/9,S2D106,,RBD,0.6
"S13I,W152C,L452R",B.1.427/9,S2D19,,RBD,0.2
"S13I,W152C,L452R",B.1.427/9,S2D32,,RBD,18.3
"S13I,W152C,L452R",B.1.427/9,S2D8,,RBD,1.0
"S13I,W152C,L452R",B.1.427/9,S2D97,,RBD,2.1
"S13I,W152C,L452R",B.1.427/9,S2E12,,RBD,0.6
"S13I,W152C,L452R",B.1.427/9,S2H14,,RBD,0.3
"S13I,W152C,L452R",B.1.427/9,S2H19,,RBD,0.4
"S13I,W152C,L452R",B.1.427/9,S2H58,,RBD,0.8
"S13I,W152C,L452R",B.1.427/9,S2H7,,RBD,1.6
"S13I,W152C,L452R",B.1.427/9,S2H70,,RBD,23.4
"S13I,W152C,L452R",B.1.427/9,S2H71,,RBD,4.3
"S13I,W152C,L452R",B.1.427/9,S2H94,,RBD,0.5
"S13I,W152C,L452R",B.1.427/9,S2H97,,RBD,0.4
"S13I,W152C,L452R",B.1.427/9,S2M11,,RBD,1.6
"S13I,W152C,L452R",B.1.427/9,S2N12,,RBD,6158.5
"S13I,W152C,L452R",B.1.427/9,S2N22,,RBD,29.8
"S13I,W152C,L452R",B.1.427/9,S2N28,,RBD,1.0
"S13I,W152C,L452R",B.1.427/9,S2X128,,RBD,1.0
"S13I,W152C,L452R",B.1.427/9,S2X192,,RBD,1.0
"S13I,W152C,L452R",B.1.427/9,S2X259,,RBD,1.0
"S13I,W152C,L452R",B.1.427/9,S2X30,,RBD,10000.0
"S13I,W152C,L452R",B.1.427/9,S2X305,,RBD,545.6
"S13I,W152C,L452R",B.1.427/9,S2X58,,RBD,6158.5
"S13I,W152C,L452R",B.1.427/9,S2X608,,RBD,4832.9
"S13I,W152C,L452R",B.1.427/9,S2X609,,RBD,4832.9
"S13I,W152C,L452R",B.1.427/9,S2X615,,RBD,1.0
"S13I,W152C,L452R",B.1.427/9,S2X619,,RBD,4832.9
"S13I,W152C,L452R",B.1.427/9,Vir-7831,Phase 3,RBD,0.8
"T95I,N354K",,Vir-7831,Phase 3,RBD,0.8
"Y248ins,E484K",PT188_EM,B07,,RBD,2.5
"Y248ins,E484K",PT188_EM,C14,,RBD,0.6
"Y248ins,E484K",PT188_EM,I14,,RBD,16.1
"Y248ins,E484K",PT188_EM,J08,,RBD,5.7
"Y453F,Q498H",,Etesevimab,Phase 3,RBD,3.0
