variant,nickname,fold
"69-70∆,D796H",Kemp21-d101,1.6
"69-70∆,D796H",Kemp21-d101,1.9
"69-70∆,D796H",Kemp21-d101,1.9
"69-70∆,E484K,N501Y,A570D,P681H,T716I,S982A,D1118H",B.1.1.7 + 484K (variation),69.8
"69-70∆,E484K,N501Y,A570D,P681H,T716I,S982A,D1118H",B.1.1.7 + 484K (variation),21.8
"69-70∆,E484K,N501Y,A570D,P681H,T716I,S982A,D1118H",B.1.1.7 + 484K (variation),18.2
"69-70∆,E484K,N501Y,A570D,P681H,T716I,S982A,D1118H",B.1.1.7 + 484K (variation),16.6
"69-70∆,E484K,N501Y,A570D,P681H,T716I,S982A,D1118H",B.1.1.7 + 484K (variation),18.2
"69-70∆,E484K,N501Y,A570D,P681H,T716I,S982A,D1118H",B.1.1.7 + 484K (variation),13.9
"69-70∆,E484K,N501Y,A570D,P681H,T716I,S982A,D1118H",B.1.1.7 + 484K (variation),13.9
"69-70∆,E484K,N501Y,A570D,P681H,T716I,S982A,D1118H",B.1.1.7 + 484K (variation),11.6
"69-70∆,E484K,N501Y,A570D,P681H,T716I,S982A,D1118H",B.1.1.7 + 484K (variation),9.7
"69-70∆,E484K,N501Y,A570D,P681H,T716I,S982A,D1118H",B.1.1.7 + 484K (variation),9.7
"69-70∆,E484K,N501Y,A570D,P681H,T716I,S982A,D1118H",B.1.1.7 + 484K (variation),4.7
"69-70∆,E484K,N501Y,A570D,P681H,T716I,S982A,D1118H",B.1.1.7 + 484K (variation),3.6
"69-70∆,E484K,N501Y,A570D,P681H,T716I,S982A,D1118H",B.1.1.7 + 484K (variation),3.0
"69-70∆,E484K,N501Y,A570D,P681H,T716I,S982A,D1118H",B.1.1.7 + 484K (variation),3.0
"69-70∆,E484K,N501Y,A570D,P681H,T716I,S982A,D1118H",B.1.1.7 + 484K (variation),3.0
"69-70∆,E484K,N501Y,A570D,P681H,T716I,S982A,D1118H",B.1.1.7 + 484K (variation),2.5
"69-70∆,E484K,N501Y,A570D,P681H,T716I,S982A,D1118H",B.1.1.7 + 484K (variation),2.1
"69-70∆,E484K,N501Y,A570D,P681H,T716I,S982A,D1118H",B.1.1.7 + 484K (variation),1.3
"69-70∆,E484K,N501Y,A570D,P681H,T716I,S982A,D1118H",B.1.1.7 + 484K (variation),0.5
"69-70∆,E484K,N501Y,A570D,P681H,T716I,S982A,D1118H",B.1.1.7 + 484K (variation),0.3
"69-70∆,N501Y",B.1.1.7 (variation),0.6
"69-70∆,N501Y",B.1.1.7 (variation),0.6
"69-70∆,N501Y",B.1.1.7 (variation),1.0
"69-70∆,N501Y",B.1.1.7 (variation),0.9
"69-70∆,N501Y",B.1.1.7 (variation),2.0
"69-70∆,N501Y",B.1.1.7 (variation),1.4
"69-70∆,N501Y",B.1.1.7 (variation),0.7
"69-70∆,N501Y",B.1.1.7 (variation),0.8
"69-70∆,N501Y",B.1.1.7 (variation),0.7
"69-70∆,N501Y",B.1.1.7 (variation),1.1
"69-70∆,N501Y",B.1.1.7 (variation),0.7
"69-70∆,N501Y",B.1.1.7 (variation),2.1
"69-70∆,N501Y",B.1.1.7 (variation),0.8
"69-70∆,N501Y",B.1.1.7 (variation),0.7
"69-70∆,N501Y",B.1.1.7 (variation),1.0
"69-70∆,N501Y,A570D",B.1.1.7 (variation),0.2
"69-70∆,N501Y,A570D",B.1.1.7 (variation),1.7
"69-70∆,N501Y,A570D",B.1.1.7 (variation),0.5
"69-70∆,N501Y,A570D",B.1.1.7 (variation),0.4
"69-70∆,N501Y,A570D",B.1.1.7 (variation),0.7
"69-70∆,N501Y,A570D",B.1.1.7 (variation),1.3
"69-70∆,N501Y,A570D",B.1.1.7 (variation),3.0
"69-70∆,N501Y,A570D",B.1.1.7 (variation),0.8
"69-70∆,N501Y,A570D",B.1.1.7 (variation),1.1
"69-70∆,N501Y,A570D",B.1.1.7 (variation),0.7
"69-70∆,N501Y,A570D,P681H,T716I,S982A,D1118H",B.1.1.7,1.8
"69-70∆,N501Y,A570D,P681H,T716I,S982A,D1118H",B.1.1.7,0.8
"69-70∆,N501Y,A570D,P681H,T716I,S982A,D1118H",B.1.1.7,0.9
"69-70∆,N501Y,A570D,P681H,T716I,S982A,D1118H",B.1.1.7,0.6
"69-70∆,N501Y,A570D,P681H,T716I,S982A,D1118H",B.1.1.7,0.8
"69-70∆,N501Y,A570D,P681H,T716I,S982A,D1118H",B.1.1.7,0.5
"69-70∆,N501Y,A570D,P681H,T716I,S982A,D1118H",B.1.1.7,0.6
"69-70∆,N501Y,A570D,P681H,T716I,S982A,D1118H",B.1.1.7,0.4
"69-70∆,N501Y,A570D,P681H,T716I,S982A,D1118H",B.1.1.7,0.8
"69-70∆,N501Y,A570D,P681H,T716I,S982A,D1118H",B.1.1.7,1.1
"69-70∆,N501Y,A570D,P681H,T716I,S982A,D1118H",B.1.1.7,0.8
"69-70∆,N501Y,A570D,P681H,T716I,S982A,D1118H",B.1.1.7,0.8
"69-70∆,N501Y,A570D,P681H,T716I,S982A,D1118H",B.1.1.7,0.7
"69-70∆,N501Y,A570D,P681H,T716I,S982A,D1118H",B.1.1.7,0.7
"69-70∆,N501Y,A570D,P681H,T716I,S982A,D1118H",B.1.1.7,1.9
"69-70∆,N501Y,A570D,P681H,T716I,S982A,D1118H",B.1.1.7,1.0
"69-70∆,N501Y,A570D,P681H,T716I,S982A,D1118H",B.1.1.7,1.2
"69-70∆,N501Y,A570D,P681H,T716I,S982A,D1118H",B.1.1.7,1.7
"69-70∆,N501Y,A570D,P681H,T716I,S982A,D1118H",B.1.1.7,0.5
"69-70∆,N501Y,A570D,P681H,T716I,S982A,D1118H",B.1.1.7,0.6
"69-70∆,N501Y,A570D,P681H,T716I,S982A,D1118H",B.1.1.7,1.4
"69-70∆,N501Y,A570D,P681H,T716I,S982A,D1118H",B.1.1.7,2.6
"69-70∆,N501Y,A570D,P681H,T716I,S982A,D1118H",B.1.1.7,2.2
"69-70∆,N501Y,A570D,P681H,T716I,S982A,D1118H",B.1.1.7,1.7
"69-70∆,N501Y,A570D,P681H,T716I,S982A,D1118H",B.1.1.7,1.5
"69-70∆,N501Y,A570D,P681H,T716I,S982A,D1118H",B.1.1.7,2.0
"69-70∆,N501Y,A570D,P681H,T716I,S982A,D1118H",B.1.1.7,1.3
"69-70∆,N501Y,A570D,P681H,T716I,S982A,D1118H",B.1.1.7,0.5
"69-70∆,N501Y,A570D,P681H,T716I,S982A,D1118H",B.1.1.7,1.9
"69-70∆,N501Y,A570D,P681H,T716I,S982A,D1118H",B.1.1.7,1.2
"69-70∆,N501Y,A570D,P681H,T716I,S982A,D1118H",B.1.1.7,0.9
"69-70∆,N501Y,A570D,P681H,T716I,S982A,D1118H",B.1.1.7,5.7
"69-70∆,N501Y,A570D,P681H,T716I,S982A,D1118H",B.1.1.7,44.6
"69-70∆,N501Y,A570D,P681H,T716I,S982A,D1118H",B.1.1.7,8.9
"69-70∆,N501Y,A570D,P681H,T716I,S982A,D1118H",B.1.1.7,6.2
"69-70∆,N501Y,A570D,P681H,T716I,S982A,D1118H",B.1.1.7,5.2
"69-70∆,N501Y,A570D,P681H,T716I,S982A,D1118H",B.1.1.7,4.7
"69-70∆,N501Y,A570D,P681H,T716I,S982A,D1118H",B.1.1.7,4.3
"69-70∆,N501Y,A570D,P681H,T716I,S982A,D1118H",B.1.1.7,3.6
"69-70∆,N501Y,A570D,P681H,T716I,S982A,D1118H",B.1.1.7,3.3
"69-70∆,N501Y,A570D,P681H,T716I,S982A,D1118H",B.1.1.7,3.3
"69-70∆,N501Y,A570D,P681H,T716I,S982A,D1118H",B.1.1.7,3.0
"69-70∆,N501Y,A570D,P681H,T716I,S982A,D1118H",B.1.1.7,2.3
"69-70∆,N501Y,A570D,P681H,T716I,S982A,D1118H",B.1.1.7,2.3
"69-70∆,N501Y,A570D,P681H,T716I,S982A,D1118H",B.1.1.7,1.9
"69-70∆,N501Y,A570D,P681H,T716I,S982A,D1118H",B.1.1.7,1.8
"69-70∆,N501Y,A570D,P681H,T716I,S982A,D1118H",B.1.1.7,1.8
"69-70∆,N501Y,A570D,P681H,T716I,S982A,D1118H",B.1.1.7,1.8
"69-70∆,N501Y,A570D,P681H,T716I,S982A,D1118H",B.1.1.7,1.8
"69-70∆,N501Y,A570D,P681H,T716I,S982A,D1118H",B.1.1.7,1.3
"69-70∆,N501Y,A570D,P681H,T716I,S982A,D1118H",B.1.1.7,1.0
"69-70∆,N501Y,A570D,P681H,T716I,S982A,D1118H",B.1.1.7,0.8
"69-70∆,N501Y,A570D,P681H,T716I,S982A,D1118H",B.1.1.7,2.2
"69-70∆,N501Y,A570D,P681H,T716I,S982A,D1118H",B.1.1.7,0.9
"69-70∆,N501Y,A570D,P681H,T716I,S982A,D1118H",B.1.1.7,0.8
"69-70∆,N501Y,A570D,P681H,T716I,S982A,D1118H",B.1.1.7,0.6
"69-70∆,N501Y,A570D,P681H,T716I,S982A,D1118H",B.1.1.7,6.0
"69-70∆,N501Y,A570D,P681H,T716I,S982A,D1118H",B.1.1.7,0.7
"69-70∆,N501Y,A570D,P681H,T716I,S982A,D1118H",B.1.1.7,0.5
"69-70∆,N501Y,A570D,P681H,T716I,S982A,D1118H",B.1.1.7,0.7
"69-70∆,N501Y,A570D,P681H,T716I,S982A,D1118H",B.1.1.7,1.2
"69-70∆,N501Y,A570D,P681H,T716I,S982A,D1118H",B.1.1.7,1.1
"69-70∆,N501Y,A570D,P681H,T716I,S982A,D1118H",B.1.1.7,1.5
"69-70∆,N501Y,A570D,P681H,T716I,S982A,D1118H",B.1.1.7,1.3
"69-70∆,N501Y,A570D,P681H,T716I,S982A,D1118H",B.1.1.7,0.6
"69-70∆,N501Y,A570D,P681H,T716I,S982A,D1118H",B.1.1.7,0.7
"69-70∆,N501Y,A570D,P681H,T716I,S982A,D1118H",B.1.1.7,0.7
"69-70∆,N501Y,A570D,P681H,T716I,S982A,D1118H",B.1.1.7,1.0
"69-70∆,N501Y,A570D,P681H,T716I,S982A,D1118H",B.1.1.7,1.4
"69-70∆,N501Y,A570D,P681H,T716I,S982A,D1118H",B.1.1.7,0.7
"69-70∆,N501Y,A570D,P681H,T716I,S982A,D1118H",B.1.1.7,0.4
"69-70∆,N501Y,A570D,P681H,T716I,S982A,D1118H",B.1.1.7,0.7
"69-70∆,N501Y,A570D,P681H,T716I,S982A,D1118H",B.1.1.7,0.6
"69-70∆,N501Y,A570D,P681H,T716I,S982A,D1118H",B.1.1.7,0.4
"69-70∆,N501Y,A570D,P681H,T716I,S982A,D1118H",B.1.1.7,0.9
"69-70∆,N501Y,A570D,P681H,T716I,S982A,D1118H",B.1.1.7,0.3
"69-70∆,N501Y,A570D,P681H,T716I,S982A,D1118H",B.1.1.7,0.2
"69-70∆,N501Y,A570D,P681H,T716I,S982A,D1118H",B.1.1.7,0.8
"69-70∆,N501Y,A570D,P681H,T716I,S982A,D1118H",B.1.1.7,0.5
"69-70∆,N501Y,A570D,P681H,T716I,S982A,D1118H",B.1.1.7,0.4
"69-70∆,N501Y,A570D,P681H,T716I,S982A,D1118H",B.1.1.7,0.6
"69-70∆,N501Y,A570D,P681H,T716I,S982A,D1118H",B.1.1.7,0.6
"69-70∆,N501Y,A570D,P681H,T716I,S982A,D1118H",B.1.1.7,1.4
"69-70∆,N501Y,A570D,P681H,T716I,S982A,D1118H",B.1.1.7,0.4
"69-70∆,N501Y,A570D,P681H,T716I,S982A,D1118H",B.1.1.7,0.6
"69-70∆,N501Y,A570D,P681H,T716I,S982A,D1118H",B.1.1.7,0.2
"69-70∆,N501Y,A570D,P681H,T716I,S982A,D1118H",B.1.1.7,0.1
"69-70∆,N501Y,A570D,P681H,T716I,S982A,D1118H",B.1.1.7,1.0
"69-70∆,N501Y,A570D,P681H,T716I,S982A,D1118H",B.1.1.7,2.0
"69-70∆,N501Y,A570D,P681H,T716I,S982A,D1118H",B.1.1.7,1.0
"69-70∆,N501Y,A570D,P681H,T716I,S982A,D1118H",B.1.1.7,1.0
"69-70∆,N501Y,A570D,P681H,T716I,S982A,D1118H",B.1.1.7,1.0
"69-70∆,N501Y,A570D,P681H,T716I,S982A,D1118H",B.1.1.7,4.0
"69-70∆,N501Y,A570D,P681H,T716I,S982A,D1118H",B.1.1.7,4.0
"69-70∆,N501Y,A570D,P681H,T716I,S982A,D1118H",B.1.1.7,4.6
"69-70∆,N501Y,A570D,P681H,T716I,S982A,D1118H",B.1.1.7,4.3
"69-70∆,N501Y,A570D,P681H,T716I,S982A,D1118H",B.1.1.7,3.7
"69-70∆,N501Y,A570D,P681H,T716I,S982A,D1118H",B.1.1.7,2.2
"69-70∆,N501Y,A570D,P681H,T716I,S982A,D1118H",B.1.1.7,2.0
"69-70∆,N501Y,A570D,P681H,T716I,S982A,D1118H",B.1.1.7,1.8
"69-70∆,N501Y,A570D,P681H,T716I,S982A,D1118H",B.1.1.7,1.8
"69-70∆,N501Y,A570D,P681H,T716I,S982A,D1118H",B.1.1.7,1.8
"69-70∆,N501Y,A570D,P681H,T716I,S982A,D1118H",B.1.1.7,1.3
"69-70∆,N501Y,A570D,P681H,T716I,S982A,D1118H",B.1.1.7,1.4
"69-70∆,N501Y,A570D,P681H,T716I,S982A,D1118H",B.1.1.7,1.5
"69-70∆,N501Y,A570D,P681H,T716I,S982A,D1118H",B.1.1.7,1.9
"69-70∆,N501Y,A570D,P681H,T716I,S982A,D1118H",B.1.1.7,0.9
"69-70∆,N501Y,A570D,P681H,T716I,S982A,D1118H",B.1.1.7,1.8
"69-70∆,N501Y,A570D,P681H,T716I,S982A,D1118H",B.1.1.7,0.8
"69-70∆,N501Y,A570D,P681H,T716I,S982A,D1118H",B.1.1.7,0.3
"69-70∆,N501Y,A570D,P681H,T716I,S982A,D1118H",B.1.1.7,0.9
"69-70∆,N501Y,A570D,P681H,T716I,S982A,D1118H",B.1.1.7,2.7
"69-70∆,N501Y,A570D,P681H,T716I,S982A,D1118H",B.1.1.7,6.6
"69-70∆,N501Y,A570D,P681H,T716I,S982A,D1118H",B.1.1.7,1.1
"69-70∆,N501Y,A570D,P681H,T716I,S982A,D1118H",B.1.1.7,0.5
"69-70∆,N501Y,A570D,P681H,T716I,S982A,D1118H",B.1.1.7,1.2
"69-70∆,N501Y,A570D,P681H,T716I,S982A,D1118H",B.1.1.7,1.0
"69-70∆,N501Y,A570D,P681H,T716I,S982A,D1118H",B.1.1.7,2.8
"69-70∆,N501Y,A570D,P681H,T716I,S982A,D1118H",B.1.1.7,0.5
"69-70∆,N501Y,A570D,P681H,T716I,S982A,D1118H",B.1.1.7,0.4
"69-70∆,N501Y,A570D,P681H,T716I,S982A,D1118H",B.1.1.7,0.7
"69-70∆,N501Y,A570D,P681H,T716I,S982A,D1118H",B.1.1.7,0.6
"69-70∆,N501Y,A570D,P681H,T716I,S982A,D1118H",B.1.1.7,0.5
"69-70∆,N501Y,A570D,P681H,T716I,S982A,D1118H",B.1.1.7,0.2
"69-70∆,N501Y,A570D,P681H,T716I,S982A,D1118H",B.1.1.7,0.3
"69-70∆,N501Y,A570D,P681H,T716I,S982A,D1118H",B.1.1.7,0.9
"69-70∆,N501Y,A570D,P681H,T716I,S982A,D1118H",B.1.1.7,1.4
"69-70∆,N501Y,A570D,P681H,T716I,S982A,D1118H",B.1.1.7,2.9
"69-70∆,N501Y,A570D,P681H,T716I,S982A,D1118H",B.1.1.7,1.5
"69-70∆,N501Y,A570D,P681H,T716I,S982A,D1118H",B.1.1.7,0.5
"69-70∆,N501Y,A570D,P681H,T716I,S982A,D1118H",B.1.1.7,0.8
"69-70∆,N501Y,A570D,P681H,T716I,S982A,D1118H",B.1.1.7,2.0
"69-70∆,N501Y,A570D,P681H,T716I,S982A,D1118H",B.1.1.7,3.1
"69-70∆,N501Y,A570D,P681H,T716I,S982A,D1118H",B.1.1.7,0.7
"69-70∆,N501Y,A570D,P681H,T716I,S982A,D1118H",B.1.1.7,0.4
"69-70∆,N501Y,A570D,P681H,T716I,S982A,D1118H",B.1.1.7,1.5
"69-70∆,N501Y,A570D,P681H,T716I,S982A,D1118H",B.1.1.7,0.7
"69-70∆,N501Y,A570D,P681H,T716I,S982A,D1118H",B.1.1.7,0.8
"69-70∆,N501Y,A570D,P681H,T716I,S982A,D1118H",B.1.1.7,0.3
"69-70∆,N501Y,A570D,P681H,T716I,S982A,D1118H",B.1.1.7,0.9
"69-70∆,N501Y,A570D,P681H,T716I,S982A,D1118H",B.1.1.7,0.5
"69-70∆,N501Y,A570D,P681H,T716I,S982A,D1118H",B.1.1.7,0.8
"69-70∆,N501Y,A570D,P681H,T716I,S982A,D1118H",B.1.1.7,1.6
"69-70∆,N501Y,A570D,P681H,T716I,S982A,D1118H",B.1.1.7,3.4
"69-70∆,N501Y,A570D,P681H,T716I,S982A,D1118H",B.1.1.7,9.3
"69-70∆,N501Y,A570D,P681H,T716I,S982A,D1118H",B.1.1.7,1.0
"69-70∆,N501Y,A570D,P681H,T716I,S982A,D1118H",B.1.1.7,1.6
"69-70∆,N501Y,A570D,P681H,T716I,S982A,D1118H",B.1.1.7,0.4
"69-70∆,N501Y,A570D,P681H,T716I,S982A,D1118H",B.1.1.7,1.4
"69-70∆,N501Y,A570D,P681H,T716I,S982A,D1118H",B.1.1.7,0.4
"69-70∆,N501Y,A570D,P681H,T716I,S982A,D1118H",B.1.1.7,1.3
"69-70∆,N501Y,A570D,P681H,T716I,S982A,D1118H",B.1.1.7,0.4
"69-70∆,N501Y,A570D,P681H,T716I,S982A,D1118H",B.1.1.7,0.6
"69-70∆,N501Y,A570D,P681H,T716I,S982A,D1118H",B.1.1.7,3.2
"69-70∆,N501Y,A570D,P681H,T716I,S982A,D1118H",B.1.1.7,1.0
"69-70∆,N501Y,A570D,P681H,T716I,S982A,D1118H",B.1.1.7,0.8
"69-70∆,N501Y,A570D,P681H,T716I,S982A,D1118H",B.1.1.7,1.1
"69-70∆,N501Y,A570D,P681H,T716I,S982A,D1118H",B.1.1.7,0.7
"69-70∆,N501Y,A570D,P681H,T716I,S982A,D1118H",B.1.1.7,0.5
"69-70∆,N501Y,A570D,P681H,T716I,S982A,D1118H",B.1.1.7,0.6
"69-70∆,N501Y,A570D,P681H,T716I,S982A,D1118H",B.1.1.7,1.4
"69-70∆,N501Y,A570D,P681H,T716I,S982A,D1118H",B.1.1.7,1.0
"69-70∆,N501Y,A570D,P681H,T716I,S982A,D1118H",B.1.1.7,0.7
"69-70∆,N501Y,A570D,P681H,T716I,S982A,D1118H",B.1.1.7,0.5
"69-70∆,N501Y,A570D,P681H,T716I,S982A,D1118H",B.1.1.7,2.2
"69-70∆,N501Y,A570D,P681H,T716I,S982A,D1118H",B.1.1.7,0.3
"69-70∆,N501Y,A570D,P681H,T716I,S982A,D1118H",B.1.1.7,0.7
"69-70∆,N501Y,A570D,P681H,T716I,S982A,D1118H",B.1.1.7,2.1
"69-70∆,N501Y,A570D,P681H,T716I,S982A,D1118H",B.1.1.7,1.8
"69-70∆,N501Y,A570D,P681H,T716I,S982A,D1118H",B.1.1.7,1.5
"69-70∆,N501Y,A570D,P681H,T716I,S982A,D1118H",B.1.1.7,1.1
"69-70∆,N501Y,A570D,P681H,T716I,S982A,D1118H",B.1.1.7,0.9
"69-70∆,N501Y,A570D,P681H,T716I,S982A,D1118H",B.1.1.7,1.1
"69-70∆,N501Y,A570D,P681H,T716I,S982A,D1118H",B.1.1.7,0.5
"69-70∆,N501Y,A570D,P681H,T716I,S982A,D1118H",B.1.1.7,0.9
"69-70∆,N501Y,A570D,P681H,T716I,S982A,D1118H",B.1.1.7,1.0
"69-70∆,N501Y,A570D,P681H,T716I,S982A,D1118H",B.1.1.7,0.9
"69-70∆,N501Y,A570D,P681H,T716I,S982A,D1118H",B.1.1.7,1.2
"69-70∆,N501Y,A570D,P681H,T716I,S982A,D1118H",B.1.1.7,0.8
"69-70∆,N501Y,A570D,P681H,T716I,S982A,D1118H",B.1.1.7,0.8
"69-70∆,N501Y,A570D,P681H,T716I,S982A,D1118H",B.1.1.7,0.6
"69-70∆,N501Y,A570D,P681H,T716I,S982A,D1118H",B.1.1.7,1.2
"69-70∆,N501Y,A570D,P681H,T716I,S982A,D1118H",B.1.1.7,0.5
"69-70∆,N501Y,A570D,P681H,T716I,S982A,D1118H",B.1.1.7,0.3
"69-70∆,N501Y,A570D,P681H,T716I,S982A,D1118H",B.1.1.7,0.5
"69-70∆,N501Y,A570D,P681H,T716I,S982A,D1118H",B.1.1.7,0.7
"69-70∆,N501Y,A570D,P681H,T716I,S982A,D1118H",B.1.1.7,10.2
"69-70∆,N501Y,A570D,P681H,T716I,S982A,D1118H",B.1.1.7,7.9
"69-70∆,N501Y,A570D,P681H,T716I,S982A,D1118H",B.1.1.7,6.1
"69-70∆,N501Y,A570D,P681H,T716I,S982A,D1118H",B.1.1.7,5.9
"69-70∆,N501Y,A570D,P681H,T716I,S982A,D1118H",B.1.1.7,3.1
"69-70∆,N501Y,A570D,P681H,T716I,S982A,D1118H",B.1.1.7,2.8
"69-70∆,N501Y,A570D,P681H,T716I,S982A,D1118H",B.1.1.7,2.6
"69-70∆,N501Y,A570D,P681H,T716I,S982A,D1118H",B.1.1.7,2.6
"69-70∆,N501Y,A570D,P681H,T716I,S982A,D1118H",B.1.1.7,2.0
"69-70∆,N501Y,A570D,P681H,T716I,S982A,D1118H",B.1.1.7,2.0
"69-70∆,N501Y,A570D,P681H,T716I,S982A,D1118H",B.1.1.7,2.0
"69-70∆,N501Y,A570D,P681H,T716I,S982A,D1118H",B.1.1.7,2.0
"69-70∆,N501Y,A570D,P681H,T716I,S982A,D1118H",B.1.1.7,2.0
"69-70∆,N501Y,A570D,P681H,T716I,S982A,D1118H",B.1.1.7,2.0
"69-70∆,N501Y,A570D,P681H,T716I,S982A,D1118H",B.1.1.7,2.0
"69-70∆,N501Y,A570D,P681H,T716I,S982A,D1118H",B.1.1.7,2.0
"69-70∆,N501Y,A570D,P681H,T716I,S982A,D1118H",B.1.1.7,2.0
"69-70∆,N501Y,A570D,P681H,T716I,S982A,D1118H",B.1.1.7,2.0
"69-70∆,N501Y,A570D,P681H,T716I,S982A,D1118H",B.1.1.7,10.0
"69-70∆,N501Y,A570D,P681H,T716I,S982A,D1118H",B.1.1.7,4.7
"69-70∆,N501Y,A570D,P681H,T716I,S982A,D1118H",B.1.1.7,4.3
"69-70∆,N501Y,A570D,P681H,T716I,S982A,D1118H",B.1.1.7,3.3
"69-70∆,N501Y,A570D,P681H,T716I,S982A,D1118H",B.1.1.7,3.3
"69-70∆,N501Y,A570D,P681H,T716I,S982A,D1118H",B.1.1.7,2.4
"69-70∆,N501Y,A570D,P681H,T716I,S982A,D1118H",B.1.1.7,2.4
"69-70∆,N501Y,A570D,P681H,T716I,S982A,D1118H",B.1.1.7,2.4
"69-70∆,N501Y,A570D,P681H,T716I,S982A,D1118H",B.1.1.7,2.4
"69-70∆,N501Y,A570D,P681H,T716I,S982A,D1118H",B.1.1.7,2.4
"69-70∆,N501Y,A570D,P681H,T716I,S982A,D1118H",B.1.1.7,2.4
"69-70∆,N501Y,A570D,P681H,T716I,S982A,D1118H",B.1.1.7,2.4
"69-70∆,N501Y,A570D,P681H,T716I,S982A,D1118H",B.1.1.7,2.4
"69-70∆,N501Y,A570D,P681H,T716I,S982A,D1118H",B.1.1.7,2.4
"69-70∆,N501Y,A570D,P681H,T716I,S982A,D1118H",B.1.1.7,2.4
"69-70∆,N501Y,A570D,P681H,T716I,S982A,D1118H",B.1.1.7,2.4
"69-70∆,N501Y,A570D,P681H,T716I,S982A,D1118H",B.1.1.7,2.4
"69-70∆,N501Y,A570D,P681H,T716I,S982A,D1118H",B.1.1.7,2.4
"69-70∆,N501Y,A570D,P681H,T716I,S982A,D1118H",B.1.1.7,1.4
"69-70∆,N501Y,A570D,P681H,T716I,S982A,D1118H",B.1.1.7,2.0
"69-70∆,N501Y,A570D,P681H,T716I,S982A,D1118H",B.1.1.7,1.8
"69-70∆,N501Y,A570D,P681H,T716I,S982A,D1118H",B.1.1.7,3.8
"69-70∆,N501Y,A570D,P681H,T716I,S982A,D1118H",B.1.1.7,5.1
"69-70∆,N501Y,A570D,P681H,T716I,S982A,D1118H",B.1.1.7,1.5
"69-70∆,N501Y,A570D,P681H,T716I,S982A,D1118H",B.1.1.7,1.0
"69-70∆,N501Y,A570D,P681H,T716I,S982A,D1118H",B.1.1.7,0.8
"69-70∆,N501Y,A570D,P681H,T716I,S982A,D1118H",B.1.1.7,1.3
"69-70∆,N501Y,A570D,P681H,T716I,S982A,D1118H",B.1.1.7,1.7
"69-70∆,N501Y,A570D,P681H,T716I,S982A,D1118H",B.1.1.7,1.3
"69-70∆,N501Y,A570D,P681H,T716I,S982A,D1118H",B.1.1.7,1.6
"69-70∆,N501Y,A570D,P681H,T716I,S982A,D1118H",B.1.1.7,1.0
"69-70∆,N501Y,A570D,P681H,T716I,S982A,D1118H",B.1.1.7,0.7
"69-70∆,N501Y,A570D,P681H,T716I,S982A,D1118H",B.1.1.7,1.9
"69-70∆,N501Y,A570D,P681H,T716I,S982A,D1118H",B.1.1.7,1.5
"69-70∆,N501Y,A570D,P681H,T716I,S982A,D1118H",B.1.1.7,1.1
"69-70∆,N501Y,A570D,P681H,T716I,S982A,D1118H",B.1.1.7,1.2
"69-70∆,N501Y,A570D,P681H,T716I,S982A,D1118H",B.1.1.7,1.3
"69-70∆,N501Y,A570D,P681H,T716I,S982A,D1118H",B.1.1.7,1.8
"69-70∆,N501Y,A570D,P681H,T716I,S982A,D1118H",B.1.1.7,1.3
"69-70∆,N501Y,A570D,P681H,T716I,S982A,D1118H",B.1.1.7,1.3
"69-70∆,N501Y,A570D,P681H,T716I,S982A,D1118H",B.1.1.7,1.3
"69-70∆,N501Y,A570D,P681H,T716I,S982A,D1118H",B.1.1.7,1.5
"69-70∆,N501Y,A570D,P681H,T716I,S982A,D1118H",B.1.1.7,0.8
"69-70∆,N501Y,A570D,P681H,T716I,S982A,D1118H",B.1.1.7,1.2
"69-70∆,N501Y,A570D,P681H,T716I,S982A,D1118H",B.1.1.7,0.9
"69-70∆,N501Y,A570D,P681H,T716I,S982A,D1118H",B.1.1.7,1.1
"69-70∆,N501Y,A570D,P681H,T716I,S982A,D1118H",B.1.1.7,1.1
"69-70∆,N501Y,A570D,P681H,T716I,S982A,D1118H",B.1.1.7,0.9
"69-70∆,N501Y,A570D,P681H,T716I,S982A,D1118H",B.1.1.7,0.9
"69-70∆,N501Y,A570D,P681H,T716I,S982A,D1118H",B.1.1.7,1.3
"69-70∆,N501Y,A570D,P681H,T716I,S982A,D1118H",B.1.1.7,2.1
"69-70∆,N501Y,A570D,P681H,T716I,S982A,D1118H",B.1.1.7,1.2
"69-70∆,N501Y,A570D,P681H,T716I,S982A,D1118H",B.1.1.7,1.3
"69-70∆,N501Y,A570D,P681H,T716I,S982A,D1118H",B.1.1.7,0.3
"69-70∆,N501Y,A570D,P681H,T716I,S982A,D1118H",B.1.1.7,0.9
"69-70∆,N501Y,A570D,P681H,T716I,S982A,D1118H",B.1.1.7,1.1
"69-70∆,N501Y,A570D,P681H,T716I,S982A,D1118H",B.1.1.7,1.4
"69-70∆,N501Y,A570D,P681H,T716I,S982A,D1118H",B.1.1.7,1.6
"69-70∆,N501Y,A570D,P681H,T716I,S982A,D1118H",B.1.1.7,1.8
"69-70∆,N501Y,A570D,P681H,T716I,S982A,D1118H",B.1.1.7,2.0
"69-70∆,N501Y,A570D,P681H,T716I,S982A,D1118H",B.1.1.7,2.0
"69-70∆,N501Y,A570D,P681H,T716I,S982A,D1118H",B.1.1.7,2.0
"69-70∆,N501Y,A570D,P681H,T716I,S982A,D1118H",B.1.1.7,2.8
"69-70∆,N501Y,A570D,P681H,T716I,S982A,D1118H",B.1.1.7,4.8
"69-70∆,N501Y,A570D,P681H,T716I,S982A,D1118H",B.1.1.7,1.9
"69-70∆,N501Y,A570D,P681H,T716I,S982A,D1118H",B.1.1.7,1.5
"69-70∆,N501Y,A570D,P681H,T716I,S982A,D1118H",B.1.1.7,2.5
"69-70∆,N501Y,A570D,P681H,T716I,S982A,D1118H",B.1.1.7,3.0
"69-70∆,N501Y,A570D,P681H,T716I,S982A,D1118H",B.1.1.7,3.6
"69-70∆,N501Y,A570D,P681H,T716I,S982A,D1118H",B.1.1.7,1.2
"69-70∆,N501Y,A570D,P681H,T716I,S982A,D1118H",B.1.1.7,1.7
"69-70∆,N501Y,A570D,P681H,T716I,S982A,D1118H",B.1.1.7,1.5
"69-70∆,N501Y,A570D,P681H,T716I,S982A,D1118H",B.1.1.7,1.2
"69-70∆,N501Y,A570D,P681H,T716I,S982A,D1118H",B.1.1.7,2.2
"69-70∆,N501Y,A570D,P681H,T716I,S982A,D1118H",B.1.1.7,1.0
"69-70∆,N501Y,A570D,P681H,T716I,S982A,D1118H",B.1.1.7,1.0
"69-70∆,N501Y,A570D,P681H,T716I,S982A,D1118H",B.1.1.7,1.0
"69-70∆,N501Y,A570D,P681H,T716I,S982A,D1118H",B.1.1.7,1.4
"69-70∆,N501Y,A570D,P681H,T716I,S982A,D1118H",B.1.1.7,3.3
"69-70∆,N501Y,A570D,P681H,T716I,S982A,D1118H",B.1.1.7,0.9
"69-70∆,N501Y,A570D,P681H,T716I,S982A,D1118H",B.1.1.7,1.7
"69-70∆,N501Y,A570D,P681H,T716I,S982A,D1118H",B.1.1.7,1.0
"69-70∆,N501Y,A570D,P681H,T716I,S982A,D1118H",B.1.1.7,1.0
"69-70∆,N501Y,A570D,P681H,T716I,S982A,D1118H",B.1.1.7,1.0
"69-70∆,N501Y,A570D,P681H,T716I,S982A,D1118H",B.1.1.7,1.5
"69-70∆,N501Y,A570D,P681H,T716I,S982A,D1118H",B.1.1.7,0.4
"69-70∆,N501Y,A570D,P681H,T716I,S982A,D1118H",B.1.1.7,3.0
"69-70∆,N501Y,A570D,P681H,T716I,S982A,D1118H",B.1.1.7,1.2
"69-70∆,N501Y,A570D,P681H,T716I,S982A,D1118H",B.1.1.7,0.9
"69-70∆,N501Y,A570D,P681H,T716I,S982A,D1118H",B.1.1.7,1.7
"69-70∆,N501Y,A570D,P681H,T716I,S982A,D1118H",B.1.1.7,0.8
"69-70∆,N501Y,A570D,P681H,T716I,S982A,D1118H",B.1.1.7,3.3
"69-70∆,N501Y,A570D,P681H,T716I,S982A,D1118H",B.1.1.7,0.9
"69-70∆,N501Y,A570D,P681H,T716I,S982A,D1118H",B.1.1.7,1.0
"69-70∆,N501Y,A570D,P681H,T716I,S982A,D1118H",B.1.1.7,2.1
"69-70∆,N501Y,A570D,P681H,T716I,S982A,D1118H",B.1.1.7,3.2
"69-70∆,N501Y,A570D,P681H,T716I,S982A,D1118H",B.1.1.7,2.7
"69-70∆,N501Y,A570D,P681H,T716I,S982A,D1118H",B.1.1.7,13.0
"69-70∆,N501Y,A570D,P681H,T716I,S982A,D1118H",B.1.1.7,8.9
"69-70∆,N501Y,A570D,P681H,T716I,S982A,D1118H",B.1.1.7,6.9
"69-70∆,N501Y,A570D,P681H,T716I,S982A,D1118H",B.1.1.7,4.6
"69-70∆,N501Y,A570D,P681H,T716I,S982A,D1118H",B.1.1.7,3.7
"69-70∆,N501Y,A570D,P681H,T716I,S982A,D1118H",B.1.1.7,2.8
"69-70∆,N501Y,A570D,P681H,T716I,S982A,D1118H",B.1.1.7,2.1
"69-70∆,N501Y,A570D,P681H,T716I,S982A,D1118H",B.1.1.7,2.3
"69-70∆,N501Y,A570D,P681H,T716I,S982A,D1118H",B.1.1.7,2.1
"69-70∆,N501Y,A570D,P681H,T716I,S982A,D1118H",B.1.1.7,2.1
"69-70∆,N501Y,A570D,P681H,T716I,S982A,D1118H",B.1.1.7,1.5
"69-70∆,N501Y,A570D,P681H,T716I,S982A,D1118H",B.1.1.7,1.5
"69-70∆,N501Y,A570D,P681H,T716I,S982A,D1118H",B.1.1.7,1.3
"69-70∆,N501Y,A570D,P681H,T716I,S982A,D1118H",B.1.1.7,1.2
"69-70∆,N501Y,A570D,P681H,T716I,S982A,D1118H",B.1.1.7,2.0
"69-70∆,N501Y,A570D,P681H,T716I,S982A,D1118H",B.1.1.7,1.4
"69-70∆,N501Y,A570D,P681H,T716I,S982A,D1118H",B.1.1.7,2.2
"69-70∆,N501Y,A570D,P681H,T716I,S982A,D1118H",B.1.1.7,1.4
"69-70∆,N501Y,A570D,P681H,T716I,S982A,D1118H",B.1.1.7,2.1
"69-70∆,N501Y,A570D,P681H,T716I,S982A,D1118H",B.1.1.7,2.2
"69-70∆,N501Y,A570D,P681H,T716I,S982A,D1118H",B.1.1.7,3.0
"69-70∆,N501Y,A570D,P681H,T716I,S982A,D1118H",B.1.1.7,8.3
"69-70∆,N501Y,A570D,P681H,T716I,S982A,D1118H",B.1.1.7,9.7
"69-70∆,N501Y,A570D,P681H,T716I,S982A,D1118H",B.1.1.7,7.6
"69-70∆,N501Y,A570D,P681H,T716I,S982A,D1118H",B.1.1.7,1.9
"69-70∆,N501Y,A570D,P681H,T716I,S982A,D1118H",B.1.1.7,3.8
"69-70∆,N501Y,A570D,P681H,T716I,S982A,D1118H",B.1.1.7,3.9
"69-70∆,N501Y,A570D,P681H,T716I,S982A,D1118H",B.1.1.7,3.3
"69-70∆,N501Y,A570D,P681H,T716I,S982A,D1118H",B.1.1.7,4.2
"69-70∆,N501Y,A570D,P681H,T716I,S982A,D1118H",B.1.1.7,5.1
"69-70∆,N501Y,A570D,P681H,T716I,S982A,D1118H",B.1.1.7,1.3
"69-70∆,N501Y,A570D,P681H,T716I,S982A,D1118H",B.1.1.7,1.3
"69-70∆,N501Y,A570D,P681H,T716I,S982A,D1118H",B.1.1.7,2.1
"69-70∆,N501Y,A570D,P681H,T716I,S982A,D1118H",B.1.1.7,1.2
"69-70∆,N501Y,A570D,P681H,T716I,S982A,D1118H",B.1.1.7,1.3
"69-70∆,N501Y,A570D,P681H,T716I,S982A,D1118H",B.1.1.7,1.3
"69-70∆,N501Y,A570D,P681H,T716I,S982A,D1118H",B.1.1.7,1.5
"69-70∆,N501Y,A570D,P681H,T716I,S982A,D1118H",B.1.1.7,6.5
"69-70∆,N501Y,A570D,P681H,T716I,S982A,D1118H",B.1.1.7,3.3
"69-70∆,N501Y,A570D,P681H,T716I,S982A,D1118H",B.1.1.7,2.2
"69-70∆,N501Y,A570D,P681H,T716I,S982A,D1118H",B.1.1.7,2.2
"69-70∆,N501Y,A570D,P681H,T716I,S982A,D1118H",B.1.1.7,6.4
"69-70∆,N501Y,A570D,P681H,T716I,S982A,D1118H",B.1.1.7,2.5
"69-70∆,N501Y,A570D,P681H,T716I,S982A,D1118H",B.1.1.7,1.9
"69-70∆,N501Y,A570D,P681H,T716I,S982A,D1118H",B.1.1.7,2.8
"69-70∆,N501Y,A570D,P681H,T716I,S982A,D1118H",B.1.1.7,2.9
"69-70∆,N501Y,A570D,P681H,T716I,S982A,D1118H",B.1.1.7,1.1
"69-70∆,N501Y,A570D,P681H,T716I,S982A,D1118H",B.1.1.7,26.3
"69-70∆,N501Y,A570D,P681H,T716I,S982A,D1118H",B.1.1.7,5.5
"69-70∆,N501Y,A570D,P681H,T716I,S982A,D1118H",B.1.1.7,1.9
"69-70∆,N501Y,A570D,P681H,T716I,S982A,D1118H",B.1.1.7,2.2
"69-70∆,N501Y,A570D,P681H,T716I,S982A,D1118H",B.1.1.7,1.7
"69-70∆,N501Y,A570D,P681H,T716I,S982A,D1118H",B.1.1.7,3.3
"69-70∆,N501Y,A570D,P681H,T716I,S982A,D1118H",B.1.1.7,1.0
"69-70∆,N501Y,A570D,P681H,T716I,S982A,D1118H",B.1.1.7,1.3
"69-70∆,N501Y,A570D,P681H,T716I,S982A,D1118H",B.1.1.7,1.1
"69-70∆,N501Y,A570D,P681H,T716I,S982A,D1118H",B.1.1.7,2.2
"69-70∆,N501Y,A570D,P681H,T716I,S982A,D1118H",B.1.1.7,2.5
"69-70∆,N501Y,A570D,P681H,T716I,S982A,D1118H",B.1.1.7,2.2
"69-70∆,N501Y,A570D,P681H,T716I,S982A,D1118H",B.1.1.7,1.9
"69-70∆,N501Y,A570D,P681H,T716I,S982A,D1118H",B.1.1.7,4.3
"69-70∆,N501Y,A570D,P681H,T716I,S982A,D1118H",B.1.1.7,4.3
"69-70∆,N501Y,A570D,P681H,T716I,S982A,D1118H",B.1.1.7,3.3
"69-70∆,N501Y,A570D,P681H,T716I,S982A,D1118H",B.1.1.7,3.7
"69-70∆,N501Y,A570D,P681H,T716I,S982A,D1118H",B.1.1.7,2.9
"69-70∆,N501Y,A570D,P681H,T716I,S982A,D1118H",B.1.1.7,1.5
"69-70∆,N501Y,A570D,P681H,T716I,S982A,D1118H",B.1.1.7,1.7
"69-70∆,N501Y,A570D,P681H,T716I,S982A,D1118H",B.1.1.7,4.3
"69-70∆,N501Y,A570D,P681H,T716I,S982A,D1118H",B.1.1.7,7.2
"69-70∆,N501Y,A570D,P681H,T716I,S982A,D1118H",B.1.1.7,2.2
"69-70∆,N501Y,A570D,P681H,T716I,S982A,D1118H",B.1.1.7,2.9
"69-70∆,N501Y,A570D,P681H,T716I,S982A,D1118H",B.1.1.7,3.3
"69-70∆,N501Y,A570D,P681H,T716I,S982A,D1118H",B.1.1.7,1.5
"69-70∆,N501Y,A570D,P681H,T716I,S982A,D1118H",B.1.1.7,3.7
"69-70∆,N501Y,A570D,P681H,T716I,S982A,D1118H",B.1.1.7,3.7
"69-70∆,N501Y,A570D,P681H,T716I,S982A,D1118H",B.1.1.7,3.7
"69-70∆,N501Y,A570D,P681H,T716I,S982A,D1118H",B.1.1.7,3.7
"69-70∆,N501Y,A570D,P681H,T716I,S982A,D1118H",B.1.1.7,3.7
"69-70∆,N501Y,A570D,P681H,T716I,S982A,D1118H",B.1.1.7,2.5
"69-70∆,N501Y,A570D,P681H,T716I,S982A,D1118H",B.1.1.7,2.5
"69-70∆,N501Y,A570D,P681H,T716I,S982A,D1118H",B.1.1.7,2.5
"69-70∆,N501Y,A570D,P681H,T716I,S982A,D1118H",B.1.1.7,2.5
"69-70∆,N501Y,A570D,P681H,T716I,S982A,D1118H",B.1.1.7,4.6
"69-70∆,N501Y,A570D,P681H,T716I,S982A,D1118H",B.1.1.7,2.9
"69-70∆,N501Y,A570D,P681H,T716I,S982A,D1118H",B.1.1.7,1.2
"69-70∆,N501Y,A570D,P681H,T716I,S982A,D1118H",B.1.1.7,4.5
"69-70∆,N501Y,A570D,P681H,T716I,S982A,D1118H",B.1.1.7,3.3
"69-70∆,N501Y,A570D,P681H,T716I,S982A,D1118H",B.1.1.7,2.5
"69-70∆,N501Y,A570D,P681H,T716I,S982A,D1118H",B.1.1.7,3.4
"69-70∆,N501Y,A570D,P681H,T716I,S982A,D1118H",B.1.1.7,8.5
"69-70∆,N501Y,A570D,P681H,T716I,S982A,D1118H",B.1.1.7,1.6
"69-70∆,N501Y,A570D,P681H,T716I,S982A,D1118H",B.1.1.7,2.4
"69-70∆,N501Y,A570D,P681H,T716I,S982A,D1118H",B.1.1.7,1.7
"69-70∆,N501Y,A570D,P681H,T716I,S982A,D1118H",B.1.1.7,1.6
"69-70∆,N501Y,A570D,P681H,T716I,S982A,D1118H",B.1.1.7,1.2
"69-70∆,N501Y,A570D,P681H,T716I,S982A,D1118H",B.1.1.7,2.6
"69-70∆,N501Y,A570D,P681H,T716I,S982A,D1118H",B.1.1.7,2.2
"69-70∆,N501Y,A570D,P681H,T716I,S982A,D1118H",B.1.1.7,1.2
"69-70∆,N501Y,A570D,P681H,T716I,S982A,D1118H",B.1.1.7,2.6
"69-70∆,N501Y,A570D,P681H,T716I,S982A,D1118H",B.1.1.7,2.7
"69-70∆,N501Y,A570D,P681H,T716I,S982A,D1118H",B.1.1.7,1.2
"69-70∆,N501Y,A570D,P681H,T716I,S982A,D1118H",B.1.1.7,2.8
"69-70∆,N501Y,A570D,P681H,T716I,S982A,D1118H",B.1.1.7,4.4
"69-70∆,N501Y,A570D,P681H,T716I,S982A,D1118H",B.1.1.7,6.2
"69-70∆,N501Y,A570D,P681H,T716I,S982A,D1118H",B.1.1.7,2.0
"69-70∆,N501Y,A570D,P681H,T716I,S982A,D1118H",B.1.1.7,4.6
"69-70∆,N501Y,A570D,P681H,T716I,S982A,D1118H",B.1.1.7,2.6
"69-70∆,N501Y,A570D,P681H,T716I,S982A,D1118H",B.1.1.7,16.7
"69-70∆,N501Y,A570D,P681H,T716I,S982A,D1118H",B.1.1.7,0.8
"69-70∆,N501Y,A570D,P681H,T716I,S982A,D1118H",B.1.1.7,2.7
"69-70∆,N501Y,A570D,P681H,T716I,S982A,D1118H",B.1.1.7,0.6
"69-70∆,N501Y,A570D,P681H,T716I,S982A,D1118H",B.1.1.7,1.4
"69-70∆,N501Y,A570D,P681H,T716I,S982A,D1118H",B.1.1.7,2.5
"69-70∆,N501Y,A570D,P681H,T716I,S982A,D1118H",B.1.1.7,4.2
"69-70∆,N501Y,A570D,P681H,T716I,S982A,D1118H",B.1.1.7,4.7
"69-70∆,N501Y,A570D,P681H,T716I,S982A,D1118H",B.1.1.7,1.9
"69-70∆,N501Y,A570D,P681H,T716I,S982A,D1118H",B.1.1.7,2.2
"69-70∆,N501Y,A570D,P681H,T716I,S982A,D1118H",B.1.1.7,0.6
"69-70∆,N501Y,A570D,P681H,T716I,S982A,D1118H",B.1.1.7,1.8
"69-70∆,N501Y,A570D,P681H,T716I,S982A,D1118H",B.1.1.7,1.2
"69-70∆,N501Y,A570D,P681H,T716I,S982A,D1118H",B.1.1.7,2.3
"69-70∆,N501Y,A570D,P681H,T716I,S982A,D1118H",B.1.1.7,1.5
"69-70∆,N501Y,A570D,P681H,T716I,S982A,D1118H",B.1.1.7,0.2
"69-70∆,N501Y,A570D,P681H,T716I,S982A,D1118H",B.1.1.7,0.7
"69-70∆,N501Y,A570D,P681H,T716I,S982A,D1118H",B.1.1.7,1.3
"69-70∆,N501Y,A570D,P681H,T716I,S982A,D1118H",B.1.1.7,0.4
"69-70∆,N501Y,A570D,P681H,T716I,S982A,D1118H",B.1.1.7,0.9
"69-70∆,N501Y,A570D,P681H,T716I,S982A,D1118H",B.1.1.7,2.0
"69-70∆,N501Y,A570D,P681H,T716I,S982A,D1118H",B.1.1.7,1.1
"69-70∆,N501Y,A570D,P681H,T716I,S982A,D1118H",B.1.1.7,0.9
"69-70∆,N501Y,A570D,P681H,T716I,S982A,D1118H",B.1.1.7,0.5
"69-70∆,N501Y,A570D,P681H,T716I,S982A,D1118H",B.1.1.7,1.4
"69-70∆,N501Y,A570D,P681H,T716I,S982A,D1118H",B.1.1.7,2.9
"69-70∆,N501Y,A570D,P681H,T716I,S982A,D1118H",B.1.1.7,0.6
"69-70∆,N501Y,A570D,P681H,T716I,S982A,D1118H",B.1.1.7,0.6
"69-70∆,N501Y,A570D,P681H,T716I,S982A,D1118H",B.1.1.7,1.6
"69-70∆,N501Y,A570D,P681H,T716I,S982A,D1118H",B.1.1.7,1.3
"69-70∆,N501Y,A570D,P681H,T716I,S982A,D1118H",B.1.1.7,1.1
"69-70∆,N501Y,A570D,P681H,T716I,S982A,D1118H",B.1.1.7,0.7
"69-70∆,N501Y,A570D,P681H,T716I,S982A,D1118H",B.1.1.7,1.2
"69-70∆,N501Y,A570D,P681H,T716I,S982A,D1118H",B.1.1.7,0.7
"69-70∆,N501Y,A570D,P681H,T716I,S982A,D1118H",B.1.1.7,0.6
"69-70∆,N501Y,A570D,P681H,T716I,S982A,D1118H",B.1.1.7,0.7
"69-70∆,N501Y,A570D,P681H,T716I,S982A,D1118H",B.1.1.7,1.7
"69-70∆,N501Y,A570D,P681H,T716I,S982A,D1118H",B.1.1.7,1.0
"69-70∆,N501Y,A570D,P681H,T716I,S982A,D1118H",B.1.1.7,1.8
"69-70∆,N501Y,A570D,P681H,T716I,S982A,D1118H",B.1.1.7,0.6
"69-70∆,N501Y,A570D,P681H,T716I,S982A,D1118H",B.1.1.7,0.7
"69-70∆,N501Y,A570D,P681H,T716I,S982A,D1118H",B.1.1.7,0.4
"69-70∆,N501Y,A570D,P681H,T716I,S982A,D1118H",B.1.1.7,3.6
"69-70∆,N501Y,A570D,P681H,T716I,S982A,D1118H",B.1.1.7,1.3
"69-70∆,N501Y,A570D,P681H,T716I,S982A,D1118H",B.1.1.7,1.0
"69-70∆,N501Y,A570D,P681H,T716I,S982A,D1118H",B.1.1.7,0.8
"69-70∆,N501Y,A570D,P681H,T716I,S982A,D1118H",B.1.1.7,0.8
"69-70∆,N501Y,A570D,P681H,T716I,S982A,D1118H",B.1.1.7,0.3
"69-70∆,N501Y,A570D,P681H,T716I,S982A,D1118H",B.1.1.7,1.3
"69-70∆,N501Y,A570D,P681H,T716I,S982A,D1118H",B.1.1.7,2.2
"69-70∆,N501Y,A570D,P681H,T716I,S982A,D1118H",B.1.1.7,0.8
"69-70∆,N501Y,A570D,P681H,T716I,S982A,D1118H",B.1.1.7,1.0
"69-70∆,N501Y,A570D,P681H,T716I,S982A,D1118H",B.1.1.7,5.9
"69-70∆,N501Y,A570D,P681H,T716I,S982A,D1118H",B.1.1.7,5.8
"69-70∆,N501Y,A570D,P681H,T716I,S982A,D1118H",B.1.1.7,0.9
"69-70∆,N501Y,A570D,P681H,T716I,S982A,D1118H",B.1.1.7,1.0
"69-70∆,N501Y,A570D,P681H,T716I,S982A,D1118H",B.1.1.7,4.9
"69-70∆,N501Y,A570D,P681H,T716I,S982A,D1118H",B.1.1.7,1.4
"69-70∆,N501Y,A570D,P681H,T716I,S982A,D1118H",B.1.1.7,4.8
"69-70∆,N501Y,A570D,P681H,T716I,S982A,D1118H",B.1.1.7,0.8
"69-70∆,N501Y,A570D,P681H,T716I,S982A,D1118H",B.1.1.7,0.5
"69-70∆,N501Y,A570D,P681H,T716I,S982A,D1118H",B.1.1.7,0.3
"69-70∆,N501Y,A570D,P681H,T716I,S982A,D1118H",B.1.1.7,3.9
"69-70∆,N501Y,A570D,P681H,T716I,S982A,D1118H",B.1.1.7,1.1
"69-70∆,N501Y,A570D,P681H,T716I,S982A,D1118H",B.1.1.7,3.0
"69-70∆,N501Y,A570D,P681H,T716I,S982A,D1118H",B.1.1.7,8.0
"69-70∆,N501Y,A570D,P681H,T716I,S982A,D1118H",B.1.1.7,2.0
"69-70∆,N501Y,A570D,P681H,T716I,S982A,D1118H",B.1.1.7,8.0
"69-70∆,N501Y,A570D,P681H,T716I,S982A,D1118H",B.1.1.7,16.0
"69-70∆,N501Y,P681H",B.1.1.7 (variation),0.3
"69-70∆,N501Y,P681H",B.1.1.7 (variation),0.4
"69-70∆,N501Y,P681H",B.1.1.7 (variation),1.2
"69-70∆,N501Y,P681H",B.1.1.7 (variation),1.6
"69-70∆,N501Y,P681H",B.1.1.7 (variation),1.7
"69-70∆,N501Y,P681H",B.1.1.7 (variation),0.6
"69-70∆,N501Y,P681H",B.1.1.7 (variation),0.8
"69-70∆,N501Y,P681H",B.1.1.7 (variation),1.7
"69-70∆,N501Y,P681H",B.1.1.7 (variation),1.1
"69-70∆,N501Y,P681H",B.1.1.7 (variation),1.6
"69-70∆,N501Y,P681H",B.1.1.7 (variation),1.7
"69-70∆,N501Y,P681H",B.1.1.7 (variation),1.7
"69-70∆,N501Y,P681H",B.1.1.7 (variation),1.8
"69-70∆,N501Y,P681H",B.1.1.7 (variation),1.6
"69-70∆,N501Y,P681H",B.1.1.7 (variation),1.9
"69-70∆,N501Y,P681H",B.1.1.7 (variation),1.2
"69-70∆,N501Y,P681H",B.1.1.7 (variation),1.2
"69-70∆,N501Y,P681H",B.1.1.7 (variation),2.6
"69-70∆,Y453F",,7.3
"69-70∆,Y453F",,0.9
"69-70∆,Y453F",,1.9
"69-70∆,Y453F",,1.7
"69-70∆,Y453F",,2.9
"69-70∆,Y453F",,1.6
"69-70∆,Y453F",,5.8
"69-70∆,Y453F",,1.3
"69-70∆,Y453F",,1.1
"69-70∆,Y453F",,2.1
"69-70∆,Y453F",,0.6
"69-70∆,Y453F",,2.2
"69-70∆,Y453F",,4.3
"69-70∆,Y453F",,1.7
"69-70∆,Y453F",,1.2
"69-70∆,Y453F,I692V,S1147L,M1229I",Mink Cluster 5,0.7
"69-70∆,Y453F,I692V,S1147L,M1229I",Mink Cluster 5,0.8
"69-70∆,Y453F,I692V,S1147L,M1229I",Mink Cluster 5,0.4
"69-70∆,Y453F,I692V,S1147L,M1229I",Mink Cluster 5,0.6
"69-70∆,Y453F,I692V,S1147L,M1229I",Mink Cluster 5,0.6
"69-70∆,Y453F,I692V,S1147L,M1229I",Mink Cluster 5,0.5
"69-70∆,Y453F,I692V,S1147L,M1229I",Mink Cluster 5,0.4
"69-70∆,Y453F,I692V,S1147L,M1229I",Mink Cluster 5,0.5
"69-70∆,Y453F,I692V,S1147L,M1229I",Mink Cluster 5,0.4
"69-70∆,Y453F,I692V,S1147L,M1229I",Mink Cluster 5,0.8
"69-70∆,Y453F,I692V,S1147L,M1229I",Mink Cluster 5,0.4
"69-70∆,Y453F,I692V,S1147L,M1229I",Mink Cluster 5,0.6
"69-70∆,Y453F,I692V,S1147L,M1229I",Mink Cluster 5,0.4
"69-70∆,Y453F,I692V,S1147L,M1229I",Mink Cluster 5,0.4
"69-70∆,Y453F,I692V,S1147L,M1229I",Mink Cluster 5,0.5
"69-70∆,Y453F,I692V,S1147L,M1229I",Mink Cluster 5,0.6
"69-70∆,Y453F,I692V,S1147L,M1229I",Mink Cluster 5,0.5
"69-70∆,Y453F,I692V,S1147L,M1229I",Mink Cluster 5,0.7
"D80A,D215G,242-244∆,K417N,E484K,N501Y,A701V",B.1.351 :-18F-244del-246I (variation),57.9
"D80A,D215G,242-244∆,K417N,E484K,N501Y,A701V",B.1.351 :-18F-244del-246I (variation),8.9
"D80A,D215G,242-244∆,K417N,E484K,N501Y,A701V",B.1.351 :-18F-244del-246I (variation),6.5
"D80A,D215G,242-244∆,K417N,E484K,N501Y,A701V",B.1.351 :-18F-244del-246I (variation),5.6
"D80A,D215G,242-244∆,K417N,E484K,N501Y,A701V",B.1.351 :-18F-244del-246I (variation),4.1
"D80A,D215G,242-244∆,K417N,E484K,N501Y,A701V",B.1.351 :-18F-244del-246I (variation),1.9
"D80A,D215G,242-244∆,K417N,E484K,N501Y,A701V",B.1.351 :-18F-244del-246I (variation),0.4
"D80A,D215G,K417N,E484K,N501Y,A701V",B.1.351 :-18F-242del-243del-244del-246I (variation),19.4
"D80A,D215G,K417N,E484K,N501Y,A701V",B.1.351 :-18F-242del-243del-244del-246I (variation),6.5
"D80A,D215G,K417N,E484K,N501Y,A701V",B.1.351 :-18F-242del-243del-244del-246I (variation),4.1
"D80A,D215G,K417N,E484K,N501Y,A701V",B.1.351 :-18F-242del-243del-244del-246I (variation),3.5
"D80A,D215G,K417N,E484K,N501Y,A701V",B.1.351 :-18F-242del-243del-244del-246I (variation),3.0
"D80A,D215G,K417N,E484K,N501Y,A701V",B.1.351 :-18F-242del-243del-244del-246I (variation),1.4
"E484K,N501Y",,1.6
"E484K,N501Y",,8.8
"E484K,N501Y",,2.6
"E484K,N501Y",,6.8
"E484K,N501Y",,6.6
"E484K,N501Y",,2.1
"E484K,N501Y",,2.2
"E484K,N501Y",,1.9
"E484K,N501Y",,5.7
"E484K,N501Y",,9.0
"E484K,N501Y",,28.4
"E484K,N501Y",,11.1
"E484K,N501Y",,15.5
"E484K,N501Y",,1.9
"E484K,N501Y",,5.6
"E484K,N501Y",,3.4
"E484K,N501Y",,6.4
"E484K,N501Y",,5.5
"E484K,N501Y",,6.1
"E484K,V1176F",P.2,4.0
"E484K,V1176F",P.2,8.0
"E484K,V1176F",P.2,16.0
"E484K,V1176F",P.2,8.0
"E484K,V1176F",P.2,8.0
"G446P,F456V,E484P",,1.2
"K417N,E484K,N501Y",B.1.351 RBD,2.0
"K417N,E484K,N501Y",B.1.351 RBD,4.2
"K417N,E484K,N501Y",B.1.351 RBD,1.3
"K417N,E484K,N501Y",B.1.351 RBD,2.9
"K417N,E484K,N501Y",B.1.351 RBD,2.1
"K417N,E484K,N501Y",B.1.351 RBD,2.1
"K417N,E484K,N501Y",B.1.351 RBD,1.4
"K417N,E484K,N501Y",B.1.351 RBD,2.6
"K417N,E484K,N501Y",B.1.351 RBD,5.7
"K417N,E484K,N501Y",B.1.351 RBD,9.2
"K417N,E484K,N501Y",B.1.351 RBD,34.8
"K417N,E484K,N501Y",B.1.351 RBD,7.6
"K417N,E484K,N501Y",B.1.351 RBD,13.9
"K417N,E484K,N501Y",B.1.351 RBD,1.2
"K417N,E484K,N501Y",B.1.351 RBD,2.9
"K417N,E484K,N501Y",B.1.351 RBD,2.6
"K417N,E484K,N501Y",B.1.351 RBD,1.6
"K417N,E484K,N501Y",B.1.351 RBD,2.4
"K417N,E484K,N501Y",B.1.351 RBD,7.9
"K417N,E484K,N501Y",B.1.351 RBD,0.7
"K417N,E484K,N501Y",B.1.351 RBD,0.8
"K417N,E484K,N501Y",B.1.351 RBD,0.7
"K417N,E484K,N501Y",B.1.351 RBD,0.8
"K417N,E484K,N501Y",B.1.351 RBD,1.0
"K417N,E484K,N501Y",B.1.351 RBD,1.9
"K417N,E484K,N501Y",B.1.351 RBD,0.8
"K417N,E484K,N501Y",B.1.351 RBD,1.2
"K417N,E484K,N501Y",B.1.351 RBD,1.2
"K417N,E484K,N501Y",B.1.351 RBD,1.7
"K417N,E484K,N501Y",B.1.351 RBD,0.8
"K417N,E484K,N501Y",B.1.351 RBD,1.6
"K417N,E484K,N501Y",B.1.351 RBD,0.9
"K417N,E484K,N501Y",B.1.351 RBD,1.0
"K417N,E484K,N501Y",B.1.351 RBD,2.1
"K417N,E484K,N501Y",B.1.351 RBD,2.0
"K417N,E484K,N501Y",B.1.351 RBD,1.3
"K417N,E484K,N501Y",B.1.351 RBD,0.6
"K417N,E484K,N501Y",B.1.351 RBD,0.9
"K417N,E484K,N501Y",B.1.351 RBD,3.8
"K417N,E484K,N501Y",B.1.351 RBD,1.8
"K417N,E484K,N501Y",B.1.351 RBD,0.3
"K417N,E484K,N501Y",B.1.351 RBD,1.0
"K417N,E484K,N501Y",B.1.351 RBD,10.3
"K417N,E484K,N501Y",B.1.351 RBD,0.8
"K417N,E484K,N501Y",B.1.351 RBD,12.4
"K417N,E484K,N501Y",B.1.351 RBD,15.8
"K417N,E484K,N501Y",B.1.351 RBD,2.3
"K417N,E484K,N501Y",B.1.351 RBD,6.1
"K417N,E484K,N501Y",B.1.351 RBD,29.2
"K417N,E484K,N501Y",B.1.351 RBD,27.3
"K417N,E484K,N501Y",B.1.351 RBD,5.7
"K417N,E484K,N501Y",B.1.351 RBD,4.6
"K417N,E484K,N501Y",B.1.351 RBD,73.6
"K417N,E484K,N501Y",B.1.351 RBD,2.1
"K417N,E484K,N501Y",B.1.351 RBD,1.8
"K417N,E484K,N501Y",B.1.351 RBD,1.8
"K417N,E484K,N501Y",B.1.351 RBD,21.5
"K417N,E484K,N501Y",B.1.351 RBD,2.5
"K417N,E484K,N501Y",B.1.351 RBD,3.3
"K417N,E484K,N501Y",B.1.351 RBD,13.1
"K417N,E484K,N501Y",B.1.351 RBD,25.0
"K417N,E484K,N501Y",B.1.351 RBD,7.1
"K417N,E484K,N501Y",B.1.351 RBD,1.0
"K417N,E484K,N501Y",B.1.351 RBD,1.0
"K417N,E484K,N501Y",B.1.351 RBD,1.1
"K417N,E484K,N501Y",B.1.351 RBD,0.6
"K417N,E484K,N501Y",B.1.351 RBD,0.6
"K417N,E484K,N501Y",B.1.351 RBD,4.7
"K417N,E484K,N501Y",B.1.351 RBD,6.2
"K417N,E484K,N501Y",B.1.351 RBD,6.8
"K417N,E484K,N501Y",B.1.351 RBD,8.3
"K417N,E484K,N501Y",B.1.351 RBD,3.4
"K417N,E484K,N501Y",B.1.351 RBD,9.3
"K417N,E484K,N501Y",B.1.351 RBD,10.8
"K417N,E484K,N501Y",B.1.351 RBD,11.9
"K417N,E484K,N501Y",B.1.351 RBD,11.7
"K417N,E484K,N501Y",B.1.351 RBD,12.6
"K417N,E484K,N501Y",B.1.351 RBD,10.6
"K417N,E484K,N501Y",B.1.351 RBD,16.3
"K417N,E484K,N501Y",B.1.351 RBD,2.3
"K417N,E484K,N501Y",B.1.351 RBD,0.9
"K417N,E484K,N501Y",B.1.351 RBD,1.1
"K417N,E484K,N501Y",B.1.351 RBD,1.6
"K417N,E484K,N501Y",B.1.351 RBD,2.1
"K417N,E484K,N501Y",B.1.351 RBD,2.0
"K417N,E484K,N501Y",B.1.351 RBD,1.4
"K417N,E484K,N501Y",B.1.351 RBD,6.0
"K417N,E484K,N501Y",B.1.351 RBD,2.4
"K417N,E484K,N501Y",B.1.351 RBD,0.5
"K417N,E484K,N501Y",B.1.351 RBD,2.0
"K417N,E484K,N501Y",B.1.351 RBD,2.8
"K417N,E484K,N501Y",B.1.351 RBD,1.2
"K417N,E484K,N501Y",B.1.351 RBD,2.7
"K417N,E484K,N501Y",B.1.351 RBD,1.5
"K417N,E484K,N501Y",B.1.351 RBD,3.1
"K417N,E484K,N501Y",B.1.351 RBD,0.5
"K417N,E484K,N501Y",B.1.351 RBD,0.7
"K417N,E484K,N501Y",B.1.351 RBD,0.5
"K417N,E484K,N501Y",B.1.351 RBD,2.7
"K417N,E484K,N501Y",B.1.351 RBD,1.4
"K417N,E484K,N501Y",B.1.351 RBD,1.9
"K417N,E484K,N501Y",B.1.351 RBD,1.7
"K417N,E484K,N501Y",B.1.351 RBD,0.7
"K417N,E484K,N501Y",B.1.351 RBD,2.7
"K417N,E484K,N501Y",B.1.351 RBD,5.5
"K417N,E484K,N501Y",B.1.351 RBD,1.6
"K417N,E484K,N501Y",B.1.351 RBD,0.7
"K417N,E484K,N501Y",B.1.351 RBD,2.3
"K417N,E484K,N501Y",B.1.351 RBD,2.1
"K417N,E484K,N501Y",B.1.351 RBD,3.3
"K417N,E484K,N501Y",B.1.351 RBD,5.5
"K417N,E484K,N501Y",B.1.351 RBD,9.9
"K417N,E484K,N501Y",B.1.351 RBD,2.6
"K417N,E484K,N501Y",B.1.351 RBD,1.9
"K417N,E484K,N501Y",B.1.351 RBD,1.6
"K417N,E484K,N501Y",B.1.351 RBD,1.5
"K417N,E484K,N501Y",B.1.351 RBD,1.7
"K417N,E484K,N501Y",B.1.351 RBD,3.1
"K417N,E484K,N501Y",B.1.351 RBD,2.4
"K417N,E484K,N501Y",B.1.351 RBD,29.0
"K417N,E484K,N501Y",B.1.351 RBD,4.6
"K417N,E484K,N501Y",B.1.351 RBD,2.8
"K417N,E484K,N501Y",B.1.351 RBD,1.0
"K417N,E484K,N501Y",B.1.351 RBD,2.8
"K417N,E484K,N501Y",B.1.351 RBD,1.2
"K417N,E484K,N501Y",B.1.351 RBD,0.9
"K417N,E484K,N501Y",B.1.351 RBD,0.8
"K417N,E484K,N501Y",B.1.351 RBD,1.5
"K417N,E484K,N501Y",B.1.351 RBD,1.8
"K417N,E484K,N501Y",B.1.351 RBD,2.4
"K417N,E484K,N501Y",B.1.351 RBD,1.1
"K417N,E484K,N501Y",B.1.351 RBD,2.9
"K417N,E484K,N501Y",B.1.351 RBD,1.9
"K417N,E484K,N501Y",B.1.351 RBD,0.8
"K417N,E484K,N501Y",B.1.351 RBD,1.3
"K417N,E484K,N501Y",B.1.351 RBD,1.5
"K417N,E484K,N501Y",B.1.351 RBD,1.1
"K417N,E484K,N501Y",B.1.351 RBD,3.0
"K417N,E484K,N501Y",B.1.351 RBD,1.9
"K417N,E484K,N501Y",B.1.351 RBD,6.7
"K417N,E484K,N501Y",B.1.351 RBD,0.5
"K417N,E484K,N501Y",B.1.351 RBD,1.0
"K417N,E484K,N501Y",B.1.351 RBD,0.6
"K417N,E484K,N501Y",B.1.351 RBD,2.6
"K417N,E484K,N501Y",B.1.351 RBD,2.2
"K417N,E484K,N501Y",B.1.351 RBD,2.4
"K417N,E484K,N501Y",B.1.351 RBD,2.9
"K417N,E484K,N501Y",B.1.351 RBD,0.9
"K417N,E484K,N501Y",B.1.351 RBD,1.8
"K417N,E484K,N501Y",B.1.351 RBD,2.3
"K417N,E484K,N501Y",B.1.351 RBD,2.2
"K417N,E484K,N501Y",B.1.351 RBD,2.3
"K417N,E484K,N501Y",B.1.351 RBD,1.6
"K417N,E484K,N501Y",B.1.351 RBD,1.5
"K417N,E484K,N501Y",B.1.351 RBD,1.2
"K417N,E484K,N501Y",B.1.351 RBD,2.9
"K417N,E484K,N501Y",B.1.351 RBD,15.1
"K417N,E484K,N501Y",B.1.351 RBD,3.4
"K417N,E484K,N501Y",B.1.351 RBD,3.4
"K417N,E484K,N501Y",B.1.351 RBD,2.4
"K417N,E484K,N501Y",B.1.351 RBD,4.2
"K417N,E484K,N501Y",B.1.351 RBD,1.8
"K417N,E484K,N501Y",B.1.351 RBD,2.0
"K417N,E484K,N501Y",B.1.351 RBD,1.6
"K417N,E484K,N501Y",B.1.351 RBD,20.2
"K417N,E484K,N501Y",B.1.351 RBD,4.6
"K417N,E484K,N501Y",B.1.351 RBD,1.9
"K417N,E484K,N501Y",B.1.351 RBD,1.3
"K417N,E484K,N501Y",B.1.351 RBD,3.8
"K417N,G446V,E484K",,20.6
"K417N,G446V,E484K",,20.6
"K417N,G446V,E484K",,12.2
"K417N,G446V,E484K",,3.5
"K417N,G446V,E484K",,6.7
"L18F,D80A,D215G,242-244∆,R246I,K417N,E484K,N501Y,A701V",B.1.351,9.1
"L18F,D80A,D215G,242-244∆,R246I,K417N,E484K,N501Y,A701V",B.1.351,40.5
"L18F,D80A,D215G,242-244∆,R246I,K417N,E484K,N501Y,A701V",B.1.351,3.5
"L18F,D80A,D215G,242-244∆,R246I,K417N,E484K,N501Y,A701V",B.1.351,14.6
"L18F,D80A,D215G,242-244∆,R246I,K417N,E484K,N501Y,A701V",B.1.351,7.8
"L18F,D80A,D215G,242-244∆,R246I,K417N,E484K,N501Y,A701V",B.1.351,8.4
"L18F,D80A,D215G,242-244∆,R246I,K417N,E484K,N501Y,A701V",B.1.351,17.0
"L18F,D80A,D215G,242-244∆,R246I,K417N,E484K,N501Y,A701V",B.1.351,4.5
"L18F,D80A,D215G,242-244∆,R246I,K417N,E484K,N501Y,A701V",B.1.351,5.2
"L18F,D80A,D215G,242-244∆,R246I,K417N,E484K,N501Y,A701V",B.1.351,29.6
"L18F,D80A,D215G,242-244∆,R246I,K417N,E484K,N501Y,A701V",B.1.351,4.1
"L18F,D80A,D215G,242-244∆,R246I,K417N,E484K,N501Y,A701V",B.1.351,6.1
"L18F,D80A,D215G,242-244∆,R246I,K417N,E484K,N501Y,A701V",B.1.351,9.1
"L18F,D80A,D215G,242-244∆,R246I,K417N,E484K,N501Y,A701V",B.1.351,2.2
"L18F,D80A,D215G,242-244∆,R246I,K417N,E484K,N501Y,A701V",B.1.351,5.8
"L18F,D80A,D215G,242-244∆,R246I,K417N,E484K,N501Y,A701V",B.1.351,3.0
"L18F,D80A,D215G,242-244∆,R246I,K417N,E484K,N501Y,A701V",B.1.351,6.5
"L18F,D80A,D215G,242-244∆,R246I,K417N,E484K,N501Y,A701V",B.1.351,4.4
"L18F,D80A,D215G,242-244∆,R246I,K417N,E484K,N501Y,A701V",B.1.351,2.4
"L18F,D80A,D215G,242-244∆,R246I,K417N,E484K,N501Y,A701V",B.1.351,2.2
"L18F,D80A,D215G,242-244∆,R246I,K417N,E484K,N501Y,A701V",B.1.351,2.7
"L18F,D80A,D215G,242-244∆,R246I,K417N,E484K,N501Y,A701V",B.1.351,5.7
"L18F,D80A,D215G,242-244∆,R246I,K417N,E484K,N501Y,A701V",B.1.351,5.9
"L18F,D80A,D215G,242-244∆,R246I,K417N,E484K,N501Y,A701V",B.1.351,66.7
"L18F,D80A,D215G,242-244∆,R246I,K417N,E484K,N501Y,A701V",B.1.351,11.1
"L18F,D80A,D215G,242-244∆,R246I,K417N,E484K,N501Y,A701V",B.1.351,15.5
"L18F,D80A,D215G,242-244∆,R246I,K417N,E484K,N501Y,A701V",B.1.351,1.9
"L18F,D80A,D215G,242-244∆,R246I,K417N,E484K,N501Y,A701V",B.1.351,2.7
"L18F,D80A,D215G,242-244∆,R246I,K417N,E484K,N501Y,A701V",B.1.351,2.9
"L18F,D80A,D215G,242-244∆,R246I,K417N,E484K,N501Y,A701V",B.1.351,3.3
"L18F,D80A,D215G,242-244∆,R246I,K417N,E484K,N501Y,A701V",B.1.351,2.9
"L18F,D80A,D215G,242-244∆,R246I,K417N,E484K,N501Y,A701V",B.1.351,4.3
"L18F,D80A,D215G,242-244∆,R246I,K417N,E484K,N501Y,A701V",B.1.351,4.0
"L18F,D80A,D215G,242-244∆,R246I,K417N,E484K,N501Y,A701V",B.1.351,8.0
"L18F,D80A,D215G,242-244∆,R246I,K417N,E484K,N501Y,A701V",B.1.351,20.0
"L18F,D80A,D215G,242-244∆,R246I,K417N,E484K,N501Y,A701V",B.1.351,15.8
"L18F,D80A,D215G,242-244∆,R246I,K417N,E484K,N501Y,A701V",B.1.351,11.7
"L18F,D80A,D215G,242-244∆,R246I,K417N,E484K,N501Y,A701V",B.1.351,8.6
"L18F,D80A,D215G,242-244∆,R246I,K417N,E484K,N501Y,A701V",B.1.351,4.6
"L18F,D80A,D215G,242-244∆,R246I,K417N,E484K,N501Y,A701V",B.1.351,4.6
"L18F,D80A,D215G,242-244∆,R246I,K417N,E484K,N501Y,A701V",B.1.351,3.7
"L18F,D80A,D215G,242-244∆,R246I,K417N,E484K,N501Y,A701V",B.1.351,3.7
"L18F,D80A,D215G,242-244∆,R246I,K417N,E484K,N501Y,A701V",B.1.351,1.8
"L18F,D80A,D215G,242-244∆,R246I,K417N,E484K,N501Y,A701V",B.1.351,91.1
"L18F,D80A,D215G,242-244∆,R246I,K417N,E484K,N501Y,A701V",B.1.351,106.4
"L18F,D80A,D215G,242-244∆,R246I,K417N,E484K,N501Y,A701V",B.1.351,7.6
"L18F,D80A,D215G,242-244∆,R246I,K417N,E484K,N501Y,A701V",B.1.351,4.1
"L18F,D80A,D215G,242-244∆,R246I,K417N,E484K,N501Y,A701V",B.1.351,66.7
"L18F,D80A,D215G,242-244∆,R246I,K417N,E484K,N501Y,A701V",B.1.351,91.1
"L18F,D80A,D215G,242-244∆,R246I,K417N,E484K,N501Y,A701V",B.1.351,8.8
"L18F,D80A,D215G,242-244∆,R246I,K417N,E484K,N501Y,A701V",B.1.351,10.3
"L18F,D80A,D215G,242-244∆,R246I,K417N,E484K,N501Y,A701V",B.1.351,3.5
"L18F,D80A,D215G,242-244∆,R246I,K417N,E484K,N501Y,A701V",B.1.351,8.8
"L18F,D80A,D215G,242-244∆,R246I,K417N,E484K,N501Y,A701V",B.1.351,5.5
"L18F,D80A,D215G,242-244∆,R246I,K417N,E484K,N501Y,A701V",B.1.351,8.8
"L18F,D80A,D215G,242-244∆,R246I,K417N,E484K,N501Y,A701V",B.1.351,22.5
"L18F,D80A,D215G,242-244∆,R246I,K417N,E484K,N501Y,A701V",B.1.351,4.1
"L18F,D80A,D215G,242-244∆,R246I,K417N,E484K,N501Y,A701V",B.1.351,2.2
"L18F,D80A,D215G,242-244∆,R246I,K417N,E484K,N501Y,A701V",B.1.351,91.1
"L18F,D80A,D215G,242-244∆,R246I,K417N,E484K,N501Y,A701V",B.1.351,35.8
"L18F,D80A,D215G,242-244∆,R246I,K417N,E484K,N501Y,A701V",B.1.351,14.1
"L18F,D80A,D215G,242-244∆,R246I,K417N,E484K,N501Y,A701V",B.1.351,78.0
"L18F,D80A,D215G,242-244∆,R246I,K417N,E484K,N501Y,A701V",B.1.351,35.8
"L18F,D80A,D215G,242-244∆,R246I,K417N,E484K,N501Y,A701V",B.1.351,35.8
"L18F,D80A,D215G,242-244∆,R246I,K417N,E484K,N501Y,A701V",B.1.351,14.1
"L18F,D80A,D215G,242-244∆,R246I,K417N,E484K,N501Y,A701V",B.1.351,12.1
"L18F,D80A,D215G,242-244∆,R246I,K417N,E484K,N501Y,A701V",B.1.351,14.1
"L18F,D80A,D215G,242-244∆,R246I,K417N,E484K,N501Y,A701V",B.1.351,12.1
"L18F,D80A,D215G,242-244∆,R246I,K417N,E484K,N501Y,A701V",B.1.351,10.3
"L18F,D80A,D215G,242-244∆,R246I,K417N,E484K,N501Y,A701V",B.1.351,10.3
"L18F,D80A,D215G,242-244∆,R246I,K417N,E484K,N501Y,A701V",B.1.351,10.3
"L18F,D80A,D215G,242-244∆,R246I,K417N,E484K,N501Y,A701V",B.1.351,3.5
"L18F,D80A,D215G,242-244∆,R246I,K417N,E484K,N501Y,A701V",B.1.351,19.2
"L18F,D80A,D215G,242-244∆,R246I,K417N,E484K,N501Y,A701V",B.1.351,16.5
"L18F,D80A,D215G,242-244∆,R246I,K417N,E484K,N501Y,A701V",B.1.351,7.6
"L18F,D80A,D215G,242-244∆,R246I,K417N,E484K,N501Y,A701V",B.1.351,1.0
"L18F,D80A,D215G,242-244∆,R246I,K417N,E484K,N501Y,A701V",B.1.351,1.4
"L18F,D80A,D215G,242-244∆,R246I,K417N,E484K,N501Y,A701V",B.1.351,1.2
"L18F,D80A,D215G,242-244∆,R246I,K417N,E484K,N501Y,A701V",B.1.351,1.2
"L18F,D80A,D215G,242-244∆,R246I,K417N,E484K,N501Y,A701V",B.1.351,1.0
"L18F,D80A,D215G,242-244∆,R246I,K417N,E484K,N501Y,A701V",B.1.351,1.5
"L18F,D80A,D215G,242-244∆,R246I,K417N,E484K,N501Y,A701V",B.1.351,3.4
"L18F,D80A,D215G,242-244∆,R246I,K417N,E484K,N501Y,A701V",B.1.351,0.0
"L18F,D80A,D215G,242-244∆,R246I,K417N,E484K,N501Y,A701V",B.1.351,15.2
"L18F,D80A,D215G,242-244∆,R246I,K417N,E484K,N501Y,A701V",B.1.351,0.5
"L18F,D80A,D215G,242-244∆,R246I,K417N,E484K,N501Y,A701V",B.1.351,5.6
"L18F,D80A,D215G,242-244∆,R246I,K417N,E484K,N501Y,A701V",B.1.351,5.8
"L18F,D80A,D215G,242-244∆,R246I,K417N,E484K,N501Y,A701V",B.1.351,2.5
"L18F,D80A,D215G,242-244∆,R246I,K417N,E484K,N501Y,A701V",B.1.351,1.1
"L18F,D80A,D215G,242-244∆,R246I,K417N,E484K,N501Y,A701V",B.1.351,15.7
"L18F,D80A,D215G,242-244∆,R246I,K417N,E484K,N501Y,A701V",B.1.351,7.4
"L18F,D80A,D215G,242-244∆,R246I,K417N,E484K,N501Y,A701V",B.1.351,2.3
"L18F,D80A,D215G,242-244∆,R246I,K417N,E484K,N501Y,A701V",B.1.351,4.3
"L18F,D80A,D215G,242-244∆,R246I,K417N,E484K,N501Y,A701V",B.1.351,4.9
"L18F,D80A,D215G,242-244∆,R246I,K417N,E484K,N501Y,A701V",B.1.351,7.1
"L18F,D80A,D215G,242-244∆,R246I,K417N,E484K,N501Y,A701V",B.1.351,15.6
"L18F,D80A,D215G,242-244∆,R246I,K417N,E484K,N501Y,A701V",B.1.351,10.4
"L18F,D80A,D215G,242-244∆,R246I,K417N,E484K,N501Y,A701V",B.1.351,8.5
"L18F,D80A,D215G,242-244∆,R246I,K417N,E484K,N501Y,A701V",B.1.351,2.3
"L18F,D80A,D215G,242-244∆,R246I,K417N,E484K,N501Y,A701V",B.1.351,5.1
"L18F,D80A,D215G,242-244∆,R246I,K417N,E484K,N501Y,A701V",B.1.351,0.6
"L18F,D80A,D215G,242-244∆,R246I,K417N,E484K,N501Y,A701V",B.1.351,1.5
"L18F,D80A,D215G,242-244∆,R246I,K417N,E484K,N501Y,A701V",B.1.351,5.1
"L18F,D80A,D215G,242-244∆,R246I,K417N,E484K,N501Y,A701V",B.1.351,0.5
"L18F,D80A,D215G,242-244∆,R246I,K417N,E484K,N501Y,A701V",B.1.351,17.5
"L18F,D80A,D215G,242-244∆,R246I,K417N,E484K,N501Y,A701V",B.1.351,2.8
"L18F,D80A,D215G,242-244∆,R246I,K417N,E484K,N501Y,A701V",B.1.351,4.0
"L18F,D80A,D215G,242-244∆,R246I,K417N,E484K,N501Y,A701V",B.1.351,4.0
"L18F,D80A,D215G,242-244∆,R246I,K417N,E484K,N501Y,A701V",B.1.351,32.5
"L18F,D80A,D215G,242-244∆,R246I,K417N,E484K,N501Y,A701V",B.1.351,57.2
"L18F,D80A,D215G,242-244∆,R246I,K417N,E484K,N501Y,A701V",B.1.351,0.2
"L18F,D80A,D215G,242-244∆,R246I,K417N,E484K,N501Y,A701V",B.1.351,16.9
"L18F,D80A,D215G,242-244∆,R246I,K417N,E484K,N501Y,A701V",B.1.351,2.2
"L18F,D80A,D215G,242-244∆,R246I,K417N,E484K,N501Y,A701V",B.1.351,2.8
"L18F,D80A,D215G,242-244∆,R246I,K417N,E484K,N501Y,A701V",B.1.351,0.6
"L18F,D80A,D215G,242-244∆,R246I,K417N,E484K,N501Y,A701V",B.1.351,1.1
"L18F,D80A,D215G,242-244∆,R246I,K417N,E484K,N501Y,A701V",B.1.351,1.2
"L18F,D80A,D215G,242-244∆,R246I,K417N,E484K,N501Y,A701V",B.1.351,12.6
"L18F,D80A,D215G,242-244∆,R246I,K417N,E484K,N501Y,A701V",B.1.351,3.8
"L18F,D80A,D215G,242-244∆,R246I,K417N,E484K,N501Y,A701V",B.1.351,5.0
"L18F,D80A,D215G,242-244∆,R246I,K417N,E484K,N501Y,A701V",B.1.351,45.2
"L18F,D80A,D215G,242-244∆,R246I,K417N,E484K,N501Y,A701V",B.1.351,1.0
"L18F,D80A,D215G,242-244∆,R246I,K417N,E484K,N501Y,A701V",B.1.351,10.8
"L18F,D80A,D215G,242-244∆,R246I,K417N,E484K,N501Y,A701V",B.1.351,5.5
"L18F,D80A,D215G,242-244∆,R246I,K417N,E484K,N501Y,A701V",B.1.351,2.4
"L18F,D80A,D215G,242-244∆,R246I,K417N,E484K,N501Y,A701V",B.1.351,1.5
"L18F,D80A,D215G,242-244∆,R246I,K417N,E484K,N501Y,A701V",B.1.351,2.0
"L18F,D80A,D215G,242-244∆,R246I,K417N,E484K,N501Y,A701V",B.1.351,4.7
"L18F,D80A,D215G,242-244∆,R246I,K417N,E484K,N501Y,A701V",B.1.351,0.9
"L18F,D80A,D215G,242-244∆,R246I,K417N,E484K,N501Y,A701V",B.1.351,19.6
"L18F,D80A,D215G,242-244∆,R246I,K417N,E484K,N501Y,A701V",B.1.351,1.0
"L18F,D80A,D215G,242-244∆,R246I,K417N,E484K,N501Y,A701V",B.1.351,4.8
"L18F,D80A,D215G,242-244∆,R246I,K417N,E484K,N501Y,A701V",B.1.351,4.1
"L18F,D80A,D215G,242-244∆,R246I,K417N,E484K,N501Y,A701V",B.1.351,1.8
"L18F,D80A,D215G,242-244∆,R246I,K417N,E484K,N501Y,A701V",B.1.351,1.0
"L18F,D80A,D215G,242-244∆,R246I,K417N,E484K,N501Y,A701V",B.1.351,2.9
"L18F,D80A,D215G,242-244∆,R246I,K417N,E484K,N501Y,A701V",B.1.351,5.5
"L18F,D80A,D215G,242-244∆,R246I,K417N,E484K,N501Y,A701V",B.1.351,4.2
"L18F,D80A,D215G,242-244∆,R246I,K417N,E484K,N501Y,A701V",B.1.351,1.7
"L18F,D80A,D215G,242-244∆,R246I,K417N,E484K,N501Y,A701V",B.1.351,1.7
"L18F,D80A,D215G,242-244∆,R246I,K417N,E484K,N501Y,A701V",B.1.351,8.7
"L18F,D80A,D215G,242-244∆,R246I,K417N,E484K,N501Y,A701V",B.1.351,2.5
"L18F,D80A,D215G,242-244∆,R246I,K417N,E484K,N501Y,A701V",B.1.351,2.7
"L18F,D80A,D215G,242-244∆,R246I,K417N,E484K,N501Y,A701V",B.1.351,9.4
"L18F,D80A,D215G,242-244∆,R246I,K417N,E484K,N501Y,A701V",B.1.351,7.0
"L18F,D80A,D215G,242-244∆,R246I,K417N,E484K,N501Y,A701V",B.1.351,9.9
"L18F,D80A,D215G,242-244∆,R246I,K417N,E484K,N501Y,A701V",B.1.351,4.5
"L18F,D80A,D215G,242-244∆,R246I,K417N,E484K,N501Y,A701V",B.1.351,1.2
"L18F,D80A,D215G,242-244∆,R246I,K417N,E484K,N501Y,A701V",B.1.351,1.8
"L18F,D80A,D215G,242-244∆,R246I,K417N,E484K,N501Y,A701V",B.1.351,2.6
"L18F,D80A,D215G,242-244∆,R246I,K417N,E484K,N501Y,A701V",B.1.351,0.5
"L18F,D80A,D215G,242-244∆,R246I,K417N,E484K,N501Y,A701V",B.1.351,1.4
"L18F,D80A,D215G,242-244∆,R246I,K417N,E484K,N501Y,A701V",B.1.351,1.6
"L18F,D80A,D215G,242-244∆,R246I,K417N,E484K,N501Y,A701V",B.1.351,6.7
"L18F,D80A,D215G,242-244∆,R246I,K417N,E484K,N501Y,A701V",B.1.351,4.7
"L18F,D80A,D215G,242-244∆,R246I,K417N,E484K,N501Y,A701V",B.1.351,1.0
"L18F,D80A,D215G,242-244∆,R246I,K417N,E484K,N501Y,A701V",B.1.351,0.9
"L18F,D80A,D215G,242-244∆,R246I,K417N,E484K,N501Y,A701V",B.1.351,1.4
"L18F,D80A,D215G,242-244∆,R246I,K417N,E484K,N501Y,A701V",B.1.351,0.9
"L18F,D80A,D215G,242-244∆,R246I,K417N,E484K,N501Y,A701V",B.1.351,2.4
"L18F,D80A,D215G,242-244∆,R246I,K417N,E484K,N501Y,A701V",B.1.351,9.1
"L18F,D80A,D215G,242-244∆,R246I,K417N,E484K,N501Y,A701V",B.1.351,3.1
"L18F,D80A,D215G,242-244∆,R246I,K417N,E484K,N501Y,A701V",B.1.351,6.0
"L18F,D80A,D215G,242-244∆,R246I,K417N,E484K,N501Y,A701V",B.1.351,3.1
"L18F,D80A,D215G,242-244∆,R246I,K417N,E484K,N501Y,A701V",B.1.351,9.4
"L18F,D80A,D215G,242-244∆,R246I,K417N,E484K,N501Y,A701V",B.1.351,30.5
"L18F,D80A,D215G,242-244∆,R246I,K417N,E484K,N501Y,A701V",B.1.351,18.4
"L18F,D80A,D215G,242-244∆,R246I,K417N,E484K,N501Y,A701V",B.1.351,60.5
"L18F,D80A,D215G,242-244∆,R246I,K417N,E484K,N501Y,A701V",B.1.351,98.8
"L18F,D80A,D215G,242-244∆,R246I,K417N,E484K,N501Y,A701V",B.1.351,22.3
"L18F,D80A,D215G,242-244∆,R246I,K417N,E484K,N501Y,A701V",B.1.351,4.8
"L18F,D80A,D215G,242-244∆,R246I,K417N,E484K,N501Y,A701V",B.1.351,19.0
"L18F,D80A,D215G,242-244∆,R246I,K417N,E484K,N501Y,A701V",B.1.351,23.6
"L18F,D80A,D215G,242-244∆,R246I,K417N,E484K,N501Y,A701V",B.1.351,1.2
"L18F,D80A,D215G,242-244∆,R246I,K417N,E484K,N501Y,A701V",B.1.351,1.7
"L18F,D80A,D215G,242-244∆,R246I,K417N,E484K,N501Y,A701V",B.1.351,2.2
"L18F,D80A,D215G,242-244∆,R246I,K417N,E484K,N501Y,A701V",B.1.351,1.2
"L18F,D80A,D215G,242-244∆,R246I,K417N,E484K,N501Y,A701V",B.1.351,1.0
"L18F,D80A,D215G,242-244∆,R246I,K417N,E484K,N501Y,A701V",B.1.351,3.8
"L18F,D80A,D215G,242-244∆,R246I,K417N,E484K,N501Y,A701V",B.1.351,1.1
"L18F,D80A,D215G,242-244∆,R246I,K417N,E484K,N501Y,A701V",B.1.351,1.3
"L18F,D80A,D215G,242-244∆,R246I,K417N,E484K,N501Y,A701V",B.1.351,2.5
"L18F,D80A,D215G,242-244∆,R246I,K417N,E484K,N501Y,A701V",B.1.351,2.4
"L18F,D80A,D215G,242-244∆,R246I,K417N,E484K,N501Y,A701V",B.1.351,27.6
"L18F,D80A,D215G,242-244∆,R246I,K417N,E484K,N501Y,A701V",B.1.351,2.6
"L18F,D80A,D215G,242-244∆,R246I,K417N,E484K,N501Y,A701V",B.1.351,3.7
"L18F,D80A,D215G,242-244∆,R246I,K417N,E484K,N501Y,A701V",B.1.351,2.6
"L18F,D80A,D215G,242-244∆,R246I,K417N,E484K,N501Y,A701V",B.1.351,6.7
"L18F,D80A,D215G,242-244∆,R246I,K417N,E484K,N501Y,A701V",B.1.351,7.2
"L18F,D80A,D215G,242-244∆,R246I,K417N,E484K,N501Y,A701V",B.1.351,7.2
"L18F,D80A,D215G,242-244∆,R246I,K417N,E484K,N501Y,A701V",B.1.351,18.7
"L18F,D80A,D215G,242-244∆,R246I,K417N,E484K,N501Y,A701V",B.1.351,6.7
"L18F,D80A,D215G,242-244∆,R246I,K417N,E484K,N501Y,A701V",B.1.351,4.4
"L18F,D80A,D215G,242-244∆,R246I,K417N,E484K,N501Y,A701V",B.1.351,3.7
"L18F,D80A,D215G,242-244∆,R246I,K417N,E484K,N501Y,A701V",B.1.351,1.1
"L18F,D80A,D215G,242-244∆,R246I,K417N,E484K,N501Y,A701V",B.1.351,2.1
"L18F,D80A,D215G,242-244∆,R246I,K417N,E484K,N501Y,A701V",B.1.351,4.0
"L18F,D80A,D215G,242-244∆,R246I,K417N,E484K,N501Y,A701V",B.1.351,12.5
"L18F,D80A,D215G,242-244∆,R246I,K417N,E484K,N501Y,A701V",B.1.351,32.2
"L18F,D80A,D215G,242-244∆,R246I,K417N,E484K,N501Y,A701V",B.1.351,15.1
"L18F,D80A,D215G,242-244∆,R246I,K417N,E484K,N501Y,A701V",B.1.351,8.7
"L18F,D80A,D215G,242-244∆,R246I,K417N,E484K,N501Y,A701V",B.1.351,8.3
"L18F,D80A,D215G,242-244∆,R246I,K417N,E484K,N501Y,A701V",B.1.351,7.4
"L18F,D80A,D215G,242-244∆,R246I,K417N,E484K,N501Y,A701V",B.1.351,7.5
"L18F,D80A,D215G,242-244∆,R246I,K417N,E484K,N501Y,A701V",B.1.351,75.5
"L18F,D80A,D215G,242-244∆,R246I,K417N,E484K,N501Y,A701V",B.1.351,4.3
"L18F,D80A,D215G,242-244∆,R246I,K417N,E484K,N501Y,A701V",B.1.351,8.0
"L18F,D80A,D215G,242-244∆,R246I,K417N,E484K,N501Y,A701V",B.1.351,67.6
"L18F,D80A,D215G,242-244∆,R246I,K417N,E484K,N501Y,A701V",B.1.351,77.3
"L18F,D80A,D215G,242-244∆,R246I,K417N,E484K,N501Y,A701V",B.1.351,86.5
"L18F,D80A,D215G,242-244∆,R246I,K417N,E484K,N501Y,A701V",B.1.351,1.0
"L18F,D80A,D215G,242-244∆,R246I,K417N,E484K,N501Y,A701V",B.1.351,1.1
"L18F,D80A,D215G,242-244∆,R246I,K417N,E484K,N501Y,A701V",B.1.351,1.2
"L18F,D80A,D215G,242-244∆,R246I,K417N,E484K,N501Y,A701V",B.1.351,0.9
"L18F,D80A,D215G,242-244∆,R246I,K417N,E484K,N501Y,A701V",B.1.351,3.1
"L18F,D80A,D215G,242-244∆,R246I,K417N,E484K,N501Y,A701V",B.1.351,7.0
"L18F,D80A,D215G,242-244∆,R246I,K417N,E484K,N501Y,A701V",B.1.351,20.1
"L18F,D80A,D215G,242-244∆,R246I,K417N,E484K,N501Y,A701V",B.1.351,34.8
"L18F,D80A,D215G,242-244∆,R246I,K417N,E484K,N501Y,A701V",B.1.351,36.4
"L18F,D80A,D215G,242-244∆,R246I,K417N,E484K,N501Y,A701V",B.1.351,72.4
"L18F,D80A,D215G,242-244∆,R246I,K417N,E484K,N501Y,A701V",B.1.351,88.4
"L18F,D80A,D215G,242-244∆,R246I,K417N,E484K,N501Y,A701V",B.1.351,10.0
"L18F,D80A,D215G,242-244∆,R246I,K417N,E484K,N501Y,A701V",B.1.351,10.0
"L18F,D80A,D215G,242-244∆,R246I,K417N,E484K,N501Y,A701V",B.1.351,10.8
"L18F,D80A,D215G,242-244∆,R246I,K417N,E484K,N501Y,A701V",B.1.351,10.8
"L18F,D80A,D215G,242-244∆,R246I,K417N,E484K,N501Y,A701V",B.1.351,11.9
"L18F,D80A,D215G,242-244∆,R246I,K417N,E484K,N501Y,A701V",B.1.351,11.7
"L18F,D80A,D215G,242-244∆,R246I,K417N,E484K,N501Y,A701V",B.1.351,12.6
"L18F,D80A,D215G,242-244∆,R246I,K417N,E484K,N501Y,A701V",B.1.351,12.8
"L18F,D80A,D215G,242-244∆,R246I,K417N,E484K,N501Y,A701V",B.1.351,16.3
"L18F,D80A,D215G,242-244∆,R246I,K417N,E484K,N501Y,A701V",B.1.351,67.6
"L18F,D80A,D215G,242-244∆,R246I,K417N,E484K,N501Y,A701V",B.1.351,2.1
"L18F,D80A,D215G,242-244∆,R246I,K417N,E484K,N501Y,A701V",B.1.351,1.8
"L18F,D80A,D215G,242-244∆,R246I,K417N,E484K,N501Y,A701V",B.1.351,10.0
"L18F,D80A,D215G,242-244∆,R246I,K417N,E484K,N501Y,A701V",B.1.351,29.4
"L18F,D80A,D215G,242-244∆,R246I,K417N,E484K,N501Y,A701V",B.1.351,1.8
"L18F,D80A,D215G,242-244∆,R246I,K417N,E484K,N501Y,A701V",B.1.351,40.0
"L18F,D80A,D215G,242-244∆,R246I,K417N,E484K,N501Y,A701V",B.1.351,7.0
"L18F,D80A,D215G,242-244∆,R246I,K417N,E484K,N501Y,A701V",B.1.351,10.2
"L18F,D80A,D215G,242-244∆,R246I,K417N,E484K,N501Y,A701V",B.1.351,44.1
"L18F,D80A,D215G,242-244∆,R246I,K417N,E484K,N501Y,A701V",B.1.351,7.0
"L18F,D80A,D215G,242-244∆,R246I,K417N,E484K,N501Y,A701V",B.1.351,8.8
"L18F,D80A,D215G,242-244∆,R246I,K417N,E484K,N501Y,A701V",B.1.351,8.8
"L18F,D80A,D215G,242-244∆,R246I,K417N,E484K,N501Y,A701V",B.1.351,10.2
"L18F,D80A,D215G,242-244∆,R246I,K417N,E484K,N501Y,A701V",B.1.351,14.9
"L18F,D80A,D215G,242-244∆,R246I,K417N,E484K,N501Y,A701V",B.1.351,7.0
"L18F,D80A,D215G,242-244∆,R246I,K417N,E484K,N501Y,A701V",B.1.351,8.0
"L18F,D80A,D215G,242-244∆,R246I,K417N,E484K,N501Y,A701V",B.1.351,7.0
"L18F,D80A,D215G,242-244∆,R246I,K417N,E484K,N501Y,A701V",B.1.351,9.7
"L18F,D80A,D215G,242-244∆,R246I,K417N,E484K,N501Y,A701V",B.1.351,9.3
"L18F,D80A,D215G,242-244∆,R246I,K417N,E484K,N501Y,A701V",B.1.351,10.7
"L18F,D80A,D215G,242-244∆,R246I,K417N,E484K,N501Y,A701V",B.1.351,14.2
"L18F,D80A,D215G,242-244∆,R246I,K417N,E484K,N501Y,A701V",B.1.351,14.9
"L18F,D80A,D215G,242-244∆,R246I,K417N,E484K,N501Y,A701V",B.1.351,4.5
"L18F,D80A,D215G,242-244∆,R246I,K417N,E484K,N501Y,A701V",B.1.351,2.0
"L18F,D80A,D215G,242-244∆,R246I,K417N,E484K,N501Y,A701V",B.1.351,4.8
"L18F,D80A,D215G,242-244∆,R246I,K417N,E484K,N501Y,A701V",B.1.351,18.8
"L18F,D80A,D215G,242-244∆,R246I,K417N,E484K,N501Y,A701V",B.1.351,17.9
"L18F,D80A,D215G,242-244∆,R246I,K417N,E484K,N501Y,A701V",B.1.351,7.1
"L18F,D80A,D215G,242-244∆,R246I,K417N,E484K,N501Y,A701V",B.1.351,3.6
"L18F,D80A,D215G,242-244∆,R246I,K417N,E484K,N501Y,A701V",B.1.351,2.6
"L18F,D80A,D215G,242-244∆,R246I,K417N,E484K,N501Y,A701V",B.1.351,17.0
"L18F,D80A,D215G,242-244∆,R246I,K417N,E484K,N501Y,A701V",B.1.351,6.3
"L18F,D80A,D215G,242-244∆,R246I,K417N,E484K,N501Y,A701V",B.1.351,7.1
"L18F,D80A,D215G,242-244∆,R246I,K417N,E484K,N501Y,A701V",B.1.351,1.5
"L18F,D80A,D215G,242-244∆,R246I,K417N,E484K,N501Y,A701V",B.1.351,0.7
"L18F,D80A,D215G,242-244∆,R246I,K417N,E484K,N501Y,A701V",B.1.351,3.0
"L18F,D80A,D215G,242-244∆,R246I,K417N,E484K,N501Y,A701V",B.1.351,6.8
"L18F,D80A,D215G,242-244∆,R246I,K417N,E484K,N501Y,A701V",B.1.351,33.4
"L18F,D80A,D215G,242-244∆,R246I,K417N,E484K,N501Y,A701V",B.1.351,17.2
"L18F,D80A,D215G,242-244∆,R246I,K417N,E484K,N501Y,A701V",B.1.351,33.4
"L18F,D80A,D215G,242-244∆,R246I,K417N,E484K,N501Y,A701V",B.1.351,28.9
"L18F,D80A,D215G,242-244∆,R246I,K417N,E484K,N501Y,A701V",B.1.351,20.2
"L18F,D80A,D215G,242-244∆,R246I,K417N,E484K,N501Y,A701V",B.1.351,9.0
"L18F,D80A,D215G,242-244∆,R246I,K417N,E484K,N501Y,A701V",B.1.351,10.6
"L18F,D80A,D215G,242-244∆,R246I,K417N,E484K,N501Y,A701V",B.1.351,4.8
"L18F,D80A,D215G,242-244∆,R246I,K417N,E484K,N501Y,A701V",B.1.351,3.4
"L18F,D80A,D215G,242-244∆,R246I,K417N,E484K,N501Y,A701V",B.1.351,4.7
"L18F,D80A,D215G,242-244∆,R246I,K417N,E484K,N501Y,A701V",B.1.351,5.6
"L18F,D80A,D215G,242-244∆,R246I,K417N,E484K,N501Y,A701V",B.1.351,3.8
"L18F,D80A,D215G,242-244∆,R246I,K417N,E484K,N501Y,A701V",B.1.351,4.3
"L18F,D80A,D215G,242-244∆,R246I,K417N,E484K,N501Y,A701V",B.1.351,4.0
"L18F,D80A,D215G,242-244∆,R246I,K417N,E484K,N501Y,A701V",B.1.351,2.7
"L18F,D80A,D215G,242-244∆,R246I,K417N,E484K,N501Y,A701V",B.1.351,2.8
"L18F,D80A,D215G,242-244∆,R246I,K417N,E484K,N501Y,A701V",B.1.351,3.0
"L18F,D80A,D215G,242-244∆,R246I,K417N,E484K,N501Y,A701V",B.1.351,1.7
"L18F,D80A,D215G,242-244∆,R246I,K417N,E484K,N501Y,A701V",B.1.351,1.0
"L18F,D80A,D215G,242-244∆,R246I,K417N,E484K,N501Y,A701V",B.1.351,2.3
"L18F,D80A,D215G,242-244∆,R246I,K417N,E484K,N501Y,A701V",B.1.351,2.1
"L18F,D80A,D215G,242-244∆,R246I,K417N,E484K,N501Y,A701V",B.1.351,2.3
"L18F,D80A,D215G,242-244∆,R246I,K417N,E484K,N501Y,A701V",B.1.351,3.8
"L18F,D80A,D215G,242-244∆,R246I,K417N,E484K,N501Y,A701V",B.1.351,5.3
"L18F,D80A,D215G,242-244∆,R246I,K417N,E484K,N501Y,A701V",B.1.351,6.0
"L18F,D80A,D215G,242-244∆,R246I,K417N,E484K,N501Y,A701V",B.1.351,9.9
"L18F,D80A,D215G,242-244∆,R246I,K417N,E484K,N501Y,A701V",B.1.351,9.7
"L18F,D80A,D215G,242-244∆,R246I,K417N,E484K,N501Y,A701V",B.1.351,11.5
"L18F,D80A,D215G,242-244∆,R246I,K417N,E484K,N501Y,A701V",B.1.351,10.1
"L18F,D80A,D215G,242-244∆,R246I,K417N,E484K,N501Y,A701V",B.1.351,12.1
"L18F,D80A,D215G,242-244∆,R246I,K417N,E484K,N501Y,A701V",B.1.351,4.5
"L18F,D80A,D215G,242-244∆,R246I,K417N,E484K,N501Y,A701V",B.1.351,9.2
"L18F,D80A,D215G,242-244∆,R246I,K417N,E484K,N501Y,A701V",B.1.351,12.9
"L18F,D80A,D215G,242-244∆,R246I,K417N,E484K,N501Y,A701V",B.1.351,15.7
"L18F,D80A,D215G,242-244∆,R246I,K417N,E484K,N501Y,A701V",B.1.351,3.7
"L18F,D80A,D215G,242-244∆,R246I,K417N,E484K,N501Y,A701V",B.1.351,1.4
"L18F,D80A,D215G,242-244∆,R246I,K417N,E484K,N501Y,A701V",B.1.351,8.0
"L18F,D80A,D215G,242-244∆,R246I,K417N,E484K,N501Y,A701V",B.1.351,6.9
"L18F,D80A,D215G,242-244∆,R246I,K417N,E484K,N501Y,A701V",B.1.351,14.5
"L18F,D80A,D215G,242-244∆,R246I,K417N,E484K,N501Y,A701V",B.1.351,10.8
"L18F,D80A,D215G,242-244∆,R246I,K417N,E484K,N501Y,A701V",B.1.351,10.5
"L18F,D80A,D215G,242-244∆,R246I,K417N,E484K,N501Y,A701V",B.1.351,18.4
"L18F,D80A,D215G,242-244∆,R246I,K417N,E484K,N501Y,A701V",B.1.351,0.7
"L18F,D80A,D215G,242-244∆,R246I,K417N,E484K,N501Y,A701V",B.1.351,2.3
"L18F,D80A,D215G,242-244∆,R246I,K417N,E484K,N501Y,A701V",B.1.351,14.5
"L18F,D80A,D215G,242-244∆,R246I,K417N,E484K,N501Y,A701V",B.1.351,4.3
"L18F,D80A,D215G,242-244∆,R246I,K417N,E484K,N501Y,A701V",B.1.351,16.5
"L18F,D80A,D215G,242-244∆,R246I,K417N,E484K,N501Y,A701V",B.1.351,7.5
"L18F,D80A,D215G,242-244∆,R246I,K417N,E484K,N501Y,A701V",B.1.351,11.3
"L18F,D80A,D215G,242-244∆,R246I,K417N,E484K,N501Y,A701V",B.1.351,11.9
"L18F,D80A,D215G,242-244∆,R246I,K417N,E484K,N501Y,A701V",B.1.351,8.2
"L18F,D80A,D215G,242-244∆,R246I,K417N,E484K,N501Y,A701V",B.1.351,4.8
"L18F,D80A,D215G,242-244∆,R246I,K417N,E484K,N501Y,A701V",B.1.351,11.7
"L18F,D80A,D215G,242-244∆,R246I,K417N,E484K,N501Y,A701V",B.1.351,4.7
"L18F,D80A,D215G,242-244∆,R246I,K417N,E484K,N501Y,A701V",B.1.351,4.1
"L18F,D80A,D215G,242-244∆,R246I,K417N,E484K,N501Y,A701V",B.1.351,8.3
"L18F,D80A,D215G,242-244∆,R246I,K417N,E484K,N501Y,A701V",B.1.351,9.9
"L18F,D80A,D215G,242-244∆,R246I,K417N,E484K,N501Y,A701V",B.1.351,2.7
"L18F,D80A,D215G,242-244∆,R246I,K417N,E484K,N501Y,A701V",B.1.351,20.5
"L18F,D80A,D215G,242-244∆,R246I,K417N,E484K,N501Y,A701V",B.1.351,13.4
"L18F,D80A,D215G,242-244∆,R246I,K417N,E484K,N501Y,A701V",B.1.351,10.6
"L18F,D80A,D215G,242-244∆,R246I,K417N,E484K,N501Y,A701V",B.1.351,260.6
"L18F,D80A,D215G,242-244∆,R246I,K417N,E484K,N501Y,A701V",B.1.351,5.1
"L18F,D80A,D215G,242-244∆,R246I,K417N,E484K,N501Y,A701V",B.1.351,4.1
"L18F,D80A,D215G,242-244∆,R246I,K417N,E484K,N501Y,A701V",B.1.351,11.1
"L18F,D80A,D215G,242-244∆,R246I,K417N,E484K,N501Y,A701V",B.1.351,22.8
"L18F,D80A,D215G,242-244∆,R246I,K417N,E484K,N501Y,A701V",B.1.351,40.4
"L18F,D80A,D215G,242-244∆,R246I,K417N,E484K,N501Y,A701V",B.1.351,0.6
"L18F,D80A,D215G,242-244∆,R246I,K417N,E484K,N501Y,A701V",B.1.351,21.4
"L18F,D80A,D215G,242-244∆,R246I,K417N,E484K,N501Y,A701V",B.1.351,15.5
"L18F,D80A,D215G,242-244∆,R246I,K417N,E484K,N501Y,A701V",B.1.351,1.4
"L18F,D80A,D215G,242-244∆,R246I,K417N,E484K,N501Y,A701V",B.1.351,8.7
"L18F,D80A,D215G,242-244∆,R246I,K417N,E484K,N501Y,A701V",B.1.351,5.2
"L18F,D80A,D215G,242-244∆,R246I,K417N,E484K,N501Y,A701V",B.1.351,9.3
"L18F,D80A,D215G,242-244∆,R246I,K417N,E484K,N501Y,A701V",B.1.351,12.5
"L18F,D80A,D215G,242-244∆,R246I,K417N,E484K,N501Y,A701V",B.1.351,7.7
"L18F,D80A,D215G,242-244∆,R246I,K417N,E484K,N501Y,A701V",B.1.351,4.0
"L18F,D80A,D215G,242-244∆,R246I,K417N,E484K,N501Y,A701V",B.1.351,3.9
"L18F,D80A,D215G,242-244∆,R246I,K417N,E484K,N501Y,A701V",B.1.351,1.0
"L18F,D80A,D215G,242-244∆,R246I,K417N,E484K,N501Y,A701V",B.1.351,3.7
"L18F,D80A,D215G,242-244∆,R246I,K417N,E484K,N501Y,A701V",B.1.351,1.6
"L18F,D80A,D215G,242-244∆,R246I,K417N,E484K,N501Y,A701V",B.1.351,53.3
"L18F,D80A,D215G,242-244∆,R246I,K417N,E484K,N501Y,A701V",B.1.351,5.8
"L18F,D80A,D215G,242-244∆,R246I,K417N,E484K,N501Y,A701V",B.1.351,5.0
"L18F,D80A,D215G,242-244∆,R246I,K417N,E484K,N501Y,A701V",B.1.351,6.1
"L18F,D80A,D215G,242-244∆,R246I,K417N,E484K,N501Y,A701V",B.1.351,23.4
"L18F,D80A,D215G,242-244∆,R246I,K417N,E484K,N501Y,A701V",B.1.351,12.5
"L18F,D80A,D215G,242-244∆,R246I,K417N,E484K,N501Y,A701V",B.1.351,3.2
"L18F,D80A,D215G,242-244∆,R246I,K417N,E484K,N501Y,A701V",B.1.351,20.9
"L18F,D80A,D215G,242-244∆,R246I,K417N,E484K,N501Y,A701V",B.1.351,5.1
"L18F,D80A,D215G,242-244∆,R246I,K417N,E484K,N501Y,A701V",B.1.351,0.9
"L18F,D80A,D215G,242-244∆,R246I,K417N,E484K,N501Y,A701V",B.1.351,21.9
"L18F,D80A,D215G,242-244∆,R246I,K417N,E484K,N501Y,A701V",B.1.351,2.7
"L18F,D80A,D215G,242-244∆,R246I,K417N,E484K,N501Y,A701V",B.1.351,5.2
"L18F,D80A,D215G,242-244∆,R246I,K417N,E484K,N501Y,A701V",B.1.351,6.8
"L18F,D80A,D215G,242-244∆,R246I,K417N,E484K,N501Y,A701V",B.1.351,3.4
"L18F,D80A,D215G,242-244∆,R246I,K417N,E484K,N501Y,A701V",B.1.351,2.1
"L18F,D80A,D215G,242-244∆,R246I,K417N,E484K,N501Y,A701V",B.1.351,3.4
"L18F,D80A,D215G,242-244∆,R246I,K417N,E484K,N501Y,A701V",B.1.351,1.3
"L18F,D80A,D215G,242-244∆,R246I,K417N,E484K,N501Y,A701V",B.1.351,1.8
"L18F,D80A,D215G,242-244∆,R246I,K417N,E484K,N501Y,A701V",B.1.351,2.9
"L18F,D80A,D215G,242-244∆,R246I,K417N,E484K,N501Y,A701V",B.1.351,2.5
"L18F,D80A,D215G,242-244∆,R246I,K417N,E484K,N501Y,A701V",B.1.351,3.9
"L18F,D80A,D215G,242-244∆,R246I,K417N,E484K,N501Y,A701V",B.1.351,2.3
"L18F,D80A,D215G,242-244∆,R246I,K417N,E484K,N501Y,A701V",B.1.351,2.3
"L18F,D80A,D215G,242-244∆,R246I,K417N,E484K,N501Y,A701V",B.1.351,2.0
"L18F,D80A,D215G,242-244∆,R246I,K417N,E484K,N501Y,A701V",B.1.351,1.9
"L18F,D80A,D215G,242-244∆,R246I,K417N,E484K,N501Y,A701V",B.1.351,1.1
"L18F,D80A,D215G,242-244∆,R246I,K417N,E484K,N501Y,A701V",B.1.351,16.2
"L18F,D80A,D215G,242-244∆,R246I,K417N,E484K,N501Y,A701V",B.1.351,1.6
"L18F,D80A,D215G,242-244∆,R246I,K417N,E484K,N501Y,A701V",B.1.351,3.0
"L18F,D80A,D215G,242-244∆,R246I,K417N,E484K,N501Y,A701V",B.1.351,13.6
"L18F,D80A,D215G,242-244∆,R246I,K417N,E484K,N501Y,A701V",B.1.351,1.4
"L18F,D80A,D215G,242-244∆,R246I,K417N,E484K,N501Y,A701V",B.1.351,1.2
"L18F,D80A,D215G,242-244∆,R246I,K417N,E484K,N501Y,A701V",B.1.351,1.6
"L18F,D80A,D215G,242-244∆,R246I,K417N,E484K,N501Y,A701V",B.1.351,10.1
"L18F,D80A,D215G,242-244∆,R246I,K417N,E484K,N501Y,A701V",B.1.351,1.3
"L18F,D80A,D215G,242-244∆,R246I,K417N,E484K,N501Y,A701V",B.1.351,6.0
"L18F,D80A,D215G,242-244∆,R246I,K417N,E484K,N501Y,A701V",B.1.351,0.5
"L18F,D80A,D215G,242-244∆,R246I,K417N,E484K,N501Y,A701V",B.1.351,1.1
"L18F,D80A,D215G,242-244∆,R246I,K417N,E484K,N501Y,A701V",B.1.351,1.8
"L18F,D80A,D215G,242-244∆,R246I,K417N,E484K,N501Y,A701V",B.1.351,0.8
"L18F,D80A,D215G,242-244∆,R246I,K417N,E484K,N501Y,A701V",B.1.351,4.9
"L18F,D80A,D215G,242-244∆,R246I,K417N,E484K,N501Y,A701V",B.1.351,0.9
"L18F,D80A,D215G,242-244∆,R246I,K417N,E484K,N501Y,A701V",B.1.351,4.8
"L18F,D80A,D215G,242-244∆,R246I,K417N,E484K,N501Y,A701V",B.1.351,4.7
"L18F,D80A,D215G,242-244∆,R246I,K417N,E484K,N501Y,A701V",B.1.351,0.2
"L18F,D80A,D215G,242-244∆,R246I,K417N,E484K,N501Y,A701V",B.1.351,1.3
"L18F,D80A,D215G,242-244∆,R246I,K417N,E484K,N501Y,A701V",B.1.351,3.9
"L18F,D80A,D215G,242-244∆,R246I,K417N,E484K,N501Y,A701V",B.1.351,0.4
"L18F,D80A,D215G,242-244∆,R246I,K417N,E484K,N501Y,A701V",B.1.351,3.0
"L18F,D80A,D215G,242-244∆,R246I,K417N,E484K,N501Y,A701V",B.1.351,8.0
"L18F,D80A,D215G,242-244∆,R246I,K417N,E484K,N501Y,A701V",B.1.351,16.0
"L18F,D80A,D215G,242-244∆,R246I,K417N,E484K,N501Y,A701V",B.1.351,4.0
"L18F,D80A,D215G,242-244∆,R246I,K417N,E484K,N501Y,A701V",B.1.351,16.0
"L18F,D80A,D215G,242-244∆,R246I,K417N,E484K,N501Y,A701V",B.1.351,6.0
"L18F,D80A,D215G,242-244∆,R246I,K417N,E484K,N501Y,A701V",B.1.351,1.2
"L18F,D80A,D215G,242-244∆,R246I,K417N,E484K,N501Y,A701V",B.1.351,2.4
"L18F,D80A,D215G,242-244∆,R246I,K417N,E484K,N501Y,A701V",B.1.351,5.7
"L18F,D80A,D215G,242-244∆,R246I,K417N,E484K,N501Y,A701V",B.1.351,33.3
"L18F,D80A,D215G,242-244∆,R246I,K417N,E484K,N501Y,A701V",B.1.351,5.6
"L18F,D80A,D215G,242-244∆,R246I,K417N,E484K,N501Y,A701V",B.1.351,7.4
"L18F,D80A,D215G,242-244∆,R246I,K417N,E484K,N501Y,A701V",B.1.351,8.5
"L18F,D80A,D215G,242-244∆,R246I,K417N,E484K,N501Y,A701V",B.1.351,8.2
"L18F,D80A,D215G,242-244∆,R246I,K417N,E484K,N501Y,A701V",B.1.351,22.9
"L18F,D80A,D215G,242-244∆,R246I,K417N,E484K,N501Y,A701V",B.1.351,4.5
"L18F,D80A,D215G,242-244∆,R246I,K417N,E484K,N501Y,A701V",B.1.351,5.4
"L18F,D80A,D215G,242-244∆,R246I,K417N,E484K,N501Y,A701V",B.1.351,21.9
"L18F,D80A,D215G,242-244∆,R246I,K417N,E484K,N501Y,A701V",B.1.351,3.8
"L18F,D80A,D215G,242-244∆,R246I,K417N,E484K,N501Y,A701V",B.1.351,6.0
"L18F,D80A,D215G,242-244∆,R246I,K417N,E484K,N501Y,A701V",B.1.351,3.9
"L18F,D80A,D215G,242-244∆,R246I,K417N,E484K,N501Y,A701V",B.1.351,23.7
"L18F,D80A,D215G,242-244∆,R246I,K417N,E484K,N501Y,A701V",B.1.351,34.4
"L18F,D80A,D215G,242-244∆,R246I,K417N,E484K,N501Y,A701V",B.1.351,18.4
"L18F,D80A,D215G,242-244∆,R246I,K417N,E484K,N501Y,A701V",B.1.351,13.7
"L18F,D80A,D215G,242-244∆,R246I,K417N,E484K,N501Y,A701V",B.1.351,16.9
"L18F,D80A,D215G,242-244∆,R246I,K417N,E484K,N501Y,A701V",B.1.351,16.6
"L18F,D80A,D215G,242-244∆,R246I,K417N,E484K,N501Y,A701V",B.1.351,21.9
"L18F,D80A,D215G,242-244∆,R246I,K417N,E484K,N501Y,A701V",B.1.351,55.8
"L18F,D80A,D215G,242-244∆,R246I,K417N,E484K,N501Y,A701V",B.1.351,12.1
"L18F,D80A,D215G,242-244∆,R246I,K417N,E484K,N501Y,A701V",B.1.351,19.1
"L18F,D80A,D215G,242-244∆,R246I,K417N,E484K,N501Y,A701V",B.1.351,18.0
"L18F,D80A,D215G,242-244∆,R246I,K417N,E484K,N501Y,A701V",B.1.351,19.8
"L18F,D80A,D215G,242-244∆,R246I,K417N,E484K,N501Y,A701V",B.1.351,33.8
"L18F,T20N,P26S,D138Y,R190S,K417T,E484K,N501Y,H655Y,T1027I,V1176F",P.1,1.6
"L18F,T20N,P26S,D138Y,R190S,K417T,E484K,N501Y,H655Y,T1027I,V1176F",P.1,2.2
"L18F,T20N,P26S,D138Y,R190S,K417T,E484K,N501Y,H655Y,T1027I,V1176F",P.1,2.5
"L18F,T20N,P26S,D138Y,R190S,K417T,E484K,N501Y,H655Y,T1027I,V1176F",P.1,1.1
"L18F,T20N,P26S,D138Y,R190S,K417T,E484K,N501Y,H655Y,T1027I,V1176F",P.1,2.0
"L18F,T20N,P26S,D138Y,R190S,K417T,E484K,N501Y,H655Y,T1027I,V1176F",P.1,1.5
"L18F,T20N,P26S,D138Y,R190S,K417T,E484K,N501Y,H655Y,T1027I,V1176F",P.1,10.4
"L18F,T20N,P26S,D138Y,R190S,K417T,E484K,N501Y,H655Y,T1027I,V1176F",P.1,5.5
"L18F,T20N,P26S,D138Y,R190S,K417T,E484K,N501Y,H655Y,T1027I,V1176F",P.1,1.3
"L18F,T20N,P26S,D138Y,R190S,K417T,E484K,N501Y,H655Y,T1027I,V1176F",P.1,4.3
"L18F,T20N,P26S,D138Y,R190S,K417T,E484K,N501Y,H655Y,T1027I,V1176F",P.1,20.0
"L18F,T20N,P26S,D138Y,R190S,K417T,E484K,N501Y,H655Y,T1027I,V1176F",P.1,4.6
"L18F,T20N,P26S,D138Y,R190S,K417T,E484K,N501Y,H655Y,T1027I,V1176F",P.1,4.3
"L18F,T20N,P26S,D138Y,R190S,K417T,E484K,N501Y,H655Y,T1027I,V1176F",P.1,4.3
"L18F,T20N,P26S,D138Y,R190S,K417T,E484K,N501Y,H655Y,T1027I,V1176F",P.1,4.0
"L18F,T20N,P26S,D138Y,R190S,K417T,E484K,N501Y,H655Y,T1027I,V1176F",P.1,3.7
"L18F,T20N,P26S,D138Y,R190S,K417T,E484K,N501Y,H655Y,T1027I,V1176F",P.1,3.7
"L18F,T20N,P26S,D138Y,R190S,K417T,E484K,N501Y,H655Y,T1027I,V1176F",P.1,2.7
"L18F,T20N,P26S,D138Y,R190S,K417T,E484K,N501Y,H655Y,T1027I,V1176F",P.1,1.7
"L18F,T20N,P26S,D138Y,R190S,K417T,E484K,N501Y,H655Y,T1027I,V1176F",P.1,1.0
"L18F,T20N,P26S,D138Y,R190S,K417T,E484K,N501Y,H655Y,T1027I,V1176F",P.1,0.2
"L18F,T20N,P26S,D138Y,R190S,K417T,E484K,N501Y,H655Y,T1027I,V1176F",P.1,2.3
"L18F,T20N,P26S,D138Y,R190S,K417T,E484K,N501Y,H655Y,T1027I,V1176F",P.1,1.4
"L18F,T20N,P26S,D138Y,R190S,K417T,E484K,N501Y,H655Y,T1027I,V1176F",P.1,1.4
"L18F,T20N,P26S,D138Y,R190S,K417T,E484K,N501Y,H655Y,T1027I,V1176F",P.1,1.2
"L18F,T20N,P26S,D138Y,R190S,K417T,E484K,N501Y,H655Y,T1027I,V1176F",P.1,2.0
"L18F,T20N,P26S,D138Y,R190S,K417T,E484K,N501Y,H655Y,T1027I,V1176F",P.1,2.2
"L18F,T20N,P26S,D138Y,R190S,K417T,E484K,N501Y,H655Y,T1027I,V1176F",P.1,1.5
"L18F,T20N,P26S,D138Y,R190S,K417T,E484K,N501Y,H655Y,T1027I,V1176F",P.1,5.0
"L18F,T20N,P26S,D138Y,R190S,K417T,E484K,N501Y,H655Y,T1027I,V1176F",P.1,8.0
"L18F,T20N,P26S,D138Y,R190S,K417T,E484K,N501Y,H655Y,T1027I,V1176F",P.1,1.4
"L18F,T20N,P26S,D138Y,R190S,K417T,E484K,N501Y,H655Y,T1027I,V1176F",P.1,3.1
"L18F,T20N,P26S,D138Y,R190S,K417T,E484K,N501Y,H655Y,T1027I,V1176F",P.1,1.0
"L18F,T20N,P26S,D138Y,R190S,K417T,E484K,N501Y,H655Y,T1027I,V1176F",P.1,3.9
"L18F,T20N,P26S,D138Y,R190S,K417T,E484K,N501Y,H655Y,T1027I,V1176F",P.1,2.3
"L18F,T20N,P26S,D138Y,R190S,K417T,E484K,N501Y,H655Y,T1027I,V1176F",P.1,1.4
"L18F,T20N,P26S,D138Y,R190S,K417T,E484K,N501Y,H655Y,T1027I,V1176F",P.1,2.8
"L18F,T20N,P26S,D138Y,R190S,K417T,E484K,N501Y,H655Y,T1027I,V1176F",P.1,6.5
"L18F,T20N,P26S,D138Y,R190S,K417T,E484K,N501Y,H655Y,T1027I,V1176F",P.1,1.9
"L18F,T20N,P26S,D138Y,R190S,K417T,E484K,N501Y,H655Y,T1027I,V1176F",P.1,2.5
"L18F,T20N,P26S,D138Y,R190S,K417T,E484K,N501Y,H655Y,T1027I,V1176F",P.1,14.2
"L18F,T20N,P26S,D138Y,R190S,K417T,E484K,N501Y,H655Y,T1027I,V1176F",P.1,3.0
"L18F,T20N,P26S,D138Y,R190S,K417T,E484K,N501Y,H655Y,T1027I,V1176F",P.1,1.1
"L18F,T20N,P26S,D138Y,R190S,K417T,E484K,N501Y,H655Y,T1027I,V1176F",P.1,3.5
"L18F,T20N,P26S,D138Y,R190S,K417T,E484K,N501Y,H655Y,T1027I,V1176F",P.1,2.3
"L18F,T20N,P26S,D138Y,R190S,K417T,E484K,N501Y,H655Y,T1027I,V1176F",P.1,3.4
"L18F,T20N,P26S,D138Y,R190S,K417T,E484K,N501Y,H655Y,T1027I,V1176F",P.1,2.8
"L18F,T20N,P26S,D138Y,R190S,K417T,E484K,N501Y,H655Y,T1027I,V1176F",P.1,5.3
"L18F,T20N,P26S,D138Y,R190S,K417T,E484K,N501Y,H655Y,T1027I,V1176F",P.1,3.7
"L18F,T20N,P26S,D138Y,R190S,K417T,E484K,N501Y,H655Y,T1027I,V1176F",P.1,3.4
"L18F,T20N,P26S,D138Y,R190S,K417T,E484K,N501Y,H655Y,T1027I,V1176F",P.1,4.6
"L18F,T20N,P26S,D138Y,R190S,K417T,E484K,N501Y,H655Y,T1027I,V1176F",P.1,1.4
"L18F,T20N,P26S,D138Y,R190S,K417T,E484K,N501Y,H655Y,T1027I,V1176F",P.1,4.6
"L18F,T20N,P26S,D138Y,R190S,K417T,E484K,N501Y,H655Y,T1027I,V1176F",P.1,2.0
"L18F,T20N,P26S,D138Y,R190S,K417T,E484K,N501Y,H655Y,T1027I,V1176F",P.1,1.1
"L18F,T20N,P26S,D138Y,R190S,K417T,E484K,N501Y,H655Y,T1027I,V1176F",P.1,12.8
"L18F,T20N,P26S,D138Y,R190S,K417T,E484K,N501Y,H655Y,T1027I,V1176F",P.1,3.8
"L18F,T20N,P26S,D138Y,R190S,K417T,E484K,N501Y,H655Y,T1027I,V1176F",P.1,1.4
"L18F,T20N,P26S,D138Y,R190S,K417T,E484K,N501Y,H655Y,T1027I,V1176F",P.1,1.1
"L18F,T20N,P26S,D138Y,R190S,K417T,E484K,N501Y,H655Y,T1027I,V1176F",P.1,3.0
"L18F,T20N,P26S,D138Y,R190S,K417T,E484K,N501Y,H655Y,T1027I,V1176F",P.1,1.8
"L18F,T20N,P26S,D138Y,R190S,K417T,E484K,N501Y,H655Y,T1027I,V1176F",P.1,4.6
"L18F,T20N,P26S,D138Y,R190S,K417T,E484K,N501Y,H655Y,T1027I,V1176F",P.1,4.2
"L18F,T20N,P26S,D138Y,R190S,K417T,E484K,N501Y,H655Y,T1027I,V1176F",P.1,2.8
"L18F,T20N,P26S,D138Y,R190S,K417T,E484K,N501Y,H655Y,T1027I,V1176F",P.1,2.3
"L18F,T20N,P26S,D138Y,R190S,K417T,E484K,N501Y,H655Y,T1027I,V1176F",P.1,7.1
"L18F,T20N,P26S,D138Y,R190S,K417T,E484K,N501Y,H655Y,T1027I,V1176F",P.1,4.4
"L18F,T20N,P26S,D138Y,R190S,K417T,E484K,N501Y,H655Y,T1027I,V1176F",P.1,2.8
"L18F,T20N,P26S,D138Y,R190S,K417T,E484K,N501Y,H655Y,T1027I,V1176F",P.1,2.3
"L18F,T20N,P26S,D138Y,R190S,K417T,E484K,N501Y,H655Y,T1027I,V1176F",P.1,3.0
"L18F,T20N,P26S,D138Y,R190S,K417T,E484K,N501Y,H655Y,T1027I,V1176F",P.1,3.0
"L18F,T20N,P26S,D138Y,R190S,K417T,E484K,N501Y,H655Y,T1027I,V1176F",P.1,5.5
"L18F,T20N,P26S,D138Y,R190S,K417T,E484K,N501Y,H655Y,T1027I,V1176F",P.1,3.4
"L18F,T20N,P26S,D138Y,R190S,K417T,E484K,N501Y,H655Y,T1027I,V1176F",P.1,4.6
"L18F,T20N,P26S,D138Y,R190S,K417T,E484K,N501Y,H655Y,T1027I,V1176F",P.1,6.1
"L18F,T20N,P26S,D138Y,R190S,K417T,E484K,N501Y,H655Y,T1027I,V1176F",P.1,4.0
"L18F,T20N,P26S,D138Y,R190S,K417T,E484K,N501Y,H655Y,T1027I,V1176F",P.1,9.8
"L18F,T20N,P26S,D138Y,R190S,K417T,E484K,N501Y,H655Y,T1027I,V1176F",P.1,6.3
"L18F,T20N,P26S,D138Y,R190S,K417T,E484K,N501Y,H655Y,T1027I,V1176F",P.1,11.0
"L18F,T20N,P26S,D138Y,R190S,K417T,E484K,N501Y,H655Y,T1027I,V1176F",P.1,1.5
"L18F,T20N,P26S,D138Y,R190S,K417T,E484K,N501Y,H655Y,T1027I,V1176F",P.1,1.7
"L18F,T20N,P26S,D138Y,R190S,K417T,E484K,N501Y,H655Y,T1027I,V1176F",P.1,6.3
"L18F,T20N,P26S,D138Y,R190S,K417T,E484K,N501Y,H655Y,T1027I,V1176F",P.1,0.8
"L18F,T20N,P26S,D138Y,R190S,K417T,E484K,N501Y,H655Y,T1027I,V1176F",P.1,2.9
"L18F,T20N,P26S,D138Y,R190S,K417T,E484K,N501Y,H655Y,T1027I,V1176F",P.1,1.8
"L18F,T20N,P26S,D138Y,R190S,K417T,E484K,N501Y,H655Y,T1027I,V1176F",P.1,5.0
"L18F,T20N,P26S,D138Y,R190S,K417T,E484K,N501Y,H655Y,T1027I,V1176F",P.1,2.8
"L18F,T20N,P26S,D138Y,R190S,K417T,E484K,N501Y,H655Y,T1027I,V1176F",P.1,7.0
"L18F,T20N,P26S,D138Y,R190S,K417T,E484K,N501Y,H655Y,T1027I,V1176F",P.1,4.3
"L18F,T20N,P26S,D138Y,R190S,K417T,E484K,N501Y,H655Y,T1027I,V1176F",P.1,4.3
"L18F,T20N,P26S,D138Y,R190S,K417T,E484K,N501Y,H655Y,T1027I,V1176F",P.1,4.0
"L18F,T20N,P26S,D138Y,R190S,K417T,E484K,N501Y,H655Y,T1027I,V1176F",P.1,2.3
"L18F,T20N,P26S,D138Y,R190S,K417T,E484K,N501Y,H655Y,T1027I,V1176F",P.1,1.9
"L18F,T20N,P26S,D138Y,R190S,K417T,E484K,N501Y,H655Y,T1027I,V1176F",P.1,4.2
"L18F,T20N,P26S,D138Y,R190S,K417T,E484K,N501Y,H655Y,T1027I,V1176F",P.1,10.6
"L18F,T20N,P26S,D138Y,R190S,K417T,E484K,N501Y,H655Y,T1027I,V1176F",P.1,50.0
"L18F,T20N,P26S,D138Y,R190S,K417T,E484K,N501Y,H655Y,T1027I,V1176F",P.1,1.0
"L18F,T20N,P26S,D138Y,R190S,K417T,E484K,N501Y,H655Y,T1027I,V1176F",P.1,8.3
"L18F,T20N,P26S,D138Y,R190S,K417T,E484K,N501Y,H655Y,T1027I,V1176F",P.1,2.3
"L18F,T20N,P26S,D138Y,R190S,K417T,E484K,N501Y,H655Y,T1027I,V1176F",P.1,8.3
"L18F,T20N,P26S,D138Y,R190S,K417T,E484K,N501Y,H655Y,T1027I,V1176F",P.1,5.4
"L18F,T20N,P26S,D138Y,R190S,K417T,E484K,N501Y,H655Y,T1027I,V1176F",P.1,1.0
"L18F,T20N,P26S,D138Y,R190S,K417T,E484K,N501Y,H655Y,T1027I,V1176F",P.1,2.6
"L18F,T20N,P26S,D138Y,R190S,K417T,E484K,N501Y,H655Y,T1027I,V1176F",P.1,6.7
"L18F,T20N,P26S,D138Y,R190S,K417T,E484K,N501Y,H655Y,T1027I,V1176F",P.1,1.0
"L18F,T20N,P26S,D138Y,R190S,K417T,E484K,N501Y,H655Y,T1027I,V1176F",P.1,1.9
"L18F,T20N,P26S,D138Y,R190S,K417T,E484K,N501Y,H655Y,T1027I,V1176F",P.1,4.9
"L18F,T20N,P26S,D138Y,R190S,K417T,E484K,N501Y,H655Y,T1027I,V1176F",P.1,3.2
"L18F,T20N,P26S,D138Y,R190S,K417T,E484K,N501Y,H655Y,T1027I,V1176F",P.1,10.0
"L18F,T20N,P26S,D138Y,R190S,K417T,E484K,N501Y,H655Y,T1027I,V1176F",P.1,2.1
"L18F,T20N,P26S,D138Y,R190S,K417T,E484K,N501Y,H655Y,T1027I,V1176F",P.1,2.3
"L18F,T20N,P26S,D138Y,R190S,K417T,E484K,N501Y,H655Y,T1027I,V1176F",P.1,2.6
"L18F,T20N,P26S,D138Y,R190S,K417T,E484K,N501Y,H655Y,T1027I,V1176F",P.1,1.4
"L18F,T20N,P26S,D138Y,R190S,K417T,E484K,N501Y,H655Y,T1027I,V1176F",P.1,1.9
"L18F,T20N,P26S,D138Y,R190S,K417T,E484K,N501Y,H655Y,T1027I,V1176F",P.1,2.1
"N501Y,Q677H",COH.20G/677H,0.7
"N501Y,Q677H",COH.20G/677H,0.9
"N501Y,Q677H",COH.20G/677H,1.1
"N501Y,Q677H",COH.20G/677H,0.9
"N501Y,Q677H",COH.20G/677H,1.0
"N501Y,Q677H",COH.20G/677H,0.8
"N501Y,Q677H",COH.20G/677H,0.9
"N501Y,Q677H",COH.20G/677H,0.8
"N501Y,Q677H",COH.20G/677H,1.3
"N501Y,Q677H",COH.20G/677H,0.7
"S13I,W152C,L452R",B.1.427/9,20.0
"S13I,W152C,L452R",B.1.427/9,15.8
"S13I,W152C,L452R",B.1.427/9,6.8
"S13I,W152C,L452R",B.1.427/9,4.6
"S13I,W152C,L452R",B.1.427/9,3.7
"S13I,W152C,L452R",B.1.427/9,3.7
"S13I,W152C,L452R",B.1.427/9,3.7
"S13I,W152C,L452R",B.1.427/9,2.2
"S13I,W152C,L452R",B.1.427/9,1.8
"S13I,W152C,L452R",B.1.427/9,3.2
"S13I,W152C,L452R",B.1.427/9,3.2
"S13I,W152C,L452R",B.1.427/9,3.7
"S13I,W152C,L452R",B.1.427/9,3.4
"S13I,W152C,L452R",B.1.427/9,2.7
"S13I,W152C,L452R",B.1.427/9,8.8
"S13I,W152C,L452R",B.1.427/9,1.4
"S13I,W152C,L452R",B.1.427/9,2.6
"S13I,W152C,L452R",B.1.427/9,2.9
"S13I,W152C,L452R",B.1.427/9,2.1
"S13I,W152C,L452R",B.1.427/9,2.5
"S13I,W152C,L452R",B.1.427/9,1.7
"S13I,W152C,L452R",B.1.427/9,3.7
"S13I,W152C,L452R",B.1.427/9,7.0
"S13I,W152C,L452R",B.1.427/9,4.0
"S13I,W152C,L452R",B.1.427/9,1.0
"S13I,W152C,L452R",B.1.427/9,4.0
"S13I,W152C,L452R",B.1.427/9,4.0
"S13I,W152C,L452R",B.1.427/9,8.0
"S13I,W152C,L452R",B.1.427/9,8.0
"S13I,W152C,L452R",B.1.427/9,2.0
"S13I,W152C,L452R",B.1.427/9,8.0
"S13I,W152C,L452R",B.1.427/9,1.0
"S13I,W152C,L452R",B.1.427/9,2.0
"S13I,W152C,L452R",B.1.427/9,2.0
"S13I,W152C,L452R",B.1.427/9,16.0
"S13I,W152C,L452R",B.1.427/9,4.0
"S13I,W152C,L452R",B.1.427/9,2.0
"S13I,W152C,L452R",B.1.427/9,2.0
"S13I,W152C,L452R",B.1.427/9,8.0
"S13I,W152C,L452R",B.1.427/9,4.0
"S13I,W152C,L452R",B.1.427/9,8.0
"S13I,W152C,L452R",B.1.427/9,9.8
"S13I,W152C,L452R",B.1.427/9,3.0
"S13I,W152C,L452R",B.1.427/9,1.4
"S13I,W152C,L452R",B.1.427/9,2.9
"S13I,W152C,L452R",B.1.427/9,1.7
"S13I,W152C,L452R",B.1.427/9,0.7
"S13I,W152C,L452R",B.1.427/9,0.8
"S13I,W152C,L452R",B.1.427/9,4.5
"S13I,W152C,L452R",B.1.427/9,1.4
"S13I,W152C,L452R",B.1.427/9,2.2
"S13I,W152C,L452R",B.1.427/9,1.6
"S13I,W152C,L452R",B.1.427/9,1.2
"S13I,W152C,L452R",B.1.427/9,1.2
"S13I,W152C,L452R",B.1.427/9,2.8
"S477N,S514F",,4.5
"S477N,S514F",,2.1
"T345A,L517R",,0.0
"T345A,L517R",,0.2
"Y248ins,E484K",PT188_EM,6.0
"Y248ins,E484K",PT188_EM,8.0
"Y248ins,E484K",PT188_EM,12.0
"Y248ins,E484K",PT188_EM,3.0
"Y248ins,E484K",PT188_EM,5.3
"Y248ins,E484K",PT188_EM,1.5
"Y248ins,E484K",PT188_EM,8.0
"Y248ins,E484K",PT188_EM,6.0
"Y248ins,E484K",PT188_EM,4.0
"Y248ins,E484K",PT188_EM,4.0
"Y248ins,E484K",PT188_EM,16.0
"Y248ins,E484K",PT188_EM,2.0
"Y248ins,E484K",PT188_EM,2.0
"Y248ins,E484K",PT188_EM,2.0
"Y248ins,E484K",PT188_EM,256.0
