variant,RefAA,Position,AA,Domain,fold
141-145∆,Y,145,del,NTD,0.8
141-145∆,Y,145,del,NTD,0.4
141-145∆,Y,145,del,NTD,0.7
141-145∆,Y,145,del,NTD,0.4
141-145∆,Y,145,del,NTD,1.4
141-145∆,Y,145,del,NTD,4.5
141-145∆,Y,145,del,NTD,1.1
141-145∆,Y,145,del,NTD,1.5
141-145∆,Y,145,del,NTD,1.0
141-145∆,Y,145,del,NTD,1.1
141-145∆,Y,145,del,NTD,4.5
141-145∆,Y,145,del,NTD,1.1
141-145∆,Y,145,del,NTD,2.2
141-145∆,Y,145,del,NTD,1.4
141-145∆,Y,145,del,NTD,0.9
141-145∆,Y,145,del,NTD,1.6
141-145∆,Y,145,del,NTD,2.0
141-145∆,Y,145,del,NTD,1.5
141-145∆,Y,145,del,NTD,2.0
141-145∆,Y,145,del,NTD,1.4
141-145∆,Y,145,del,NTD,2.3
145-146∆,YH,145,del,NTD,1.1
242-244∆,LAL,242,del,NTD,1.0
242-244∆,LAL,242,del,NTD,1.0
242-244∆,LAL,242,del,NTD,4.0
242-244∆,LAL,242,del,NTD,4.0
242-244∆,LAL,242,del,NTD,4.0
242-244∆,LAL,242,del,NTD,4.0
242-244∆,LAL,242,del,NTD,1.0
242-244∆,LAL,242,del,NTD,1.0
242-244∆,LAL,242,del,NTD,1.0
242-244∆,LAL,242,del,NTD,1.0
242-244∆,LAL,242,del,NTD,1.0
242-244∆,LAL,242,del,NTD,1.0
242-244∆,LAL,242,del,NTD,1.0
242-244∆,LAL,242,del,NTD,4.0
242-244∆,LAL,242,del,NTD,1.0
242-244∆,LAL,242,del,NTD,1.0
242-244∆,LAL,242,del,NTD,1.0
242-244∆,LAL,242,del,NTD,1.0
242-244∆,LAL,242,del,NTD,1.1
242-244∆,LAL,242,del,NTD,2.6
242-244∆,LAL,242,del,NTD,2.0
242-244∆,LAL,242,del,NTD,1.5
242-244∆,LAL,242,del,NTD,0.5
242-244∆,LAL,242,del,NTD,9.3
242-244∆,LAL,242,del,NTD,1.3
242-244∆,LAL,242,del,NTD,4.6
242-244∆,LAL,242,del,NTD,0.4
242-244∆,LAL,242,del,NTD,0.4
242-244∆,LAL,242,del,NTD,2.2
242-244∆,LAL,242,del,NTD,2.6
242-244∆,LAL,242,del,NTD,6.8
242-244∆,LAL,242,del,NTD,1.3
242-244∆,LAL,242,del,NTD,3.0
242-244∆,LAL,242,del,NTD,1.2
242-244∆,LAL,242,del,NTD,3.1
242-244∆,LAL,242,del,NTD,2.6
242-244∆,LAL,242,del,NTD,2.1
242-244∆,LAL,242,del,NTD,1.5
242-244∆,LAL,242,del,NTD,3.6
242-244∆,LAL,242,del,NTD,1.4
242-244∆,LAL,242,del,NTD,1.2
242-244∆,LAL,242,del,NTD,1.2
242-244∆,LAL,242,del,NTD,2.7
242-244∆,LAL,242,del,NTD,1.6
242-244∆,LAL,242,del,NTD,2.3
242-244∆,LAL,242,del,NTD,3.4
242-244∆,LAL,242,del,NTD,1.6
242-244∆,LAL,242,del,NTD,1.1
242-244∆,LAL,242,del,NTD,1.1
242-244∆,LAL,242,del,NTD,1.8
242-244∆,LAL,242,del,NTD,1.8
242-244∆,LAL,242,del,NTD,0.9
242-244∆,LAL,242,del,NTD,0.6
242-244∆,LAL,242,del,NTD,0.7
242-244∆,LAL,242,del,NTD,1.6
242-244∆,LAL,242,del,NTD,0.7
242-244∆,LAL,242,del,NTD,1.4
242-244∆,LAL,242,del,NTD,1.0
242-244∆,LAL,242,del,NTD,1.3
242-244∆,LAL,242,del,NTD,1.7
244-247∆,LHRS,244,del,NTD,2.4
69-70∆,HV,69,del,NTD,0.6
69-70∆,HV,69,del,NTD,1.0
69-70∆,HV,69,del,NTD,0.8
69-70∆,HV,69,del,NTD,0.8
69-70∆,HV,69,del,NTD,0.8
69-70∆,HV,69,del,NTD,0.8
69-70∆,HV,69,del,NTD,0.8
69-70∆,HV,69,del,NTD,0.8
69-70∆,HV,69,del,NTD,0.8
69-70∆,HV,69,del,NTD,0.8
69-70∆,HV,69,del,NTD,0.8
69-70∆,HV,69,del,NTD,0.8
69-70∆,HV,69,del,NTD,0.8
69-70∆,HV,69,del,NTD,0.8
69-70∆,HV,69,del,NTD,0.8
69-70∆,HV,69,del,NTD,0.8
69-70∆,HV,69,del,NTD,0.8
69-70∆,HV,69,del,NTD,0.8
69-70∆,HV,69,del,NTD,0.8
69-70∆,HV,69,del,NTD,0.8
69-70∆,HV,69,del,NTD,0.8
69-70∆,HV,69,del,NTD,0.8
69-70∆,HV,69,del,NTD,0.8
69-70∆,HV,69,del,NTD,0.8
69-70∆,HV,69,del,NTD,0.8
69-70∆,HV,69,del,NTD,0.8
69-70∆,HV,69,del,NTD,0.8
69-70∆,HV,69,del,NTD,0.8
69-70∆,HV,69,del,NTD,0.8
69-70∆,HV,69,del,NTD,0.8
69-70∆,HV,69,del,NTD,0.8
69-70∆,HV,69,del,NTD,0.8
69-70∆,HV,69,del,NTD,0.8
69-70∆,HV,69,del,NTD,0.8
69-70∆,HV,69,del,NTD,0.8
69-70∆,HV,69,del,NTD,0.8
69-70∆,HV,69,del,NTD,0.8
69-70∆,HV,69,del,NTD,0.8
69-70∆,HV,69,del,NTD,0.8
69-70∆,HV,69,del,NTD,1.1
69-70∆,HV,69,del,NTD,0.7
69-70∆,HV,69,del,NTD,0.9
69-70∆,HV,69,del,NTD,0.6
69-70∆,HV,69,del,NTD,1.1
69-70∆,HV,69,del,NTD,1.1
69-70∆,HV,69,del,NTD,1.0
69-70∆,HV,69,del,NTD,0.9
69-70∆,HV,69,del,NTD,0.8
69-70∆,HV,69,del,NTD,1.1
69-70∆,HV,69,del,NTD,0.5
69-70∆,HV,69,del,NTD,1.3
69-70∆,HV,69,del,NTD,1.1
69-70∆,HV,69,del,NTD,0.9
69-70∆,HV,69,del,NTD,0.8
69-70∆,HV,69,del,NTD,0.6
69-70∆,HV,69,del,NTD,0.6
69-70∆,HV,69,del,NTD,0.7
69-70∆,HV,69,del,NTD,1.0
69-70∆,HV,69,del,NTD,1.0
69-70∆,HV,69,del,NTD,0.9
69-70∆,HV,69,del,NTD,1.3
69-70∆,HV,69,del,NTD,1.0
69-70∆,HV,69,del,NTD,0.6
69-70∆,HV,69,del,NTD,1.3
69-70∆,HV,69,del,NTD,1.0
69-70∆,HV,69,del,NTD,1.1
69-70∆,HV,69,del,NTD,0.5
69-70∆,HV,69,del,NTD,0.8
69-70∆,HV,69,del,NTD,0.9
69-70∆,HV,69,del,NTD,1.0
69-70∆,HV,69,del,NTD,1.0
69-70∆,HV,69,del,NTD,1.8
69-70∆,HV,69,del,NTD,1.9
69-70∆,HV,69,del,NTD,1.8
69-70∆,HV,69,del,NTD,0.4
69-70∆,HV,69,del,NTD,0.6
69-70∆,HV,69,del,NTD,1.8
69-70∆,HV,69,del,NTD,1.5
69-70∆,HV,69,del,NTD,0.7
69-70∆,HV,69,del,NTD,1.3
69-70∆,HV,69,del,NTD,0.8
69-70∆,HV,69,del,NTD,0.6
69-70∆,HV,69,del,NTD,1.9
69-70∆,HV,69,del,NTD,0.6
69-70∆,HV,69,del,NTD,2.0
69-70∆,HV,69,del,NTD,0.7
69-70∆,HV,69,del,NTD,0.8
69-70∆,HV,69,del,NTD,1.1
69-70∆,HV,69,del,NTD,1.8
69-70∆,HV,69,del,NTD,1.0
69-70∆,HV,69,del,NTD,1.1
69-70∆,HV,69,del,NTD,0.8
A352D,A,352,D,RBD,0.0
A352D,A,352,D,RBD,1.1
A570D,A,570,D,CTD,1.0
A570D,A,570,D,CTD,0.2
A570D,A,570,D,CTD,0.5
A570D,A,570,D,CTD,0.2
A570D,A,570,D,CTD,1.1
A570D,A,570,D,CTD,3.2
A570D,A,570,D,CTD,0.7
A570D,A,570,D,CTD,1.6
A570D,A,570,D,CTD,0.7
A570D,A,570,D,CTD,0.7
A570D,A,570,D,CTD,2.7
A570D,A,570,D,CTD,0.7
A570D,A,570,D,CTD,3.1
A570D,A,570,D,CTD,0.9
A570D,A,570,D,CTD,1.1
A570D,A,570,D,CTD,1.1
A570D,A,570,D,CTD,1.2
A570D,A,570,D,CTD,1.1
A570D,A,570,D,CTD,1.0
A570D,A,570,D,CTD,1.0
A701V,A,701,V,S2,1.0
A701V,A,701,V,S2,1.0
A701V,A,701,V,S2,1.0
A701V,A,701,V,S2,1.0
A701V,A,701,V,S2,1.0
A701V,A,701,V,S2,1.0
A701V,A,701,V,S2,1.0
A701V,A,701,V,S2,1.0
A701V,A,701,V,S2,0.5
A701V,A,701,V,S2,1.0
A701V,A,701,V,S2,1.0
A701V,A,701,V,S2,1.0
A701V,A,701,V,S2,1.0
A701V,A,701,V,S2,1.0
A701V,A,701,V,S2,1.0
A701V,A,701,V,S2,1.0
A701V,A,701,V,S2,1.0
A701V,A,701,V,S2,1.0
A701V,A,701,V,S2,1.3
A701V,A,701,V,S2,3.8
A701V,A,701,V,S2,1.1
A701V,A,701,V,S2,1.2
A701V,A,701,V,S2,1.9
A701V,A,701,V,S2,2.3
A701V,A,701,V,S2,1.0
A701V,A,701,V,S2,2.1
A701V,A,701,V,S2,0.7
A701V,A,701,V,S2,0.9
A701V,A,701,V,S2,2.9
A701V,A,701,V,S2,1.5
A701V,A,701,V,S2,2.3
A701V,A,701,V,S2,1.1
A701V,A,701,V,S2,1.8
A701V,A,701,V,S2,1.7
A701V,A,701,V,S2,1.7
A701V,A,701,V,S2,1.7
A701V,A,701,V,S2,1.9
A701V,A,701,V,S2,1.1
D1118H,D,1118,H,S2,2.1
D1118H,D,1118,H,S2,1.9
D1118H,D,1118,H,S2,0.5
D1118H,D,1118,H,S2,0.9
D1118H,D,1118,H,S2,1.5
D1118H,D,1118,H,S2,2.6
D1118H,D,1118,H,S2,1.0
D1118H,D,1118,H,S2,3.1
D1118H,D,1118,H,S2,0.8
D1118H,D,1118,H,S2,1.1
D1118H,D,1118,H,S2,2.6
D1118H,D,1118,H,S2,1.4
D1118H,D,1118,H,S2,3.0
D1118H,D,1118,H,S2,1.0
D1118H,D,1118,H,S2,1.7
D1118H,D,1118,H,S2,1.3
D1118H,D,1118,H,S2,1.7
D1118H,D,1118,H,S2,1.1
D1118H,D,1118,H,S2,1.5
D1118H,D,1118,H,S2,1.0
D215G,D,215,G,NTD,1.1
D215G,D,215,G,NTD,0.9
D215G,D,215,G,NTD,1.3
D215G,D,215,G,NTD,0.9
D215G,D,215,G,NTD,0.4
D215G,D,215,G,NTD,1.2
D215G,D,215,G,NTD,0.9
D215G,D,215,G,NTD,0.7
D215G,D,215,G,NTD,0.8
D215G,D,215,G,NTD,1.1
D215G,D,215,G,NTD,0.4
D215G,D,215,G,NTD,0.6
D215G,D,215,G,NTD,1.0
D215G,D,215,G,NTD,1.0
D215G,D,215,G,NTD,1.0
D215G,D,215,G,NTD,1.0
D215G,D,215,G,NTD,1.0
D215G,D,215,G,NTD,1.0
D215G,D,215,G,NTD,1.0
D215G,D,215,G,NTD,1.0
D215G,D,215,G,NTD,1.0
D215G,D,215,G,NTD,1.0
D215G,D,215,G,NTD,1.0
D215G,D,215,G,NTD,1.0
D215G,D,215,G,NTD,1.0
D215G,D,215,G,NTD,1.0
D215G,D,215,G,NTD,1.0
D215G,D,215,G,NTD,1.0
D215G,D,215,G,NTD,1.0
D215G,D,215,G,NTD,1.0
D215G,D,215,G,NTD,1.9
D215G,D,215,G,NTD,2.3
D215G,D,215,G,NTD,1.0
D215G,D,215,G,NTD,0.8
D215G,D,215,G,NTD,1.8
D215G,D,215,G,NTD,4.4
D215G,D,215,G,NTD,0.9
D215G,D,215,G,NTD,3.1
D215G,D,215,G,NTD,0.8
D215G,D,215,G,NTD,1.5
D215G,D,215,G,NTD,3.3
D215G,D,215,G,NTD,2.2
D215G,D,215,G,NTD,4.5
D215G,D,215,G,NTD,2.4
D215G,D,215,G,NTD,2.6
D215G,D,215,G,NTD,1.4
D215G,D,215,G,NTD,2.9
D215G,D,215,G,NTD,1.6
D215G,D,215,G,NTD,2.3
D215G,D,215,G,NTD,2.0
D796H,D,796,H,S2,1.5
D796H,D,796,H,S2,2.6
D796H,D,796,H,S2,2.5
D80A,D,80,A,NTD,1.0
D80A,D,80,A,NTD,1.0
D80A,D,80,A,NTD,1.0
D80A,D,80,A,NTD,1.0
D80A,D,80,A,NTD,1.0
D80A,D,80,A,NTD,1.0
D80A,D,80,A,NTD,1.0
D80A,D,80,A,NTD,1.0
D80A,D,80,A,NTD,1.0
D80A,D,80,A,NTD,1.0
D80A,D,80,A,NTD,1.0
D80A,D,80,A,NTD,1.0
D80A,D,80,A,NTD,1.0
D80A,D,80,A,NTD,1.0
D80A,D,80,A,NTD,1.0
D80A,D,80,A,NTD,1.0
D80A,D,80,A,NTD,1.0
D80A,D,80,A,NTD,1.0
D80A,D,80,A,NTD,1.0
D80A,D,80,A,NTD,2.3
D80A,D,80,A,NTD,1.4
D80A,D,80,A,NTD,1.0
D80A,D,80,A,NTD,1.5
D80A,D,80,A,NTD,2.8
D80A,D,80,A,NTD,0.6
D80A,D,80,A,NTD,2.3
D80A,D,80,A,NTD,0.5
D80A,D,80,A,NTD,0.7
D80A,D,80,A,NTD,1.8
D80A,D,80,A,NTD,1.0
D80A,D,80,A,NTD,2.0
D80A,D,80,A,NTD,0.5
D80A,D,80,A,NTD,1.3
D80A,D,80,A,NTD,0.5
D80A,D,80,A,NTD,0.7
D80A,D,80,A,NTD,0.2
D80A,D,80,A,NTD,1.2
D80A,D,80,A,NTD,0.8
D839Y,D,839,Y,S2,1.8
D839Y,D,839,Y,S2,1.1
D839Y,D,839,Y,S2,1.7
D839Y,D,839,Y,S2,2.4
D839Y,D,839,Y,S2,1.3
D839Y,D,839,Y,S2,2.1
D839Y,D,839,Y,S2,1.3
D839Y,D,839,Y,S2,3.4
D839Y,D,839,Y,S2,1.8
D839Y,D,839,Y,S2,1.8
D839Y,D,839,Y,S2,1.6
D839Y,D,839,Y,S2,1.0
D936Y,D,936,Y,S2,1.6
D936Y,D,936,Y,S2,1.2
D936Y,D,936,Y,S2,0.8
D936Y,D,936,Y,S2,1.7
D936Y,D,936,Y,S2,0.6
D936Y,D,936,Y,S2,1.4
D936Y,D,936,Y,S2,1.0
D936Y,D,936,Y,S2,1.3
D936Y,D,936,Y,S2,1.7
D936Y,D,936,Y,S2,0.5
D936Y,D,936,Y,S2,2.2
D936Y,D,936,Y,S2,0.2
E484D,E,484,D,RBD,7.0
E484G,E,484,G,RBD,6.9
E484G,E,484,G,RBD,16.0
E484G,E,484,G,RBD,1.1
E484K,E,484,K,RBD,11.5
E484K,E,484,K,RBD,1.2
E484K,E,484,K,RBD,6.8
E484K,E,484,K,RBD,6.5
E484K,E,484,K,RBD,8.0
E484K,E,484,K,RBD,3.6
E484K,E,484,K,RBD,2.0
E484K,E,484,K,RBD,16.9
E484K,E,484,K,RBD,3.8
E484K,E,484,K,RBD,8.6
E484K,E,484,K,RBD,12.8
E484K,E,484,K,RBD,62.0
E484K,E,484,K,RBD,1.2
E484K,E,484,K,RBD,5.9
E484K,E,484,K,RBD,16.9
E484K,E,484,K,RBD,19.3
E484K,E,484,K,RBD,10.0
E484K,E,484,K,RBD,2.9
E484K,E,484,K,RBD,3.3
E484K,E,484,K,RBD,24.2
E484K,E,484,K,RBD,2.0
E484K,E,484,K,RBD,6.3
E484K,E,484,K,RBD,1.7
E484K,E,484,K,RBD,1.5
E484K,E,484,K,RBD,2.8
E484K,E,484,K,RBD,0.6
E484K,E,484,K,RBD,1.0
E484K,E,484,K,RBD,2.5
E484K,E,484,K,RBD,28.1
E484K,E,484,K,RBD,10.3
E484K,E,484,K,RBD,1.6
E484K,E,484,K,RBD,4.2
E484K,E,484,K,RBD,1.9
E484K,E,484,K,RBD,5.3
E484K,E,484,K,RBD,6.4
E484K,E,484,K,RBD,4.3
E484K,E,484,K,RBD,3.6
E484K,E,484,K,RBD,0.5
E484K,E,484,K,RBD,3.7
E484K,E,484,K,RBD,2.0
E484K,E,484,K,RBD,3.0
E484K,E,484,K,RBD,3.6
E484K,E,484,K,RBD,4.6
E484K,E,484,K,RBD,8.1
E484K,E,484,K,RBD,0.7
E484K,E,484,K,RBD,2.2
E484K,E,484,K,RBD,1.6
E484K,E,484,K,RBD,1.7
E484K,E,484,K,RBD,2.1
E484K,E,484,K,RBD,4.0
E484K,E,484,K,RBD,1.0
E484K,E,484,K,RBD,1.0
E484K,E,484,K,RBD,1.0
E484K,E,484,K,RBD,1.0
E484K,E,484,K,RBD,1.0
E484K,E,484,K,RBD,1.0
E484K,E,484,K,RBD,1.0
E484K,E,484,K,RBD,0.5
E484K,E,484,K,RBD,1.0
E484K,E,484,K,RBD,1.0
E484K,E,484,K,RBD,1.0
E484K,E,484,K,RBD,1.0
E484K,E,484,K,RBD,4.0
E484K,E,484,K,RBD,8.0
E484K,E,484,K,RBD,4.0
E484K,E,484,K,RBD,1.0
E484K,E,484,K,RBD,4.0
E484K,E,484,K,RBD,1.0
E484K,E,484,K,RBD,4.0
E484K,E,484,K,RBD,4.0
E484K,E,484,K,RBD,4.0
E484K,E,484,K,RBD,4.0
E484K,E,484,K,RBD,4.0
E484K,E,484,K,RBD,4.0
E484K,E,484,K,RBD,1.0
E484K,E,484,K,RBD,1.0
E484K,E,484,K,RBD,1.0
E484K,E,484,K,RBD,1.0
E484K,E,484,K,RBD,1.0
E484K,E,484,K,RBD,1.0
E484K,E,484,K,RBD,1.0
E484K,E,484,K,RBD,1.0
E484K,E,484,K,RBD,4.0
E484K,E,484,K,RBD,1.0
E484K,E,484,K,RBD,1.0
E484K,E,484,K,RBD,1.0
E484K,E,484,K,RBD,1.0
E484K,E,484,K,RBD,1.0
E484K,E,484,K,RBD,1.0
E484K,E,484,K,RBD,1.0
E484K,E,484,K,RBD,1.0
E484K,E,484,K,RBD,1.0
E484K,E,484,K,RBD,1.0
E484K,E,484,K,RBD,1.0
E484K,E,484,K,RBD,1.0
E484K,E,484,K,RBD,1.0
E484K,E,484,K,RBD,1.0
E484K,E,484,K,RBD,1.2
E484K,E,484,K,RBD,1.5
E484K,E,484,K,RBD,1.8
E484K,E,484,K,RBD,1.1
E484K,E,484,K,RBD,1.4
E484K,E,484,K,RBD,2.0
E484K,E,484,K,RBD,1.6
E484K,E,484,K,RBD,1.6
E484K,E,484,K,RBD,2.7
E484K,E,484,K,RBD,1.9
E484K,E,484,K,RBD,2.1
E484K,E,484,K,RBD,25.4
E484K,E,484,K,RBD,4.7
E484K,E,484,K,RBD,1.3
E484K,E,484,K,RBD,2.6
E484K,E,484,K,RBD,7.6
E484K,E,484,K,RBD,9.6
E484K,E,484,K,RBD,1.6
E484K,E,484,K,RBD,10.8
E484K,E,484,K,RBD,9.1
E484K,E,484,K,RBD,1.3
E484K,E,484,K,RBD,8.1
E484K,E,484,K,RBD,3.5
E484K,E,484,K,RBD,9.8
E484K,E,484,K,RBD,2.3
E484K,E,484,K,RBD,6.3
E484K,E,484,K,RBD,4.3
E484K,E,484,K,RBD,3.3
E484K,E,484,K,RBD,1.5
E484K,E,484,K,RBD,4.0
E484K,E,484,K,RBD,3.5
E484K,E,484,K,RBD,1.2
E484K,E,484,K,RBD,0.8
E484K,E,484,K,RBD,0.8
E484K,E,484,K,RBD,0.7
E484K,E,484,K,RBD,0.8
E484K,E,484,K,RBD,2.0
E484K,E,484,K,RBD,1.0
E484K,E,484,K,RBD,0.8
E484K,E,484,K,RBD,1.0
E484K,E,484,K,RBD,2.1
E484K,E,484,K,RBD,0.9
E484K,E,484,K,RBD,1.4
E484K,E,484,K,RBD,1.0
E484K,E,484,K,RBD,1.2
E484K,E,484,K,RBD,1.5
E484K,E,484,K,RBD,2.5
E484K,E,484,K,RBD,1.3
E484K,E,484,K,RBD,1.3
E484K,E,484,K,RBD,0.7
E484K,E,484,K,RBD,0.7
E484K,E,484,K,RBD,4.1
E484K,E,484,K,RBD,2.2
E484K,E,484,K,RBD,1.2
E484K,E,484,K,RBD,0.8
E484K,E,484,K,RBD,4.1
E484K,E,484,K,RBD,2.5
E484K,E,484,K,RBD,1.9
E484K,E,484,K,RBD,3.3
E484K,E,484,K,RBD,2.5
E484K,E,484,K,RBD,2.3
E484K,E,484,K,RBD,1.6
E484K,E,484,K,RBD,2.7
E484K,E,484,K,RBD,1.3
E484K,E,484,K,RBD,1.9
E484K,E,484,K,RBD,3.3
E484P,E,484,P,RBD,2.0
E484P,E,484,P,RBD,4.9
E484P,E,484,P,RBD,13.2
E484P,E,484,P,RBD,42.1
E484P,E,484,P,RBD,5.5
E484P,E,484,P,RBD,1.6
E484P,E,484,P,RBD,0.9
E484P,E,484,P,RBD,1.9
E484P,E,484,P,RBD,1.5
E484P,E,484,P,RBD,8.8
E484P,E,484,P,RBD,2.1
E484P,E,484,P,RBD,12.2
E484P,E,484,P,RBD,3.5
E484P,E,484,P,RBD,4.0
E484P,E,484,P,RBD,0.7
E484Q,E,484,Q,RBD,0.6
E484Q,E,484,Q,RBD,1.2
E484Q,E,484,Q,RBD,4.7
E484Q,E,484,Q,RBD,12.9
E484Q,E,484,Q,RBD,8.3
E484Q,E,484,Q,RBD,36.0
E484Q,E,484,Q,RBD,1.0
E484Q,E,484,Q,RBD,19.6
E484Q,E,484,Q,RBD,18.6
E484Q,E,484,Q,RBD,2.6
F456A,F,456,A,RBD,0.9
F456A,F,456,A,RBD,1.0
F456A,F,456,A,RBD,0.9
F456A,F,456,A,RBD,1.9
F456A,F,456,A,RBD,2.5
F456A,F,456,A,RBD,1.9
F456A,F,456,A,RBD,2.2
F456A,F,456,A,RBD,1.4
F456K,F,456,K,RBD,1.5
F456K,F,456,K,RBD,0.6
F456K,F,456,K,RBD,0.7
F456V,F,456,V,RBD,0.7
F456V,F,456,V,RBD,0.7
F456V,F,456,V,RBD,0.8
F486L,F,486,L,RBD,0.7
F486L,F,486,L,RBD,0.8
F486L,F,486,L,RBD,0.6
F486L,F,486,L,RBD,0.8
F486L,F,486,L,RBD,0.8
F486L,F,486,L,RBD,0.9
F486L,F,486,L,RBD,0.8
F486L,F,486,L,RBD,0.8
F486L,F,486,L,RBD,0.7
F486L,F,486,L,RBD,0.7
F486L,F,486,L,RBD,0.7
F486L,F,486,L,RBD,0.6
F486L,F,486,L,RBD,0.8
F486L,F,486,L,RBD,0.7
F486L,F,486,L,RBD,1.0
F486L,F,486,L,RBD,0.8
F486L,F,486,L,RBD,1.0
F486L,F,486,L,RBD,0.8
F486L,F,486,L,RBD,0.4
F486L,F,486,L,RBD,0.7
F486L,F,486,L,RBD,0.7
F486L,F,486,L,RBD,0.7
F486L,F,486,L,RBD,0.8
F486L,F,486,L,RBD,0.5
F486L,F,486,L,RBD,2.0
F486L,F,486,L,RBD,1.6
F486L,F,486,L,RBD,1.9
F486L,F,486,L,RBD,3.2
F486L,F,486,L,RBD,2.7
F486L,F,486,L,RBD,1.9
F486L,F,486,L,RBD,1.0
F486L,F,486,L,RBD,2.8
F486L,F,486,L,RBD,1.3
F486S,F,486,S,RBD,1.4
F486S,F,486,S,RBD,2.6
F486Y,F,486,Y,RBD,0.3
F486Y,F,486,Y,RBD,0.7
F490L,F,490,L,RBD,1.1
F490S,F,490,S,RBD,3.6
F490S,F,490,S,RBD,1.9
F490S,F,490,S,RBD,3.3
F490S,F,490,S,RBD,1.1
F490S,F,490,S,RBD,4.6
F490S,F,490,S,RBD,2.3
F490S,F,490,S,RBD,1.7
F490S,F,490,S,RBD,1.1
F490S,F,490,S,RBD,1.5
F490S,F,490,S,RBD,1.6
G446D,G,446,D,RBD,2.1
G446D,G,446,D,RBD,3.2
G446V,G,446,V,RBD,32.5
G446V,G,446,V,RBD,2.5
G446V,G,446,V,RBD,2.5
G446V,G,446,V,RBD,4.2
G446V,G,446,V,RBD,1.1
G446V,G,446,V,RBD,1.6
G446V,G,446,V,RBD,2.9
G446V,G,446,V,RBD,1.1
G446V,G,446,V,RBD,1.1
G446V,G,446,V,RBD,2.1
G446V,G,446,V,RBD,0.1
G446V,G,446,V,RBD,16.0
G485R,G,485,R,RBD,3.0
G485R,G,485,R,RBD,5.5
H49Y,H,49,Y,NTD,1.4
H49Y,H,49,Y,NTD,0.5
H49Y,H,49,Y,NTD,0.8
H49Y,H,49,Y,NTD,2.0
H49Y,H,49,Y,NTD,1.3
H49Y,H,49,Y,NTD,2.3
H49Y,H,49,Y,NTD,0.9
H49Y,H,49,Y,NTD,2.3
H49Y,H,49,Y,NTD,1.2
H49Y,H,49,Y,NTD,1.7
H49Y,H,49,Y,NTD,1.7
H49Y,H,49,Y,NTD,1.6
K417N,K,417,N,RBD,0.4
K417N,K,417,N,RBD,0.4
K417N,K,417,N,RBD,0.6
K417N,K,417,N,RBD,0.4
K417N,K,417,N,RBD,0.5
K417N,K,417,N,RBD,0.1
K417N,K,417,N,RBD,0.3
K417N,K,417,N,RBD,0.6
K417N,K,417,N,RBD,1.3
K417N,K,417,N,RBD,5.0
K417N,K,417,N,RBD,1.4
K417N,K,417,N,RBD,1.0
K417N,K,417,N,RBD,0.9
K417N,K,417,N,RBD,0.5
K417N,K,417,N,RBD,0.9
K417N,K,417,N,RBD,0.4
K417N,K,417,N,RBD,0.3
K417N,K,417,N,RBD,0.7
K417N,K,417,N,RBD,3.3
K417N,K,417,N,RBD,1.3
K417N,K,417,N,RBD,1.5
K417N,K,417,N,RBD,1.8
K417N,K,417,N,RBD,0.8
K417N,K,417,N,RBD,0.8
K417N,K,417,N,RBD,1.1
K417N,K,417,N,RBD,1.0
K417N,K,417,N,RBD,0.5
K417N,K,417,N,RBD,0.5
K417N,K,417,N,RBD,0.5
K417N,K,417,N,RBD,1.0
K417N,K,417,N,RBD,1.0
K417N,K,417,N,RBD,1.0
K417N,K,417,N,RBD,0.3
K417N,K,417,N,RBD,1.0
K417N,K,417,N,RBD,0.3
K417N,K,417,N,RBD,1.0
K417N,K,417,N,RBD,0.3
K417N,K,417,N,RBD,0.5
K417N,K,417,N,RBD,0.5
K417N,K,417,N,RBD,0.5
K417N,K,417,N,RBD,1.0
K417N,K,417,N,RBD,1.0
K417N,K,417,N,RBD,1.0
K417N,K,417,N,RBD,1.0
K417N,K,417,N,RBD,1.0
K417N,K,417,N,RBD,1.0
K417N,K,417,N,RBD,1.0
K417N,K,417,N,RBD,1.0
K417N,K,417,N,RBD,1.0
K417N,K,417,N,RBD,1.0
K417N,K,417,N,RBD,1.0
K417N,K,417,N,RBD,1.0
K417N,K,417,N,RBD,1.0
K417N,K,417,N,RBD,1.0
K417N,K,417,N,RBD,1.0
K417N,K,417,N,RBD,0.5
K417N,K,417,N,RBD,1.0
K417N,K,417,N,RBD,1.0
K417N,K,417,N,RBD,1.0
K417N,K,417,N,RBD,1.0
K417N,K,417,N,RBD,1.0
K417N,K,417,N,RBD,1.0
K417N,K,417,N,RBD,1.0
K417N,K,417,N,RBD,1.0
K417N,K,417,N,RBD,1.0
K417N,K,417,N,RBD,1.0
K417N,K,417,N,RBD,1.0
K417N,K,417,N,RBD,1.0
K417N,K,417,N,RBD,1.0
K417N,K,417,N,RBD,1.0
K417N,K,417,N,RBD,1.0
K417N,K,417,N,RBD,1.0
K417N,K,417,N,RBD,1.0
K417N,K,417,N,RBD,1.3
K417N,K,417,N,RBD,0.7
K417N,K,417,N,RBD,0.2
K417N,K,417,N,RBD,0.4
K417N,K,417,N,RBD,1.1
K417N,K,417,N,RBD,2.0
K417N,K,417,N,RBD,0.6
K417N,K,417,N,RBD,1.0
K417N,K,417,N,RBD,0.6
K417N,K,417,N,RBD,0.8
K417N,K,417,N,RBD,1.6
K417N,K,417,N,RBD,1.4
K417N,K,417,N,RBD,2.1
K417N,K,417,N,RBD,0.6
K417N,K,417,N,RBD,1.2
K417N,K,417,N,RBD,0.8
K417N,K,417,N,RBD,1.1
K417N,K,417,N,RBD,0.8
K417N,K,417,N,RBD,1.2
K417N,K,417,N,RBD,0.7
K417N,K,417,N,RBD,0.7
K417N,K,417,N,RBD,0.4
K417N,K,417,N,RBD,0.4
K417N,K,417,N,RBD,0.6
K417N,K,417,N,RBD,0.5
K417N,K,417,N,RBD,0.7
K417N,K,417,N,RBD,0.6
K417N,K,417,N,RBD,0.6
K417N,K,417,N,RBD,0.6
K417N,K,417,N,RBD,0.4
K417N,K,417,N,RBD,0.6
K417N,K,417,N,RBD,0.5
K417N,K,417,N,RBD,0.7
K417N,K,417,N,RBD,0.5
K417N,K,417,N,RBD,0.5
K417N,K,417,N,RBD,0.6
K417N,K,417,N,RBD,0.4
K417N,K,417,N,RBD,0.4
K417N,K,417,N,RBD,0.3
K417N,K,417,N,RBD,0.5
K417N,K,417,N,RBD,0.6
K417N,K,417,N,RBD,0.5
K417N,K,417,N,RBD,0.4
K417N,K,417,N,RBD,0.7
K417N,K,417,N,RBD,1.1
K417N,K,417,N,RBD,1.9
K417N,K,417,N,RBD,2.9
K417N,K,417,N,RBD,1.6
K417N,K,417,N,RBD,2.7
K417N,K,417,N,RBD,1.8
K417N,K,417,N,RBD,1.9
K417N,K,417,N,RBD,2.0
K417N,K,417,N,RBD,1.3
K417N,K,417,N,RBD,0.6
K417T,K,417,T,RBD,0.8
K417T,K,417,T,RBD,0.6
K417T,K,417,T,RBD,0.5
K417T,K,417,T,RBD,0.7
K417T,K,417,T,RBD,0.5
K417T,K,417,T,RBD,0.8
K417T,K,417,T,RBD,0.9
K417T,K,417,T,RBD,0.9
K417T,K,417,T,RBD,0.7
K417T,K,417,T,RBD,0.5
K417T,K,417,T,RBD,0.9
K417T,K,417,T,RBD,0.7
K417T,K,417,T,RBD,0.8
K417T,K,417,T,RBD,0.6
K417T,K,417,T,RBD,0.6
K417T,K,417,T,RBD,1.0
K417T,K,417,T,RBD,0.7
K417T,K,417,T,RBD,0.6
K417T,K,417,T,RBD,0.4
K417T,K,417,T,RBD,0.6
K417T,K,417,T,RBD,1.3
K417T,K,417,T,RBD,0.8
K417T,K,417,T,RBD,0.6
K417T,K,417,T,RBD,0.9
K417T,K,417,T,RBD,0.3
K417V,K,417,V,RBD,0.3
K417V,K,417,V,RBD,0.3
K417V,K,417,V,RBD,0.3
K417V,K,417,V,RBD,0.3
K417V,K,417,V,RBD,0.3
K417V,K,417,V,RBD,0.3
K417V,K,417,V,RBD,0.3
K417V,K,417,V,RBD,0.3
K417V,K,417,V,RBD,0.3
K417V,K,417,V,RBD,0.3
K417V,K,417,V,RBD,0.3
K417V,K,417,V,RBD,0.3
K417V,K,417,V,RBD,0.3
K417V,K,417,V,RBD,0.3
K417V,K,417,V,RBD,0.3
K417V,K,417,V,RBD,0.3
K417V,K,417,V,RBD,0.3
K417V,K,417,V,RBD,0.3
K417V,K,417,V,RBD,0.9
K417V,K,417,V,RBD,0.9
K417V,K,417,V,RBD,0.9
K417V,K,417,V,RBD,0.9
K417V,K,417,V,RBD,0.9
K417V,K,417,V,RBD,0.9
K417V,K,417,V,RBD,0.9
K417V,K,417,V,RBD,0.9
K417V,K,417,V,RBD,0.9
K417V,K,417,V,RBD,0.9
K417V,K,417,V,RBD,0.9
K417V,K,417,V,RBD,0.9
K417V,K,417,V,RBD,0.9
K417V,K,417,V,RBD,0.9
K417V,K,417,V,RBD,0.9
K417V,K,417,V,RBD,0.9
K417V,K,417,V,RBD,0.9
K417V,K,417,V,RBD,0.9
K444E,K,444,E,RBD,1.3
K444E,K,444,E,RBD,3.4
K444N,K,444,N,RBD,0.1
K444N,K,444,N,RBD,0.4
L18F,L,18,F,NTD,1.0
L18F,L,18,F,NTD,1.0
L18F,L,18,F,NTD,0.5
L18F,L,18,F,NTD,0.5
L18F,L,18,F,NTD,1.0
L18F,L,18,F,NTD,1.0
L18F,L,18,F,NTD,1.0
L18F,L,18,F,NTD,1.0
L18F,L,18,F,NTD,1.0
L18F,L,18,F,NTD,1.0
L18F,L,18,F,NTD,1.0
L18F,L,18,F,NTD,1.0
L18F,L,18,F,NTD,1.0
L18F,L,18,F,NTD,1.0
L18F,L,18,F,NTD,1.0
L18F,L,18,F,NTD,1.0
L18F,L,18,F,NTD,1.0
L18F,L,18,F,NTD,1.0
L18F,L,18,F,NTD,1.2
L18F,L,18,F,NTD,1.0
L18F,L,18,F,NTD,0.5
L18F,L,18,F,NTD,0.3
L18F,L,18,F,NTD,1.9
L18F,L,18,F,NTD,0.6
L18F,L,18,F,NTD,0.7
L18F,L,18,F,NTD,1.1
L18F,L,18,F,NTD,0.7
L18F,L,18,F,NTD,0.9
L18F,L,18,F,NTD,0.5
L18F,L,18,F,NTD,1.1
L18F,L,18,F,NTD,1.5
L18F,L,18,F,NTD,0.8
L18F,L,18,F,NTD,1.2
L18F,L,18,F,NTD,0.5
L18F,L,18,F,NTD,0.8
L18F,L,18,F,NTD,1.1
L18F,L,18,F,NTD,0.6
L18F,L,18,F,NTD,1.0
L241H,L,241,H,NTD,1.0
L241H,L,241,H,NTD,4.0
L241H,L,241,H,NTD,1.0
L241H,L,241,H,NTD,1.0
L241H,L,241,H,NTD,1.0
L241H,L,241,H,NTD,1.0
L241H,L,241,H,NTD,1.0
L241H,L,241,H,NTD,1.0
L241H,L,241,H,NTD,1.0
L241H,L,241,H,NTD,1.0
L241H,L,241,H,NTD,1.0
L241H,L,241,H,NTD,1.0
L241H,L,241,H,NTD,1.0
L241H,L,241,H,NTD,1.0
L241H,L,241,H,NTD,1.0
L241H,L,241,H,NTD,1.0
L241H,L,241,H,NTD,1.0
L241H,L,241,H,NTD,1.0
L441R,L,441,R,RBD,3.2
L441R,L,441,R,RBD,2.5
L452K,L,452,K,RBD,1.8
L452K,L,452,K,RBD,0.6
L452K,L,452,K,RBD,0.6
L452K,L,452,K,RBD,0.6
L452K,L,452,K,RBD,0.6
L452K,L,452,K,RBD,0.6
L452K,L,452,K,RBD,0.6
L452K,L,452,K,RBD,0.6
L452K,L,452,K,RBD,0.6
L452K,L,452,K,RBD,0.6
L452K,L,452,K,RBD,0.6
L452K,L,452,K,RBD,0.6
L452K,L,452,K,RBD,0.6
L452K,L,452,K,RBD,0.6
L452K,L,452,K,RBD,0.6
L452K,L,452,K,RBD,0.6
L452K,L,452,K,RBD,0.6
L452K,L,452,K,RBD,0.6
L452K,L,452,K,RBD,2.6
L452K,L,452,K,RBD,2.3
L452K,L,452,K,RBD,2.0
L452K,L,452,K,RBD,1.4
L452K,L,452,K,RBD,0.9
L452K,L,452,K,RBD,0.9
L452K,L,452,K,RBD,0.9
L452K,L,452,K,RBD,0.9
L452K,L,452,K,RBD,0.9
L452K,L,452,K,RBD,0.9
L452K,L,452,K,RBD,0.9
L452K,L,452,K,RBD,0.9
L452K,L,452,K,RBD,0.9
L452K,L,452,K,RBD,0.9
L452K,L,452,K,RBD,0.9
L452K,L,452,K,RBD,0.9
L452K,L,452,K,RBD,0.9
L452K,L,452,K,RBD,0.9
L452R,L,452,R,RBD,1.5
L452R,L,452,R,RBD,8.4
L452R,L,452,R,RBD,3.5
L452R,L,452,R,RBD,1.5
L452R,L,452,R,RBD,2.5
L452R,L,452,R,RBD,3.5
L452R,L,452,R,RBD,2.7
L452R,L,452,R,RBD,2.9
L452R,L,452,R,RBD,1.1
L452R,L,452,R,RBD,2.6
L452R,L,452,R,RBD,3.2
L452R,L,452,R,RBD,3.2
L452R,L,452,R,RBD,2.4
L452R,L,452,R,RBD,1.9
L452R,L,452,R,RBD,4.3
L452R,L,452,R,RBD,4.3
L452R,L,452,R,RBD,1.7
L452R,L,452,R,RBD,1.8
L452R,L,452,R,RBD,3.9
L452R,L,452,R,RBD,15.9
L452R,L,452,R,RBD,2.5
L452R,L,452,R,RBD,3.0
L452R,L,452,R,RBD,2.3
L452R,L,452,R,RBD,1.7
L452R,L,452,R,RBD,3.9
L452R,L,452,R,RBD,2.5
L452R,L,452,R,RBD,1.6
L452R,L,452,R,RBD,1.8
L452R,L,452,R,RBD,2.4
L452R,L,452,R,RBD,1.5
L452R,L,452,R,RBD,0.7
N439K,N,439,K,RBD,1.9
N439K,N,439,K,RBD,1.6
N439K,N,439,K,RBD,1.3
N439K,N,439,K,RBD,2.2
N439K,N,439,K,RBD,4.5
N439K,N,439,K,RBD,2.6
N439K,N,439,K,RBD,3.5
N439K,N,439,K,RBD,9.1
N439K,N,439,K,RBD,3.1
N439K,N,439,K,RBD,17.4
N439K,N,439,K,RBD,0.5
N439K,N,439,K,RBD,1.0
N439K,N,439,K,RBD,1.1
N439K,N,439,K,RBD,1.3
N450D,N,450,D,RBD,3.2
N450D,N,450,D,RBD,2.1
N450K,N,450,K,RBD,0.1
N450K,N,450,K,RBD,0.3
N450K,N,450,K,RBD,1.8
N450K,N,450,K,RBD,2.3
N450K,N,450,K,RBD,1.5
N450K,N,450,K,RBD,2.1
N450K,N,450,K,RBD,1.5
N450K,N,450,K,RBD,1.3
N450K,N,450,K,RBD,1.4
N450K,N,450,K,RBD,1.5
N450K,N,450,K,RBD,1.5
N450Y,N,450,Y,RBD,2.7
N450Y,N,450,Y,RBD,2.1
N501Y,N,501,Y,RBD,3.0
N501Y,N,501,Y,RBD,1.0
N501Y,N,501,Y,RBD,2.7
N501Y,N,501,Y,RBD,2.5
N501Y,N,501,Y,RBD,3.8
N501Y,N,501,Y,RBD,1.8
N501Y,N,501,Y,RBD,2.9
N501Y,N,501,Y,RBD,5.0
N501Y,N,501,Y,RBD,2.7
N501Y,N,501,Y,RBD,1.3
N501Y,N,501,Y,RBD,0.6
N501Y,N,501,Y,RBD,1.8
N501Y,N,501,Y,RBD,0.7
N501Y,N,501,Y,RBD,1.8
N501Y,N,501,Y,RBD,1.3
N501Y,N,501,Y,RBD,0.6
N501Y,N,501,Y,RBD,1.0
N501Y,N,501,Y,RBD,0.5
N501Y,N,501,Y,RBD,1.1
N501Y,N,501,Y,RBD,0.4
N501Y,N,501,Y,RBD,2.0
N501Y,N,501,Y,RBD,0.7
N501Y,N,501,Y,RBD,0.7
N501Y,N,501,Y,RBD,0.7
N501Y,N,501,Y,RBD,0.6
N501Y,N,501,Y,RBD,0.3
N501Y,N,501,Y,RBD,0.5
N501Y,N,501,Y,RBD,1.2
N501Y,N,501,Y,RBD,0.8
N501Y,N,501,Y,RBD,0.7
N501Y,N,501,Y,RBD,1.0
N501Y,N,501,Y,RBD,0.8
N501Y,N,501,Y,RBD,1.4
N501Y,N,501,Y,RBD,0.7
N501Y,N,501,Y,RBD,1.4
N501Y,N,501,Y,RBD,0.5
N501Y,N,501,Y,RBD,0.3
N501Y,N,501,Y,RBD,1.1
N501Y,N,501,Y,RBD,1.2
N501Y,N,501,Y,RBD,0.7
N501Y,N,501,Y,RBD,0.6
N501Y,N,501,Y,RBD,0.4
N501Y,N,501,Y,RBD,0.5
N501Y,N,501,Y,RBD,0.2
N501Y,N,501,Y,RBD,0.5
N501Y,N,501,Y,RBD,0.8
N501Y,N,501,Y,RBD,1.2
N501Y,N,501,Y,RBD,1.0
N501Y,N,501,Y,RBD,4.0
N501Y,N,501,Y,RBD,1.0
N501Y,N,501,Y,RBD,4.0
N501Y,N,501,Y,RBD,1.0
N501Y,N,501,Y,RBD,1.0
N501Y,N,501,Y,RBD,1.0
N501Y,N,501,Y,RBD,1.0
N501Y,N,501,Y,RBD,1.0
N501Y,N,501,Y,RBD,1.0
N501Y,N,501,Y,RBD,1.0
N501Y,N,501,Y,RBD,1.0
N501Y,N,501,Y,RBD,0.5
N501Y,N,501,Y,RBD,1.0
N501Y,N,501,Y,RBD,1.0
N501Y,N,501,Y,RBD,1.0
N501Y,N,501,Y,RBD,1.0
N501Y,N,501,Y,RBD,1.0
N501Y,N,501,Y,RBD,1.0
N501Y,N,501,Y,RBD,1.0
N501Y,N,501,Y,RBD,1.0
N501Y,N,501,Y,RBD,1.0
N501Y,N,501,Y,RBD,1.0
N501Y,N,501,Y,RBD,1.0
N501Y,N,501,Y,RBD,1.0
N501Y,N,501,Y,RBD,1.0
N501Y,N,501,Y,RBD,1.0
N501Y,N,501,Y,RBD,1.0
N501Y,N,501,Y,RBD,1.0
N501Y,N,501,Y,RBD,1.0
N501Y,N,501,Y,RBD,1.0
N501Y,N,501,Y,RBD,1.0
N501Y,N,501,Y,RBD,1.0
N501Y,N,501,Y,RBD,1.0
N501Y,N,501,Y,RBD,1.0
N501Y,N,501,Y,RBD,1.0
N501Y,N,501,Y,RBD,1.0
N501Y,N,501,Y,RBD,1.0
N501Y,N,501,Y,RBD,1.0
N501Y,N,501,Y,RBD,1.0
N501Y,N,501,Y,RBD,1.0
N501Y,N,501,Y,RBD,1.0
N501Y,N,501,Y,RBD,1.0
N501Y,N,501,Y,RBD,1.0
N501Y,N,501,Y,RBD,1.0
N501Y,N,501,Y,RBD,1.0
N501Y,N,501,Y,RBD,1.0
N501Y,N,501,Y,RBD,1.0
N501Y,N,501,Y,RBD,3.3
N501Y,N,501,Y,RBD,3.1
N501Y,N,501,Y,RBD,2.4
N501Y,N,501,Y,RBD,1.2
N501Y,N,501,Y,RBD,1.2
N501Y,N,501,Y,RBD,1.2
N501Y,N,501,Y,RBD,1.2
N501Y,N,501,Y,RBD,1.2
N501Y,N,501,Y,RBD,1.2
N501Y,N,501,Y,RBD,1.2
N501Y,N,501,Y,RBD,1.2
N501Y,N,501,Y,RBD,1.2
N501Y,N,501,Y,RBD,1.2
N501Y,N,501,Y,RBD,1.2
N501Y,N,501,Y,RBD,1.2
N501Y,N,501,Y,RBD,1.2
N501Y,N,501,Y,RBD,1.2
N501Y,N,501,Y,RBD,1.2
N501Y,N,501,Y,RBD,2.0
N501Y,N,501,Y,RBD,1.2
N501Y,N,501,Y,RBD,1.2
N501Y,N,501,Y,RBD,1.2
N501Y,N,501,Y,RBD,1.2
N501Y,N,501,Y,RBD,1.2
N501Y,N,501,Y,RBD,1.2
N501Y,N,501,Y,RBD,1.2
N501Y,N,501,Y,RBD,1.2
N501Y,N,501,Y,RBD,1.2
N501Y,N,501,Y,RBD,1.2
N501Y,N,501,Y,RBD,1.2
N501Y,N,501,Y,RBD,1.2
N501Y,N,501,Y,RBD,1.2
N501Y,N,501,Y,RBD,1.2
N501Y,N,501,Y,RBD,1.2
N501Y,N,501,Y,RBD,1.2
N501Y,N,501,Y,RBD,1.2
N501Y,N,501,Y,RBD,3.2
N501Y,N,501,Y,RBD,1.0
N501Y,N,501,Y,RBD,1.2
N501Y,N,501,Y,RBD,2.4
N501Y,N,501,Y,RBD,4.8
N501Y,N,501,Y,RBD,3.6
N501Y,N,501,Y,RBD,1.4
N501Y,N,501,Y,RBD,0.9
N501Y,N,501,Y,RBD,1.1
N501Y,N,501,Y,RBD,3.0
N501Y,N,501,Y,RBD,0.7
N501Y,N,501,Y,RBD,2.2
N501Y,N,501,Y,RBD,2.5
N501Y,N,501,Y,RBD,3.5
N501Y,N,501,Y,RBD,1.5
N501Y,N,501,Y,RBD,0.9
N501Y,N,501,Y,RBD,0.6
N501Y,N,501,Y,RBD,0.3
N501Y,N,501,Y,RBD,0.3
N501Y,N,501,Y,RBD,0.4
N501Y,N,501,Y,RBD,1.3
N501Y,N,501,Y,RBD,0.7
N501Y,N,501,Y,RBD,0.7
N501Y,N,501,Y,RBD,1.1
N501Y,N,501,Y,RBD,0.7
N501Y,N,501,Y,RBD,1.0
N501Y,N,501,Y,RBD,0.4
N501Y,N,501,Y,RBD,0.5
N501Y,N,501,Y,RBD,0.6
N501Y,N,501,Y,RBD,0.9
N501Y,N,501,Y,RBD,0.7
N501Y,N,501,Y,RBD,0.9
N501Y,N,501,Y,RBD,1.6
N501Y,N,501,Y,RBD,2.3
N501Y,N,501,Y,RBD,0.5
N501Y,N,501,Y,RBD,1.0
N501Y,N,501,Y,RBD,1.1
N501Y,N,501,Y,RBD,3.6
N501Y,N,501,Y,RBD,1.0
N501Y,N,501,Y,RBD,2.4
N501Y,N,501,Y,RBD,0.7
N501Y,N,501,Y,RBD,0.8
N501Y,N,501,Y,RBD,2.0
N501Y,N,501,Y,RBD,2.1
N501Y,N,501,Y,RBD,3.1
N501Y,N,501,Y,RBD,1.3
N501Y,N,501,Y,RBD,1.7
N501Y,N,501,Y,RBD,1.3
N501Y,N,501,Y,RBD,1.5
N501Y,N,501,Y,RBD,1.0
N501Y,N,501,Y,RBD,1.3
N501Y,N,501,Y,RBD,0.7
N501Y,N,501,Y,RBD,1.0
N501Y,N,501,Y,RBD,0.8
N501Y,N,501,Y,RBD,0.8
N501Y,N,501,Y,RBD,0.8
N501Y,N,501,Y,RBD,0.8
N501Y,N,501,Y,RBD,0.9
N501Y,N,501,Y,RBD,0.8
N501Y,N,501,Y,RBD,1.1
N501Y,N,501,Y,RBD,0.8
N501Y,N,501,Y,RBD,0.6
N501Y,N,501,Y,RBD,0.7
N501Y,N,501,Y,RBD,0.7
N501Y,N,501,Y,RBD,1.0
N501Y,N,501,Y,RBD,0.7
N501Y,N,501,Y,RBD,0.6
N501Y,N,501,Y,RBD,1.0
N501Y,N,501,Y,RBD,0.9
N501Y,N,501,Y,RBD,1.0
N501Y,N,501,Y,RBD,0.8
N501Y,N,501,Y,RBD,0.7
N501Y,N,501,Y,RBD,0.7
N501Y,N,501,Y,RBD,1.0
N501Y,N,501,Y,RBD,0.8
N501Y,N,501,Y,RBD,1.0
N501Y,N,501,Y,RBD,1.7
N501Y,N,501,Y,RBD,3.3
N501Y,N,501,Y,RBD,1.6
N501Y,N,501,Y,RBD,1.6
N501Y,N,501,Y,RBD,1.7
N501Y,N,501,Y,RBD,1.9
N501Y,N,501,Y,RBD,0.9
N501Y,N,501,Y,RBD,1.3
N501Y,N,501,Y,RBD,1.3
N501Y,N,501,Y,RBD,1.3
P384A,P,384,A,RBD,0.9
P384A,P,384,A,RBD,0.9
P384A,P,384,A,RBD,0.9
P384A,P,384,A,RBD,0.9
P384A,P,384,A,RBD,0.9
P384A,P,384,A,RBD,0.9
P384A,P,384,A,RBD,0.9
P384A,P,384,A,RBD,0.9
P384A,P,384,A,RBD,0.9
P384A,P,384,A,RBD,0.9
P384A,P,384,A,RBD,0.9
P384A,P,384,A,RBD,0.9
P384A,P,384,A,RBD,0.9
P384A,P,384,A,RBD,0.9
P384A,P,384,A,RBD,0.9
P384A,P,384,A,RBD,0.9
P384A,P,384,A,RBD,0.9
P384A,P,384,A,RBD,0.9
P384A,P,384,A,RBD,0.9
P384A,P,384,A,RBD,0.9
P384A,P,384,A,RBD,0.9
P384A,P,384,A,RBD,0.9
P384A,P,384,A,RBD,0.9
P384A,P,384,A,RBD,0.9
P384A,P,384,A,RBD,0.9
P384A,P,384,A,RBD,0.9
P384A,P,384,A,RBD,0.9
P384A,P,384,A,RBD,0.9
P384A,P,384,A,RBD,0.9
P384A,P,384,A,RBD,0.9
P384A,P,384,A,RBD,0.9
P384A,P,384,A,RBD,0.9
P384A,P,384,A,RBD,0.9
P384A,P,384,A,RBD,0.9
P384A,P,384,A,RBD,0.9
P384A,P,384,A,RBD,0.9
P384L,P,384,L,RBD,1.5
P384L,P,384,L,RBD,1.0
P384L,P,384,L,RBD,0.9
P384L,P,384,L,RBD,1.1
P384R,P,384,R,RBD,1.1
P384R,P,384,R,RBD,0.9
P384R,P,384,R,RBD,1.2
P384R,P,384,R,RBD,1.1
P384R,P,384,R,RBD,1.3
P384R,P,384,R,RBD,1.3
P499L,P,499,L,RBD,0.1
P499L,P,499,L,RBD,0.2
P681H,P,681,H,CTD,1.8
P681H,P,681,H,CTD,1.5
P681H,P,681,H,CTD,1.6
P681H,P,681,H,CTD,0.9
P681H,P,681,H,CTD,1.9
P681H,P,681,H,CTD,2.3
P681H,P,681,H,CTD,1.0
P681H,P,681,H,CTD,1.7
P681H,P,681,H,CTD,1.0
P681H,P,681,H,CTD,0.8
P681H,P,681,H,CTD,2.6
P681H,P,681,H,CTD,1.5
P681H,P,681,H,CTD,4.1
P681H,P,681,H,CTD,0.9
P681H,P,681,H,CTD,1.4
P681H,P,681,H,CTD,1.3
P681H,P,681,H,CTD,1.8
P681H,P,681,H,CTD,1.3
P681H,P,681,H,CTD,1.9
P681H,P,681,H,CTD,1.0
P681R,P,681,R,CTD,1.0
Q675H,Q,675,H,CTD,1.6
Q675H,Q,675,H,CTD,0.9
Q675H,Q,675,H,CTD,1.2
Q675H,Q,675,H,CTD,1.6
Q675H,Q,675,H,CTD,1.3
Q675H,Q,675,H,CTD,1.0
Q675H,Q,675,H,CTD,1.2
Q675H,Q,675,H,CTD,1.0
Q675H,Q,675,H,CTD,0.9
Q675H,Q,675,H,CTD,1.0
Q675H,Q,675,H,CTD,0.8
Q675H,Q,675,H,CTD,0.7
R246I,R,246,I,NTD,1.0
R246I,R,246,I,NTD,1.0
R246I,R,246,I,NTD,1.0
R246I,R,246,I,NTD,1.0
R246I,R,246,I,NTD,1.0
R246I,R,246,I,NTD,4.0
R246I,R,246,I,NTD,1.0
R246I,R,246,I,NTD,1.0
R246I,R,246,I,NTD,1.0
R246I,R,246,I,NTD,1.0
R246I,R,246,I,NTD,1.0
R246I,R,246,I,NTD,1.0
R246I,R,246,I,NTD,1.0
R246I,R,246,I,NTD,1.0
R246I,R,246,I,NTD,1.0
R246I,R,246,I,NTD,1.0
R246I,R,246,I,NTD,1.0
R246I,R,246,I,NTD,1.0
R246I,R,246,I,NTD,0.7
R246I,R,246,I,NTD,1.2
R246I,R,246,I,NTD,0.8
R246I,R,246,I,NTD,0.8
R246I,R,246,I,NTD,1.8
R246I,R,246,I,NTD,4.0
R246I,R,246,I,NTD,1.4
R246I,R,246,I,NTD,1.1
R246I,R,246,I,NTD,0.9
R246I,R,246,I,NTD,0.8
R246I,R,246,I,NTD,4.9
R246I,R,246,I,NTD,1.1
R246I,R,246,I,NTD,2.1
R246I,R,246,I,NTD,1.0
R246I,R,246,I,NTD,1.2
R246I,R,246,I,NTD,1.3
R246I,R,246,I,NTD,1.8
R246I,R,246,I,NTD,1.1
R246I,R,246,I,NTD,1.8
R246I,R,246,I,NTD,0.7
R346G,R,346,G,RBD,0.1
R346G,R,346,G,RBD,0.4
R346S,R,346,S,RBD,1.4
R346S,R,346,S,RBD,3.3
R346S,R,346,S,RBD,1.7
R346S,R,346,S,RBD,2.0
R346S,R,346,S,RBD,1.2
R346S,R,346,S,RBD,2.5
R346S,R,346,S,RBD,1.8
R346S,R,346,S,RBD,1.8
R346S,R,346,S,RBD,1.7
S477G,S,477,G,RBD,4.9
S477G,S,477,G,RBD,3.2
S477N,S,477,N,RBD,2.4
S477N,S,477,N,RBD,1.1
S477N,S,477,N,RBD,1.9
S477N,S,477,N,RBD,2.5
S477N,S,477,N,RBD,2.1
S477N,S,477,N,RBD,0.5
S477N,S,477,N,RBD,1.3
S477N,S,477,N,RBD,2.9
S477N,S,477,N,RBD,1.6
S477N,S,477,N,RBD,0.6
S477N,S,477,N,RBD,0.8
S477N,S,477,N,RBD,0.8
S477N,S,477,N,RBD,1.0
S477N,S,477,N,RBD,0.3
S477N,S,477,N,RBD,0.4
S477N,S,477,N,RBD,0.8
S477N,S,477,N,RBD,0.3
S477N,S,477,N,RBD,1.1
S477N,S,477,N,RBD,1.4
S477N,S,477,N,RBD,0.8
S477N,S,477,N,RBD,1.1
S477N,S,477,N,RBD,1.4
S477N,S,477,N,RBD,1.1
S477N,S,477,N,RBD,1.3
S477N,S,477,N,RBD,1.5
S477N,S,477,N,RBD,1.4
S477N,S,477,N,RBD,1.5
S477N,S,477,N,RBD,1.6
S477N,S,477,N,RBD,1.5
S477N,S,477,N,RBD,1.7
S477N,S,477,N,RBD,1.4
S477N,S,477,N,RBD,1.5
S477N,S,477,N,RBD,1.2
S477N,S,477,N,RBD,1.1
S477N,S,477,N,RBD,0.9
S477N,S,477,N,RBD,1.1
S477N,S,477,N,RBD,0.7
S477N,S,477,N,RBD,1.7
S477N,S,477,N,RBD,0.9
S477N,S,477,N,RBD,1.0
S477N,S,477,N,RBD,1.0
S477R,S,477,R,RBD,0.1
S477R,S,477,R,RBD,0.2
S494D,S,494,D,RBD,1.8
S494D,S,494,D,RBD,2.6
S494D,S,494,D,RBD,2.6
S494D,S,494,D,RBD,5.6
S494D,S,494,D,RBD,1.2
S494D,S,494,D,RBD,1.2
S494D,S,494,D,RBD,1.2
S494D,S,494,D,RBD,1.2
S494D,S,494,D,RBD,1.2
S494D,S,494,D,RBD,1.2
S494D,S,494,D,RBD,1.2
S494D,S,494,D,RBD,1.2
S494D,S,494,D,RBD,1.2
S494D,S,494,D,RBD,1.2
S494D,S,494,D,RBD,1.2
S494D,S,494,D,RBD,1.2
S494D,S,494,D,RBD,1.2
S494D,S,494,D,RBD,1.2
S494D,S,494,D,RBD,7.4
S494D,S,494,D,RBD,7.4
S494D,S,494,D,RBD,4.9
S494D,S,494,D,RBD,4.3
S494D,S,494,D,RBD,3.7
S494D,S,494,D,RBD,3.1
S494D,S,494,D,RBD,2.9
S494D,S,494,D,RBD,2.3
S494D,S,494,D,RBD,2.3
S494D,S,494,D,RBD,2.3
S494D,S,494,D,RBD,2.3
S494D,S,494,D,RBD,2.3
S494D,S,494,D,RBD,2.3
S494D,S,494,D,RBD,2.3
S494D,S,494,D,RBD,2.3
S494D,S,494,D,RBD,2.3
S494D,S,494,D,RBD,2.3
S494D,S,494,D,RBD,2.3
S494P,S,494,P,RBD,10.4
S494P,S,494,P,RBD,4.0
S494P,S,494,P,RBD,4.0
S494P,S,494,P,RBD,3.3
S494P,S,494,P,RBD,4.4
S494P,S,494,P,RBD,2.0
S494P,S,494,P,RBD,2.8
S494P,S,494,P,RBD,2.1
S494P,S,494,P,RBD,2.3
S494P,S,494,P,RBD,2.6
S494P,S,494,P,RBD,2.6
S494P,S,494,P,RBD,2.6
S494P,S,494,P,RBD,1.8
S494P,S,494,P,RBD,3.1
S494P,S,494,P,RBD,1.4
S494P,S,494,P,RBD,0.2
S494P,S,494,P,RBD,0.7
S982A,S,982,A,S2,5.0
S982A,S,982,A,S2,9.3
S982A,S,982,A,S2,0.8
S982A,S,982,A,S2,1.5
S982A,S,982,A,S2,2.5
S982A,S,982,A,S2,2.8
S982A,S,982,A,S2,1.0
S982A,S,982,A,S2,3.0
S982A,S,982,A,S2,0.8
S982A,S,982,A,S2,0.9
S982A,S,982,A,S2,2.2
S982A,S,982,A,S2,2.7
S982A,S,982,A,S2,3.7
S982A,S,982,A,S2,1.4
S982A,S,982,A,S2,1.4
S982A,S,982,A,S2,1.1
S982A,S,982,A,S2,2.0
S982A,S,982,A,S2,0.8
S982A,S,982,A,S2,2.4
S982A,S,982,A,S2,1.7
T345A,T,345,A,RBD,2.3
T345A,T,345,A,RBD,2.1
T345N,T,345,N,RBD,2.4
T345N,T,345,N,RBD,2.2
T345S,T,345,S,RBD,3.0
T345S,T,345,S,RBD,2.0
T478I,T,478,I,RBD,2.4
T478I,T,478,I,RBD,1.9
T716I,T,716,I,S2,1.1
T716I,T,716,I,S2,0.8
T716I,T,716,I,S2,0.5
T716I,T,716,I,S2,0.5
T716I,T,716,I,S2,0.6
T716I,T,716,I,S2,3.7
T716I,T,716,I,S2,1.4
T716I,T,716,I,S2,2.5
T716I,T,716,I,S2,1.1
T716I,T,716,I,S2,1.0
T716I,T,716,I,S2,2.8
T716I,T,716,I,S2,1.4
T716I,T,716,I,S2,6.4
T716I,T,716,I,S2,1.0
T716I,T,716,I,S2,2.0
T716I,T,716,I,S2,1.9
T716I,T,716,I,S2,2.3
T716I,T,716,I,S2,2.0
T716I,T,716,I,S2,1.8
T716I,T,716,I,S2,1.4
Y453F,Y,453,F,RBD,3.1
Y453F,Y,453,F,RBD,1.6
Y453F,Y,453,F,RBD,1.2
Y453F,Y,453,F,RBD,1.9
Y453F,Y,453,F,RBD,1.5
Y453F,Y,453,F,RBD,3.0
Y453F,Y,453,F,RBD,4.9
Y453F,Y,453,F,RBD,0.7
Y453F,Y,453,F,RBD,1.3
Y453F,Y,453,F,RBD,2.3
Y453F,Y,453,F,RBD,4.2
Y453F,Y,453,F,RBD,4.8
Y453F,Y,453,F,RBD,1.9
Y453F,Y,453,F,RBD,1.3
Y453F,Y,453,F,RBD,1.1
