variant,vaccine,vaccine_type,RefAA,Position,AA,Domain,median_fold,samples,S,I,R
141-145∆,BNT162b2,mRNA,Y,145,del,NTD,1.2,11,11,0,0
141-145∆,mRNA-1273,mRNA,Y,145,del,NTD,1.2,12,12,0,0
242-244∆,BNT162b2,mRNA,LAL,242,del,NTD,1,30,30,0,0
242-244∆,mRNA-1273,mRNA,LAL,242,del,NTD,1.6,12,11,1,0
244-247∆,BNT162b2,mRNA,LHRS,244,del,NTD,2.8,1,1,0,0
69-70∆,BNT162b2,mRNA,HV,69,del,NTD,1,10,10,0,0
69-70∆,mRNA-1273,mRNA,HV,69,del,NTD,0.7,23,23,0,0
A348T,BNT162b2,mRNA,A,348,T,RBD,1.1,1,1,0,0
A435S,BNT162b2,mRNA,A,435,S,RBD,1.3,1,1,0,0
A475V,BNT162b2,mRNA,A,475,V,RBD,1.2,4,4,0,0
A475V,mRNA-1273,mRNA,A,475,V,RBD,0.9,11,11,0,0
A570D,BNT162b2,mRNA,A,570,D,CTD,0.8,10,10,0,0
A570D,mRNA-1273,mRNA,A,570,D,CTD,0.6,12,12,0,0
A701V,BNT162b2,mRNA,A,701,V,S2,1.4,10,10,0,0
A701V,mRNA-1273,mRNA,A,701,V,S2,1.3,12,12,0,0
D1118H,BNT162b2,mRNA,D,1118,H,S2,1.3,10,10,0,0
D1118H,mRNA-1273,mRNA,D,1118,H,S2,1.1,12,12,0,0
D215G,BNT162b2,mRNA,D,215,G,NTD,1.2,10,10,0,0
D215G,mRNA-1273,mRNA,D,215,G,NTD,1,12,12,0,0
D80A,BNT162b2,mRNA,D,80,A,NTD,1,10,10,0,0
D80A,mRNA-1273,mRNA,D,80,A,NTD,0.8,12,12,0,0
E484G,BNT162b2,mRNA,E,484,G,RBD,1.8,1,1,0,0
E484K,BNT162b2,mRNA,E,484,K,RBD,3.3,44,16,24,4
E484K,Sputnik V,Viral vector,E,484,K,RBD,2.9,12,7,4,1
E484K,mRNA-1273,mRNA,E,484,K,RBD,2.3,29,19,10,0
E484P,mRNA-1273,mRNA,E,484,P,RBD,5.9,6,0,6,0
E484Q,BNT162b2,mRNA,E,484,Q,RBD,3.9,10,5,2,3
F456A,mRNA-1273,mRNA,F,456,A,RBD,5.3,6,1,5,0
F490L,BNT162b2,mRNA,F,490,L,RBD,1.2,1,1,0,0
G446V,mRNA-1273,mRNA,G,446,V,RBD,1.4,6,6,0,0
G476S,BNT162b2,mRNA,G,476,S,RBD,0.9,1,1,0,0
H519P,BNT162b2,mRNA,H,519,P,RBD,1.8,1,1,0,0
I472V,BNT162b2,mRNA,I,472,V,RBD,0.7,1,1,0,0
K378R,BNT162b2,mRNA,K,378,R,RBD,1.1,1,1,0,0
K417N,BNT162b2,mRNA,K,417,N,RBD,1,48,46,2,0
K417N,mRNA-1273,mRNA,K,417,N,RBD,0.8,29,29,0,0
K458R,BNT162b2,mRNA,K,458,R,RBD,1.3,1,1,0,0
L18F,BNT162b2,mRNA,L,18,F,NTD,0.9,10,10,0,0
L18F,mRNA-1273,mRNA,L,18,F,NTD,1,12,12,0,0
L452R,BNT162b2,mRNA,L,452,R,RBD,2.3,10,5,5,0
L452R,mRNA-1273,mRNA,L,452,R,RBD,2.3,6,5,1,0
N354D,BNT162b2,mRNA,N,354,D,RBD,0.8,1,1,0,0
N439K,BNT162b2,mRNA,N,439,K,RBD,0.8,4,4,0,0
N439K,mRNA-1273,mRNA,N,439,K,RBD,0.9,22,22,0,0
N440K,BNT162b2,mRNA,N,440,K,RBD,0.6,4,4,0,0
N440K,mRNA-1273,mRNA,N,440,K,RBD,1,11,11,0,0
N501Y,BNT162b2,mRNA,N,501,Y,RBD,1,69,69,0,0
N501Y,mRNA-1273,mRNA,N,501,Y,RBD,0.9,56,56,0,0
P384R,mRNA-1273,mRNA,P,384,R,RBD,1.4,6,6,0,0
P681H,BNT162b2,mRNA,P,681,H,CTD,1.1,10,10,0,0
P681H,mRNA-1273,mRNA,P,681,H,CTD,1,12,12,0,0
Q321L,BNT162b2,mRNA,Q,321,L,RBD,0.6,1,1,0,0
Q409E,BNT162b2,mRNA,Q,409,E,RBD,1,1,1,0,0
R246I,BNT162b2,mRNA,R,246,I,NTD,1,10,9,1,0
R246I,mRNA-1273,mRNA,R,246,I,NTD,1.3,12,12,0,0
R346S,BNT162b2,mRNA,R,346,S,RBD,1.1,4,4,0,0
R346S,mRNA-1273,mRNA,R,346,S,RBD,1.2,11,11,0,0
R408I,BNT162b2,mRNA,R,408,I,RBD,2,1,1,0,0
S359N,BNT162b2,mRNA,S,359,N,RBD,1.5,1,1,0,0
S477N,BNT162b2,mRNA,S,477,N,RBD,1.2,5,5,0,0
S477R,BNT162b2,mRNA,S,477,R,RBD,0.8,4,4,0,0
S477R,mRNA-1273,mRNA,S,477,R,RBD,0.8,11,11,0,0
S982A,BNT162b2,mRNA,S,982,A,S2,1.5,15,15,0,0
S982A,mRNA-1273,mRNA,S,982,A,S2,1.7,12,12,0,0
T716I,BNT162b2,mRNA,T,716,I,S2,0.9,10,10,0,0
T716I,mRNA-1273,mRNA,T,716,I,S2,0.8,12,12,0,0
V341I,BNT162b2,mRNA,V,341,I,RBD,0.5,1,1,0,0
V367F,BNT162b2,mRNA,V,367,F,RBD,2.6,1,1,0,0
V483A,BNT162b2,mRNA,V,483,A,RBD,1.3,1,1,0,0
Y453F,BNT162b2,mRNA,Y,453,F,RBD,0.6,4,4,0,0
Y453F,mRNA-1273,mRNA,Y,453,F,RBD,0.8,11,11,0,0
Y508H,BNT162b2,mRNA,Y,508,H,RBD,0.7,1,1,0,0
