variant,nickname,vaccine,vaccine_type,median_fold,samples,S,I,R
"141-145∆,E484G",,BNT162b2,mRNA,5.4,1,0,1,0
"141-145∆,F490L",,BNT162b2,mRNA,3.2,1,0,1,0
"145-146∆,E484K",,BNT162b2,mRNA,2.8,12,6,6,0
"145-146∆,E484K",,mRNA-1273,mRNA,3.2,6,1,5,0
"244-247∆,E484G",,BNT162b2,mRNA,3.2,1,0,1,0
"244-247∆,F490L",,BNT162b2,mRNA,2.7,1,1,0,0
"69-70∆,141-145∆,141-145∆,N501Y,A570D,P681H,T716I,S982A,D1118H",hCoV-19/Italy/TUS-Siena2/202,BNT162b2,mRNA,1,60,60,0,0
"69-70∆,141-145∆,E484K,N501Y,A570D,P681H,T716I,S982A,D1118H",B.1.1.7 + 484 (variation),BNT162b2,mRNA,3,78,38,27,13
"69-70∆,141-145∆,E484K,N501Y,A570D,P681H,T716I,S982A,D1118H",B.1.1.7 + 484 (variation),mRNA-1273,mRNA,3.8,48,14,31,3
"69-70∆,141-145∆,E484K,S494P,N501Y,A570D,P681H,T716I,S982A,D1118H",B.1.1.7 + 484K+494 (variation),CoronaVac,Inactivated virus,1.7,20,20,0,0
"69-70∆,141-145∆,E484K,S494P,N501Y,A570D,P681H,T716I,S982A,D1118H",B.1.1.7 + 484K+494 (variation),ZF2001,Protein subunit,1.7,10,10,0,0
"69-70∆,141-145∆,N439K,N501Y,A570D,P681H,A684V,T716I,S982A,C1032S,D1118H",B.1.1.7_MZ427280,BNT162b2,mRNA,1,9,8,1,0
"69-70∆,141-145∆,N439K,N501Y,A570D,P681H,A684V,T716I,S982A,C1032S,D1118H",B.1.1.7_MZ427280,mRNA-1273,mRNA,1,20,18,2,0
"69-70∆,141-145∆,N501Y,A570D,P681H,T716I,A831V,S982A,D1118H",SARS-CoV-2/human/FIN/87HEL-VE6-H10/202,BNT162b2,mRNA,1,356,349,7,0
"69-70∆,141-145∆,N501Y,A570D,P681H,T716I,S982A",,BNT162b2,mRNA,1.6,64,51,13,0
"69-70∆,141-145∆,N501Y,A570D,P681H,T716I,S982A,D1118H",B.1.1.7 :-144del+145de (variation),AZD1222,Viral vector,4.2,229,57,149,23
"69-70∆,141-145∆,N501Y,A570D,P681H,T716I,S982A,D1118H",B.1.1.7 :-144del+145de (variation),Ad26.COV2.S,Viral vector,1.1,100,86,13,1
"69-70∆,141-145∆,N501Y,A570D,P681H,T716I,S982A,D1118H",B.1.1.7 :-144del+145de (variation),BBIBP-CorV,Inactivated virus,0.7,25,22,3,0
"69-70∆,141-145∆,N501Y,A570D,P681H,T716I,S982A,D1118H",B.1.1.7 :-144del+145de (variation),BBV152,Inactivated virus,1.2,66,65,1,0
"69-70∆,141-145∆,N501Y,A570D,P681H,T716I,S982A,D1118H",B.1.1.7 :-144del+145de (variation),BNT162b2,mRNA,1.7,1562,1212,287,63
"69-70∆,141-145∆,N501Y,A570D,P681H,T716I,S982A,D1118H",B.1.1.7 :-144del+145de (variation),ChAd-SARS-CoV-2,Viral vector,1.2,24,23,1,0
"69-70∆,141-145∆,N501Y,A570D,P681H,T716I,S982A,D1118H",B.1.1.7 :-144del+145de (variation),CoronaVac,Inactivated virus,1.9,100,67,30,3
"69-70∆,141-145∆,N501Y,A570D,P681H,T716I,S982A,D1118H",B.1.1.7 :-144del+145de (variation),MVC-COV1901,Protein subunit,1.7,45,41,4,0
"69-70∆,141-145∆,N501Y,A570D,P681H,T716I,S982A,D1118H",B.1.1.7 :-144del+145de (variation),NVX-CoV2373,Protein subunit,2.2,28,20,7,1
"69-70∆,141-145∆,N501Y,A570D,P681H,T716I,S982A,D1118H",B.1.1.7 :-144del+145de (variation),Sputnik V,Viral vector,1,12,8,3,0
"69-70∆,141-145∆,N501Y,A570D,P681H,T716I,S982A,D1118H",B.1.1.7 :-144del+145de (variation),mRNA-1273,mRNA,1.5,395,346,47,2
"69-70∆,N501Y",Alpha (variation),BNT162b2,mRNA,0.8,20,20,0,0
"69-70∆,N501Y",Alpha (variation),mRNA-1273,mRNA,0.7,11,11,0,0
"69-70∆,N501Y,A570D",Alpha (variation),BNT162b2,mRNA,0.5,18,18,0,0
"69-70∆,N501Y,P681H",Alpha (variation),mRNA-1273,mRNA,1.4,8,8,0,0
"69-70∆,Y453F",,mRNA-1273,mRNA,1,11,11,0,0
"A27S,P681H",B.1.1.50,BNT162b2,mRNA,1.7,18,18,0,0
"D80A,242-244∆,R246I,K417N,E484K,N501Y,A701V",WA1+ 80A+242del+243del+244del+246I+417N+484K+501Y+614G+701 (variation),BNT162b2,mRNA,3.7,111,40,38,33
"D80A,242-244∆,R246I,K417N,E484K,N501Y,A701V",WA1+ 80A+242del+243del+244del+246I+417N+484K+501Y+614G+701 (variation),mRNA-1273,mRNA,19,35,0,0,35
"D80A,D215G,242-244∆,K417N,E484K,N501Y,A701V",B.1.351_MZ46800,Ad26.COV2.S,Viral vector,3,8,4,3,1
"D80A,D215G,242-244∆,K417N,E484K,N501Y,A701V",B.1.351_MZ46800,BNT162b2,mRNA,11,94,4,25,65
"D80A,D215G,242-244∆,K417N,E484K,N501Y,A701V",B.1.351_MZ46800,Sputnik V,Viral vector,0.9,12,10,1,0
"D80A,D215G,242-244∆,K417N,E484K,N501Y,A701V",B.1.351_MZ46800,mRNA-1273,mRNA,11,83,6,34,43
"D80A,D215G,242-244∆,K417N,E484K,N501Y,A701V,Q836L",B.1.351_MW822592,BNT162b2,mRNA,6,12,3,8,1
"D80A,D215G,242-244∆,K417N,E484K,N501Y,A701V,Q836L",B.1.351_MW822592,mRNA-1273,mRNA,4,16,5,8,3
"D80A,D215G,K417N,E484K,N501Y,A701V",B.1.351 :-18F-242del-243del-244del-246 (variation),BBV152,Inactivated virus,2.5,17,9,7,1
"D80A,D215G,K417N,E484K,N501Y,A701V",B.1.351 :-18F-242del-243del-244del-246 (variation),BNT162b2,mRNA,4.5,34,10,18,6
"D80A,D215G,K417N,E484K,N501Y,A701V",B.1.351 :-18F-242del-243del-244del-246 (variation),mRNA-1273,mRNA,3.4,8,1,7,0
"D80G,141-145∆,F157S,L452R,T791I,T859N,D950H",B.1.526_MZ46732,mRNA-1273,mRNA,2.8,32,17,14,1
"D80Y,141-145∆,210∆,D215G,244-247∆,L249M,W258L,R346K,T478R,E484K,H655Y,P681H,Q957H",A.VOI.V,mRNA-1273,mRNA,8,8,0,6,2
"E154K,L452R,E484Q,P681R,D950N,E1072K,K1073R",B.1.617  v,Ad26.COV2.S,Viral vector,1.3,8,7,1,0
"E156G,157-158∆,A222V,L452R,T478K,P681R,D950D",B.1.617.2_173101,BNT162b2,mRNA,5.6,502,139,222,141
"E484K,N501T",B.1_MZ46798,mRNA-1273,mRNA,4.8,32,6,23,3
"E484K,N501Y",WA1+ 484K+501Y+614 (variation),BNT162b2,mRNA,2.0,54,34,19,1
"E484K,N501Y",WA1+ 484K+501Y+614 (variation),ChAd-SARS-CoV-2,Viral vector,4.6,24,11,5,8
"E484K,V1176F",P.,Ad26.COV2.S,Viral vector,2.1,8,7,1,0
"E484K,V1176F",P.,BBV152,Inactivated virus,1.7,42,32,10,0
"E484K,V1176F",P.,BNT162b2,mRNA,5.8,42,3,35,4
"E484K,V1176F",P.,mRNA-1273,mRNA,2.9,51,39,9,3
"F157L,V367F,Q613H,P681R",A.23.,mRNA-1273,mRNA,1.1,8,8,0,0
"F59Y,P384L,P812S",SARS-CoV-2/human/FIN/SR121-VE6-H10/202,BNT162b2,mRNA,1,170,168,2,0
"G142D,E154K,L452R,E484Q,P681R,Q1071H,H1101D",hCoV-19/South Korea/KDCA2950/202,AZD1222,Viral vector,5.7,33,0,33,0
"G142D,E154K,L452R,E484Q,P681R,Q1071H,H1101D",hCoV-19/South Korea/KDCA2950/202,BNT162b2,mRNA,3.8,62,12,49,1
"G142D,E154K,L452R,E484Q,P681R,Q1071H,H1101D",hCoV-19/South Korea/KDCA2950/202,mRNA-1273,mRNA,5.5,23,2,18,3
"G142D,E154K,V382L,L452R,E484Q,P681R,Q1106H",B.1.617.1 :+382L-1071H-1101D+1106,CoronaVac,Inactivated virus,2.5,20,14,6,0
"G142D,E154K,V382L,L452R,E484Q,P681R,Q1106H",B.1.617.1 :+382L-1071H-1101D+1106,ZF2001,Protein subunit,3.1,10,5,5,0
"G75V,T76I",,BNT162b2,mRNA,1,48,48,0,0
"G75V,T76I",,mRNA-1273,mRNA,1,12,12,0,0
"G75V,T76I,247-253∆,L452Q,F490S,M869N",C.3,Ad26.COV2.S,Viral vector,4.1,8,3,4,1
"G75V,T76I,247-253∆,L452Q,F490S,M869N",C.3,BNT162b2,mRNA,3.1,39,16,22,1
"G75V,T76I,247-253∆,L452Q,F490S,M869N",C.3,CoronaVac,Inactivated virus,2.7,75,41,31,3
"G75V,T76I,247-253∆,L452Q,F490S,M869N",C.3,mRNA-1273,mRNA,3.1,20,9,11,0
"G75V,T76I,L452Q,F490S,T859N",,BNT162b2,mRNA,1.2,18,17,1,0
"G75V,T76I,R246N,247-253∆,L452Q,F490S,T859N",,BNT162b2,mRNA,1.6,18,18,0,0
"H49Y,145-146∆,E484K",B.1.61,BNT162b2,mRNA,1.7,20,19,1,0
"K417N,E484K",Beta (variation),BNT162b2,mRNA,5.8,10,0,10,0
"K417N,E484K,N501Y",B.1.351 RB,AZD1222,Viral vector,5,25,7,13,5
"K417N,E484K,N501Y",B.1.351 RB,BNT162b2,mRNA,2,34,22,12,0
"K417N,E484K,N501Y",B.1.351 RB,ChAd-SARS-CoV-2,Viral vector,8.1,24,6,9,9
"K417N,E484K,N501Y",B.1.351 RB,mRNA-1273,mRNA,2.2,19,19,0,0
"K417N,G446V,E484K",,mRNA-1273,mRNA,4.8,6,0,5,1
"K417N,N501Y",Beta (variation),BNT162b2,mRNA,3.6,10,0,10,0
"L18F,A222V,L452R,N501Y,A653V,H655Y,D796Y,G1219V",A.27.RN,BNT162b2,mRNA,2.5,6,5,1,0
"L18F,D80A,D215G,242-244∆,K417N,E484K,N501Y,A701V",B.1.351 :-246 (variation),Ad26.COV2.S,Viral vector,5.2,109,34,34,41
"L18F,D80A,D215G,242-244∆,K417N,E484K,N501Y,A701V",B.1.351 :-246 (variation),BNT162b2,mRNA,3.7,131,50,43,38
"L18F,D80A,D215G,242-244∆,K417N,E484K,N501Y,A701V",B.1.351 :-246 (variation),mRNA-1273,mRNA,21,43,0,8,35
"L18F,D80A,D215G,242-244∆,K417N,E484K,N501Y,A701V,S943P",hCoV-19/Italy/TUS-Siena7/202,BNT162b2,mRNA,1.1,60,60,0,0
"L18F,D80A,D215G,242-244∆,K417N,E484K,N501Y,Q677H,R682W,A701V",B.1.351_MZ20231,mRNA-1273,mRNA,6.2,32,5,22,5
"L18F,D80A,D215G,242-244∆,R246I,K417N,E484K,N501Y,A701V",B.1.351,AZD1222,Viral vector,10,195,10,59,126
"L18F,D80A,D215G,242-244∆,R246I,K417N,E484K,N501Y,A701V",B.1.351,Ad26.COV2.S,Viral vector,4.6,8,3,2,3
"L18F,D80A,D215G,242-244∆,R246I,K417N,E484K,N501Y,A701V",B.1.351,BBIBP-CorV,Inactivated virus,1.5,49,33,13,3
"L18F,D80A,D215G,242-244∆,R246I,K417N,E484K,N501Y,A701V",B.1.351,BNT162b2,mRNA,4.2,1255,453,545,257
"L18F,D80A,D215G,242-244∆,R246I,K417N,E484K,N501Y,A701V",B.1.351,ChAd-SARS-CoV-2,Viral vector,8.6,24,8,6,10
"L18F,D80A,D215G,242-244∆,R246I,K417N,E484K,N501Y,A701V",B.1.351,CoronaVac,Inactivated virus,4.5,25,8,15,2
"L18F,D80A,D215G,242-244∆,R246I,K417N,E484K,N501Y,A701V",B.1.351,MVC-COV1901,Protein subunit,3.6,81,30,38,13
"L18F,D80A,D215G,242-244∆,R246I,K417N,E484K,N501Y,A701V",B.1.351,NVX-CoV2373,Protein subunit,13,23,0,8,15
"L18F,D80A,D215G,242-244∆,R246I,K417N,E484K,N501Y,A701V",B.1.351,ZF2001,Protein subunit,1.3,24,24,0,0
"L18F,D80A,D215G,242-244∆,R246I,K417N,E484K,N501Y,A701V",B.1.351,mRNA-1273,mRNA,5.6,338,75,190,73
"L18F,D80A,D215G,242-244∆,R246I,K417N,E484K,N501Y,A701V",B.1.351,mRNA-1273 + mRNA-1273.351,mRNA,1.1,5,4,1,0
"L18F,D80A,D215G,242-244∆,R246I,K417N,E484K,N501Y,A701V",B.1.351,mRNA-1273.211,mRNA,0.9,8,8,0,0
"L18F,D80A,D215G,242-244∆,R246I,K417N,E484K,N501Y,A701V",B.1.351,mRNA-1273.351,mRNA,0.3,8,8,0,0
"L18F,D80A,D215G,L242H,R246I,K417N,E484K,N501Y,A701V",,BNT162b2,mRNA,4.1,50,0,50,0
"L18F,T20N,P26S,D138Y,G181V,R190S,K417T,E484K,N501Y,H655Y,T1027I,V1176F",hCoV-19/Japan/TY7-501/202,BNT162b2,mRNA,2,66,45,21,0
"L18F,T20N,P26S,D138Y,N354K,K417T,E484K,N501Y,H655Y,T1027S,V1176F",P.1,CoronaVac,Inactivated virus,1.5,71,49,12,10
"L18F,T20N,P26S,D138Y,R190S,K417T,E484K,N501Y,H655Y",,BNT162b2,mRNA,1.9,10,8,2,0
"L18F,T20N,P26S,D138Y,R190S,K417T,E484K,N501Y,H655Y",,mRNA-1273,mRNA,3.5,12,5,7,0
"L18F,T20N,P26S,D138Y,R190S,K417T,E484K,N501Y,H655Y,P812S,S813N,T1027I,V1176F",hCoV-19/Italy/TUS-Siena12/202,BNT162b2,mRNA,4,60,0,60,0
"L18F,T20N,P26S,D138Y,R190S,K417T,E484K,N501Y,H655Y,T1027I",,BNT162b2,mRNA,1.8,50,50,0,0
"L18F,T20N,P26S,D138Y,R190S,K417T,E484K,N501Y,H655Y,T1027I,V1176F",P.,AZD1222,Viral vector,2.7,25,16,8,1
"L18F,T20N,P26S,D138Y,R190S,K417T,E484K,N501Y,H655Y,T1027I,V1176F",P.,Ad26.COV2.S,Viral vector,3.3,65,29,28,8
"L18F,T20N,P26S,D138Y,R190S,K417T,E484K,N501Y,H655Y,T1027I,V1176F",P.,BNT162b2,mRNA,2,234,156,76,2
"L18F,T20N,P26S,D138Y,R190S,K417T,E484K,N501Y,H655Y,T1027I,V1176F",P.,CoronaVac,Inactivated virus,1.8,146,101,31,14
"L18F,T20N,P26S,D138Y,R190S,K417T,E484K,N501Y,H655Y,T1027I,V1176F",P.,mRNA-1273,mRNA,4.2,151,50,94,7
"L18F,T20N,P26S,D138Y,R190S,K417T,E484K,N501Y,H655Y,T1027I,V1176F",P.,mRNA-1273.211,mRNA,1.4,8,8,0,0
"L18F,T20N,P26S,D138Y,R190S,K417T,E484K,N501Y,H655Y,T1027I,V1176F",P.,mRNA-1273.351,mRNA,0.8,8,8,0,0
"L452Q,F490S",,BNT162b2,mRNA,1.8,18,17,1,0
"L452R,E484Q",,BNT162b2,mRNA,2.7,46,26,17,3
"L452R,E484Q",,mRNA-1273,mRNA,7.3,6,1,3,2
"L452R,E484Q,P681R",,BNT162b2,mRNA,3.5,46,18,24,4
"L452R,E484Q,P681R",,mRNA-1273,mRNA,5,6,2,4,0
"L5F,T95I,D253G,E484K,A701V",B.1.52,BNT162b2,mRNA,1,29,21,8,0
"L5F,T95I,D253G,E484K,A701V",B.1.52,mRNA-1273,mRNA,2.2,97,67,28,2
"L5F,T95I,D253G,S477N,A701V",B.1.526_MZ46733,BNT162b2,mRNA,1.8,5,5,0,0
"L5F,T95I,D253G,S477N,A701V",B.1.526_MZ46733,mRNA-1273,mRNA,1.2,35,34,0,1
"L5F,T95I,D253G,S477N,Q957R",B.1.526 v.,BNT162b2,mRNA,2,4,3,1,0
"L5F,T95I,D253G,S477N,Q957R",B.1.526 v.,mRNA-1273,mRNA,1.2,38,33,5,0
"N501T,Q613H,G639V",B.1.517_MZ46800,mRNA-1273,mRNA,1.8,32,30,1,1
"N501Y,Q677H",COH.20G/677,BNT162b2,mRNA,1.2,5,5,0,0
"Q52R,A67V,69-70∆,141-145∆,E484K,Q677H,F888L",B.1.525 :+144del-145de,BNT162b2,mRNA,1,87,57,13,17
"Q52R,A67V,69-70∆,141-145∆,E484K,Q677H,F888L",B.1.525 :+144del-145de,mRNA-1273,mRNA,4.7,59,15,37,7
"R102I,F157L,V367F,E484K,Q613H,P681R",A.23.1 :+102I+484,mRNA-1273,mRNA,2.3,8,8,0,0
"R21T,E154K,Q218H,L452R,E484Q,P681R,H1101D",B.1.617.1_136038,BNT162b2,mRNA,2.1,15,11,4,0
"R246N,247-253∆",,BNT162b2,mRNA,1.4,18,17,1,0
"S13I,P26S,W152C,L452R",B.1.427/9 + 26 (variation),mRNA-1273,mRNA,2.7,8,5,3,0
"S13I,W152C,L452R",Epsilon,Ad26.COV2.S,Viral vector,2.7,57,35,16,6
"S13I,W152C,L452R",Epsilon,BNT162b2,mRNA,2,100,81,19,0
"S13I,W152C,L452R",Epsilon,NVX-CoV2373,Protein subunit,2.3,23,14,9,0
"S13I,W152C,L452R",Epsilon,mRNA-1273,mRNA,2,235,172,61,2
"S13I,W152C,L452R",Epsilon,mRNA-1273.211,mRNA,3.6,8,0,8,0
"S13I,W152C,L452R",Epsilon,mRNA-1273.351,mRNA,1.5,8,8,0,0
"T19I,D80A,D215G,242-244∆,K417N,E484K,N501Y,A701V",SARS-CoV-2/human/FIN/HEL-12-102-VE6-H10/202,BNT162b2,mRNA,4,356,153,180,23
"T19R,E156G,157-158∆,L452R,T478K,P681R,D950N",B.1.617.2,AZD1222,Viral vector,5.3,309,78,103,127
"T19R,E156G,157-158∆,L452R,T478K,P681R,D950N",B.1.617.2,BNT162b2,mRNA,2.2,131,75,56,0
"T19R,G142D,157-158∆,R158G,K417N,L452R,T478K,P681R,D950N",,Ad26.COV2.S,Viral vector,3.6,8,4,3,1
"T19R,G142D,157-158∆,R158G,K417N,L452R,T478K,P681R,D950N",,BNT162b2,mRNA,2.9,24,12,12,0
"T19R,G142D,157-158∆,R158G,K417N,L452R,T478K,P681R,D950N",,mRNA-1273,mRNA,3.3,14,5,9,0
"T19R,G142D,157-158∆,R158G,L452R,T478K,P681R,D950N",hCoV-19/England/ALDP-154DD71/2021,Ad26.COV2.S,Viral vector,5.8,9,2,5,2
"T19R,G142D,157-158∆,R158G,L452R,T478K,P681R,D950N",hCoV-19/England/ALDP-154DD71/2021,BNT162b2,mRNA,2.9,39,20,18,1
"T19R,G142D,157-158∆,R158G,L452R,T478K,P681R,D950N",hCoV-19/England/ALDP-154DD71/2021,mRNA-1273,mRNA,3.4,14,4,9,1
"T19R,G142D,157-158∆,R158G,L452R,T478K,P681R,D950N,L1141W",B.1.617.2_MZ46804,mRNA-1273,mRNA,2.7,32,17,14,1
"T19R,G142D,A222V,L452R,T478K,P681R,D950N",B.1.617.2_240052,BBV152,Inactivated virus,1.4,17,13,3,1
"T19R,G142D,E156G,157-158∆,L452R,T478K,P681R,D950N",B.1.617.2 :+142,Ad26.COV2.S,Viral vector,2.2,26,15,11,0
"T19R,G142D,E156G,157-158∆,L452R,T478K,P681R,D950N",B.1.617.2 :+142,BNT162b2,mRNA,1.7,20,19,1,0
"T19R,G142D,E156G,157-158∆,L452R,T478K,P681R,D950N",B.1.617.2 :+142,mRNA-1273,mRNA,2.1,8,7,1,0
"T19R,G142D,L452R,T478K,P681R,D950N",B.1.617.2 :+142D-156G-157del-158de,BNT162b2,mRNA,1.4,20,20,0,0
"T19R,K77T,G142D,157-158∆,R158G,L452R,T478K,P681R,D950N",hCoV19/USA/PHC658/202,BNT162b2,mRNA,3.4,10,4,6,0
"T19R,K77T,G142D,157-158∆,R158G,L452R,T478K,P681R,D950N",hCoV19/USA/PHC658/202,mRNA-1273,mRNA,2.9,15,9,6,0
"T19R,T95I,E156G,157-158∆,L452R,T478K,P681R,D950N",hCoV-19/Israel/CVL-12806/202,BNT162b2,mRNA,2,19,16,3,0
"T95I,G142D,E154K,L452R,E484Q,P681R,Q1071H",B.1.617,Ad26.COV2.S,Viral vector,2.5,18,10,7,1
"T95I,G142D,E154K,L452R,E484Q,P681R,Q1071H",B.1.617,BBV152,Inactivated virus,1.7,28,26,2,0
"T95I,G142D,E154K,L452R,E484Q,P681R,Q1071H",B.1.617,mRNA-1273,mRNA,3.8,32,10,21,1
"T95I,G142D,E154K,L452R,E484Q,P681R,Q1071H,H1101D",B.1.617.1 :+95I-1101,AZD1222,Viral vector,2.2,25,16,8,1
"T95I,G142D,E154K,L452R,E484Q,P681R,Q1071H,H1101D",B.1.617.1 :+95I-1101,BNT162b2,mRNA,2.7,25,15,9,1
"T95I,G142D,E154K,L452R,E484Q,P681R,Q1071H,H1101D",B.1.617.1 :+95I-1101,mRNA-1273,mRNA,3.4,8,1,7,0
"T95I,Y144S,Y145N,R346K,E484K,N501Y,P681H,D950N",B.1.621,BNT162b2,mRNA,2.1,37,37,0,0
"W152L,E484K,K558N,G769V",R.1_MZ46769,mRNA-1273,mRNA,2.5,32,20,10,2
"Y453F,I692V,M1229I",B.1.1.29,BNT162b2,mRNA,1.4,30,30,0,0
"Y453F,I692V,M1229I",B.1.1.29,mRNA-1273,mRNA,1.3,35,35,0,0
