variant,domain,nickname,reference,fold_cmp,median,count
K417N,RBD,,Kuzmina21,=,1.1,10
E484K,RBD,,Kuzmina21,=,3.4,10
N501Y,RBD,,Kuzmina21,=,1.1,10
N501Y,RBD,,Wu21,=,0.9,8
"Y453F,I692V,M1229I",,B.1.1.298,Garcia-Beltran21,=,3.4,22
"69-70∆,141-145∆,N501Y,A570D,P681H,T716I,S982A,D1118H",,B.1.1.7,Garcia-Beltran21,=,2.3,22
"69-70∆,141-145∆,N501Y,A570D,P681H,T716I,S982A,D1118H",,B.1.1.7,Zhou21c,=,1.0,5
"69-70∆,141-145∆,N501Y,A570D,P681H,T716I,S982A,D1118H",,B.1.1.7,Kuzmina21,=,1.0,10
"69-70∆,141-145∆,N501Y,A570D,P681H,T716I,S982A,D1118H",,B.1.1.7,Leier21,=,1.8,10
"69-70∆,141-145∆,N501Y,A570D,P681H,T716I,S982A,D1118H",,B.1.1.7,Leier21,=,2.6,20
"69-70∆,141-145∆,N501Y,A570D,P681H,T716I,S982A,D1118H",,B.1.1.7,Zhou21c,=,1.4,5
"L18F,D80A,D215G,242-244∆,R246I,K417N,E484K,N501Y,A701V",,B.1.351,Zhou21c,=,3.6,5
"L18F,D80A,D215G,242-244∆,R246I,K417N,E484K,N501Y,A701V",,B.1.351,Kuzmina21,=,6.8,10
"L18F,D80A,D215G,242-244∆,R246I,K417N,E484K,N501Y,A701V",,B.1.351,Leier21,=,6.1,10
"L18F,D80A,D215G,242-244∆,R246I,K417N,E484K,N501Y,A701V",,B.1.351,Leier21,=,11.2,20
"L18F,D80A,D215G,242-244∆,R246I,K417N,E484K,N501Y,A701V",,B.1.351,Zhou21c,=,3.9,5
"D80A,242-244∆,R246I,K417N,E484K,N501Y,A701V",,B.1.351 :-18F-215G (variation),Garcia-Beltran21,=,93.6,22
"D80A,D215G,242-244∆,K417N,E484K,N501Y,A701V",,B.1.351 :-18F-244del-246I (variation),Garcia-Beltran21,=,75.4,22
"L18F,D80A,D215G,242-244∆,K417N,E484K,N501Y,A701V",,B.1.351 :-246I (variation),Garcia-Beltran21,=,97.2,22
"S13I,W152C,L452R",,B.1.427/9,Garcia-Beltran21,=,2.9,22
"S13I,W152C,L452R",,B.1.427/9,Wu21b,=,3.5,8
"S13I,W152C,L452R",,B.1.427/9,Wu21b,=,1.5,8
"S13I,W152C,L452R",,B.1.427/9,Wu21b,=,2.3,8
"L5F,T95I,D253G,E484K,A701V",,B.1.526,Zhou21c,=,3.3,5
"L5F,T95I,D253G,E484K,A701V",,B.1.526,Zhou21c,=,3.9,5
"L5F,T95I,D253G,S477N,A701V",,B.1.526 :-484K+477N (variation),Zhou21c,=,1.5,5
"L5F,T95I,D253G,S477N,A701V",,B.1.526 :-484K+477N (variation),Zhou21c,=,1.6,5
"L18F,T20N,P26S,D138Y,R190S,K417T,E484K,N501Y,H655Y,T1027I,V1176F",,P.1,Garcia-Beltran21,=,15.1,22
"L18F,T20N,P26S,D138Y,R190S,K417T,E484K,N501Y,H655Y,T1027I,V1176F",,P.1,Leier21,=,2.6,10
"L18F,T20N,P26S,D138Y,R190S,K417T,E484K,N501Y,H655Y,T1027I,V1176F",,P.1,Leier21,=,3.3,20
"L18F,T20N,P26S,D138Y,R190S,K417T,E484K,N501Y,H655Y,T1027I,V1176F",,P.1,Wu21b,=,1.4,8
"L18F,T20N,P26S,D138Y,R190S,K417T,E484K,N501Y,H655Y,T1027I,V1176F",,P.1,Wu21b,=,0.8,8
"L18F,T20N,P26S,D138Y,R190S,K417T,E484K,N501Y,H655Y,T1027I,V1176F",,P.1,Wu21b,=,1.9,8
"E484K,V1176F",,P.2,Garcia-Beltran21,=,13.4,22
"K417N,E484K",,B.1.351 (variation),Kuzmina21,=,5.2,10
"K417N,E484K,N501Y",,B.1.351 RBD,Kuzmina21,=,4.5,10
"K417N,E484K,N501Y",,B.1.351 RBD,Wu21,=,2.7,8
"K417N,N501Y",,B.1.351 (variation),Kuzmina21,=,1.1,10
"E484K,N501Y",,,Kuzmina21,=,3.8,10
"69-70∆,N501Y,P681H",,B.1.1.7 (variation),Wu21,=,1.5,8
