Variant name,RefAA,Position,AA,Domain,CP,VP,mAbs phase3,mAbs structure,other mAbs,all mAbs
L5F,L,5,F,NTD,0,0,4,8,14,26
L8V,L,8,V,NTD,0,0,2,4,7,13
L8W,L,8,W,NTD,0,0,2,4,7,13
S12P,S,12,P,NTD,0,0,0,4,1,5
C15S,C,15,S,NTD,0,0,0,4,1,5
N17Q,N,17,Q,NTD,0,0,2,4,7,13
L18P,L,18,P,NTD,0,0,0,4,1,5
L18F,L,18,F,NTD,38,22,19,24,23,66
T19A,T,19,A,NTD,0,0,0,3,1,4
T20N,T,20,N,NTD,0,0,0,4,2,6
P26S,P,26,S,NTD,0,0,0,4,2,6
H49Y,H,49,Y,NTD,12,0,2,4,7,13
N61Q,N,61,Q,NTD,0,0,2,4,7,13
69-70∆,HV,69,del,NTD,92,33,23,29,28,80
N74K,N,74,K,NTD,0,0,2,4,7,13
N74Q,N,74,Q,NTD,0,0,2,4,7,13
D80N,D,80,N,NTD,0,0,0,1,0,1
D80A,D,80,A,NTD,38,22,13,15,22,50
C136Y,C,136,Y,NTD,0,0,0,4,1,5
D138Y,D,138,Y,NTD,0,0,0,3,1,4
G142D,G,142,D,NTD,0,0,0,3,1,4
145-146∆,YH,145,del,NTD,8,9,3,0,0,3
141-145∆,Y,145,del,NTD,21,23,20,24,16,60
H146Y,H,146,Y,NTD,0,0,0,2,1,3
K147T,K,147,T,NTD,0,0,0,3,1,4
N149H,N,149,H,NTD,0,0,2,4,7,13
N149Q,N,149,Q,NTD,0,0,2,4,8,14
N165Q,N,165,Q,NTD,0,0,2,4,7,13
R190S,R,190,S,NTD,0,0,0,4,2,6
D215G,D,215,G,NTD,50,22,13,14,22,49
A222V,A,222,V,NTD,0,0,12,6,5,23
N234Q,N,234,Q,NTD,0,0,2,4,7,13
Q239K,Q,239,K,NTD,0,0,2,4,7,13
L241H,L,241,H,NTD,18,0,1,2,14,17
242-244∆,LAL,242,del,NTD,60,42,19,19,22,60
244-247∆,LHRS,244,del,NTD,1,1,0,0,0,0
R246A,R,246,A,NTD,0,0,0,3,1,4
R246I,R,246,I,NTD,38,22,13,14,22,49
D253G,D,253,G,NTD,0,0,0,1,0,1
D253Y,D,253,Y,NTD,0,0,0,1,0,1
N282Q,N,282,Q,NTD,0,0,2,4,7,13
Q321L,Q,321,L,RBD,0,1,2,4,7,13
N331Q,N,331,Q,RBD,0,0,2,4,7,13
N334K,N,334,K,RBD,0,0,1,0,0,1
L335F,L,335,F,RBD,0,0,2,0,0,2
P337S,P,337,S,RBD,0,0,1,0,0,1
P337H,P,337,H,RBD,0,0,2,0,0,2
P337R,P,337,R,RBD,0,0,2,0,0,2
P337T,P,337,T,RBD,0,0,2,0,0,2
P337L,P,337,L,RBD,0,0,3,0,0,3
F338L,F,338,L,RBD,0,0,2,4,7,13
G339D,G,339,D,RBD,0,0,1,0,0,1
G339C,G,339,C,RBD,0,0,1,0,0,1
E340G,E,340,G,RBD,0,0,2,0,0,2
E340A,E,340,A,RBD,0,0,2,0,1,3
E340K,E,340,K,RBD,0,0,4,0,9,13
V341I,V,341,I,RBD,0,1,3,4,7,14
A344S,A,344,S,RBD,0,0,1,0,0,1
T345A,T,345,A,RBD,2,0,0,0,0,0
T345N,T,345,N,RBD,2,0,0,0,0,0
T345S,T,345,S,RBD,2,0,0,0,0,0
R346I,R,346,I,RBD,0,0,1,0,0,1
R346K,R,346,K,RBD,0,0,3,3,0,6
R346G,R,346,G,RBD,2,0,0,0,0,0
R346S,R,346,S,RBD,9,15,7,2,39,48
A348T,A,348,T,RBD,0,1,2,4,7,13
A352D,A,352,D,RBD,2,0,0,0,0,0
N354S,N,354,S,RBD,0,0,1,0,0,1
N354K,N,354,K,RBD,0,0,2,4,7,13
N354D,N,354,D,RBD,0,1,4,4,7,15
K356N,K,356,N,RBD,0,0,1,0,0,1
K356R,K,356,R,RBD,0,0,1,0,0,1
R357I,R,357,I,RBD,0,0,1,0,0,1
I358V,I,358,V,RBD,0,0,1,0,0,1
S359G,S,359,G,RBD,0,0,1,0,0,1
S359N,S,359,N,RBD,0,1,3,4,7,14
V367F,V,367,F,RBD,0,1,6,7,20,33
S373F,S,373,F,RBD,0,0,0,1,7,8
K378N,K,378,N,RBD,0,0,0,0,1,1
K378R,K,378,R,RBD,0,1,2,4,7,13
P384L,P,384,L,RBD,4,0,5,4,7,16
P384R,P,384,R,RBD,6,6,0,0,0,0
P384A,P,384,A,RBD,36,0,0,1,7,8
F392A,F,392,A,RBD,0,0,0,0,1,1
R403K,R,403,K,RBD,0,0,1,0,13,14
E406D,E,406,D,RBD,0,0,1,0,0,1
E406W,E,406,W,RBD,0,0,4,0,0,4
R408I,R,408,I,RBD,0,1,5,4,16,25
Q409E,Q,409,E,RBD,0,1,2,4,7,13
Q414E,Q,414,E,RBD,0,0,2,4,7,13
K417R,K,417,R,RBD,0,0,1,0,0,1
K417E,K,417,E,RBD,0,0,8,1,3,12
K417T,K,417,T,RBD,29,0,6,3,12,21
K417V,K,417,V,RBD,36,0,0,3,7,10
K417N,K,417,N,RBD,131,77,44,27,91,162
D420R,D,420,R,RBD,0,0,0,0,1,1
D420T,D,420,T,RBD,0,0,1,0,0,1
A435S,A,435,S,RBD,0,1,4,8,14,26
W436R,W,436,R,RBD,0,0,1,0,0,1
N439V,N,439,V,RBD,0,0,1,0,0,1
N439K,N,439,K,RBD,14,26,23,23,45,91
N440A,N,440,A,RBD,0,0,0,2,0,2
N440D,N,440,D,RBD,0,0,1,1,0,2
N440K,N,440,K,RBD,0,15,16,2,30,48
L441R,L,441,R,RBD,2,0,0,0,0,0
K444A,K,444,A,RBD,0,0,0,2,0,2
K444L,K,444,L,RBD,0,0,1,0,0,1
K444M,K,444,M,RBD,0,0,1,0,0,1
K444R,K,444,R,RBD,0,0,3,1,13,17
K444T,K,444,T,RBD,0,0,7,1,0,8
K444Q,K,444,Q,RBD,0,0,12,3,15,30
K444E,K,444,E,RBD,2,0,0,0,0,0
K444N,K,444,N,RBD,2,0,5,2,0,7
V445T,V,445,T,RBD,0,0,1,0,0,1
V445G,V,445,G,RBD,0,0,2,1,0,3
V445K,V,445,K,RBD,0,0,2,1,0,3
V445I,V,445,I,RBD,0,0,3,1,13,17
V445L,V,445,L,RBD,0,0,4,2,0,6
V445E,V,445,E,RBD,0,0,5,2,13,20
V445A,V,445,A,RBD,0,0,10,4,2,16
G446S,G,446,S,RBD,0,0,3,1,13,17
G446D,G,446,D,RBD,2,0,0,0,0,0
G446V,G,446,V,RBD,12,6,14,8,20,42
Y449N,Y,449,N,RBD,0,0,0,2,0,2
N450Y,N,450,Y,RBD,2,0,0,0,0,0
N450D,N,450,D,RBD,2,0,5,1,1,7
N450K,N,450,K,RBD,11,0,2,0,9,11
L452K,L,452,K,RBD,36,0,0,1,7,8
L452R,L,452,R,RBD,42,25,21,6,33,60
Y453F,Y,453,F,RBD,19,15,22,10,50,82
L455I,L,455,I,RBD,0,0,3,1,13,17
L455R,L,455,R,RBD,0,0,3,1,13,17
L455F,L,455,F,RBD,0,0,11,4,15,30
F456R,F,456,R,RBD,0,0,4,0,5,9
F456K,F,456,K,RBD,3,0,1,0,3,4
F456V,F,456,V,RBD,3,0,3,1,13,17
F456A,F,456,A,RBD,8,6,1,0,3,4
K458N,K,458,N,RBD,0,0,2,4,7,13
K458R,K,458,R,RBD,0,1,4,8,14,26
S459F,S,459,F,RBD,0,0,1,0,13,14
N460K,N,460,K,RBD,0,0,1,0,0,1
N460S,N,460,S,RBD,0,0,1,0,0,1
N460T,N,460,T,RBD,0,0,4,0,9,13
I468F,I,468,F,RBD,0,0,2,4,7,13
I468T,I,468,T,RBD,0,0,2,4,7,13
I472V,I,472,V,RBD,0,1,4,8,14,26
A475D,A,475,D,RBD,0,0,3,1,13,17
A475R,A,475,R,RBD,0,0,4,0,5,9
A475V,A,475,V,RBD,0,15,9,5,47,61
G476D,G,476,D,RBD,0,0,1,0,0,1
G476A,G,476,A,RBD,0,0,3,1,13,17
G476S,G,476,S,RBD,0,1,10,7,29,46
S477G,S,477,G,RBD,2,0,1,0,13,14
S477R,S,477,R,RBD,2,15,1,0,30,31
S477N,S,477,N,RBD,45,5,16,8,26,50
T478K,T,478,K,RBD,0,0,1,0,13,14
T478I,T,478,I,RBD,2,0,17,11,25,53
P479S,P,479,S,RBD,0,0,2,2,0,4
V483K,V,483,K,RBD,0,0,1,0,0,1
V483F,V,483,F,RBD,0,0,3,3,13,19
V483I,V,483,I,RBD,0,0,5,7,20,32
V483A,V,483,A,RBD,0,1,9,8,20,37
E484V,E,484,V,RBD,0,0,0,0,2,2
E484A,E,484,A,RBD,0,0,3,1,13,17
E484D,E,484,D,RBD,1,0,5,1,13,19
E484G,E,484,G,RBD,3,1,1,0,13,14
E484P,E,484,P,RBD,15,6,0,0,0,0
E484Q,E,484,Q,RBD,17,19,11,3,13,27
E484K,E,484,K,RBD,179,94,70,29,89,188
G485S,G,485,S,RBD,0,0,2,0,9,11
G485D,G,485,D,RBD,0,0,5,1,1,7
G485R,G,485,R,RBD,2,0,1,2,13,16
F486A,F,486,A,RBD,0,0,0,0,3,3
F486K,F,486,K,RBD,0,0,3,0,0,3
F486R,F,486,R,RBD,0,0,4,1,5,10
F486V,F,486,V,RBD,0,0,10,1,1,12
F486Y,F,486,Y,RBD,2,0,0,0,0,0
F486S,F,486,S,RBD,2,0,3,0,0,3
F486L,F,486,L,RBD,33,0,13,5,22,40
N487R,N,487,R,RBD,0,0,4,1,8,13
Y489H,Y,489,H,RBD,0,0,2,0,13,15
F490K,F,490,K,RBD,0,0,0,0,2,2
F490L,F,490,L,RBD,1,1,13,8,27,48
F490S,F,490,S,RBD,10,0,16,4,24,44
Q493E,Q,493,E,RBD,0,0,1,0,0,1
Q493L,Q,493,L,RBD,0,0,5,1,22,28
Q493K,Q,493,K,RBD,0,0,8,2,1,11
Q493R,Q,493,R,RBD,0,0,9,2,30,41
S494L,S,494,L,RBD,0,0,1,0,13,14
S494R,S,494,R,RBD,0,0,4,1,5,10
S494P,S,494,P,RBD,17,0,18,9,13,40
S494D,S,494,D,RBD,36,0,0,1,7,8
Q498H,Q,498,H,RBD,0,0,1,0,0,1
P499S,P,499,S,RBD,0,0,1,0,0,1
P499L,P,499,L,RBD,2,0,0,0,0,0
T500I,T,500,I,RBD,0,0,1,0,13,14
N501T,N,501,T,RBD,0,0,3,0,0,3
N501Y,N,501,Y,RBD,221,125,57,35,98,190
V503F,V,503,F,RBD,0,0,3,1,13,17
G504D,G,504,D,RBD,0,0,1,0,13,14
Y505W,Y,505,W,RBD,0,0,1,0,13,14
Y508H,Y,508,H,RBD,0,1,2,4,7,13
H519Q,H,519,Q,RBD,0,0,2,4,7,13
H519P,H,519,P,RBD,0,1,4,8,14,26
A520S,A,520,S,RBD,0,0,2,4,7,13
A522S,A,522,S,RBD,0,0,2,4,7,13
A522V,A,522,V,RBD,0,0,2,4,7,13
K537R,K,537,R,CTD,0,0,3,0,0,3
A570D,A,570,D,CTD,20,22,18,18,8,44
E583D,E,583,D,CTD,0,0,6,6,0,12
N603Q,N,603,Q,CTD,0,0,2,4,7,13
V615L,V,615,L,CTD,0,0,2,4,7,13
N616Q,N,616,Q,CTD,0,0,2,4,7,13
H655Y,H,655,Y,CTD,0,0,6,6,0,12
N657Q,N,657,Q,CTD,0,0,2,4,7,13
Q675H,Q,675,H,CTD,12,0,0,0,0,0
P681R,P,681,R,CTD,8,9,3,0,0,3
P681H,P,681,H,CTD,20,22,22,23,19,64
R682W,R,682,W,CTD,0,0,1,0,1,2
R683G,R,683,G,CTD,0,0,1,0,13,14
I692V,I,692,V,S2,0,0,2,0,0,2
A701V,A,701,V,S2,38,22,13,13,22,48
N709Q,N,709,Q,S2,0,0,2,4,7,13
T716I,T,716,I,S2,20,22,18,17,8,43
D796H,D,796,H,S2,3,0,0,3,6,9
A831V,A,831,V,S2,0,0,4,8,14,26
D839E,D,839,E,S2,0,0,2,5,7,14
D839Y,D,839,Y,S2,12,0,0,0,0,0
A845S,A,845,S,S2,0,0,2,4,7,13
A879S,A,879,S,S2,0,0,2,4,7,13
D936Y,D,936,Y,S2,12,0,4,10,14,28
S939F,S,939,F,S2,0,0,2,4,7,13
S943R,S,943,R,S2,0,0,2,4,7,13
S943T,S,943,T,S2,0,0,4,8,14,26
S982A,S,982,A,S2,20,27,18,18,8,44
N1098Q,N,1098,Q,S2,0,0,2,4,7,13
D1118H,D,1118,H,S2,20,22,18,18,8,44
G1124V,G,1124,V,S2,0,0,2,4,7,13
V1128F,V,1128,F,S2,0,0,1,0,1,2
N1134Q,N,1134,Q,S2,0,0,2,4,7,13
S1147L,S,1147,L,S2,0,0,2,0,0,2
N1158Q,N,1158,Q,S2,0,0,2,4,7,13
D1163Y,D,1163,Y,S2,0,0,6,6,0,12
N1173Q,N,1173,Q,S2,0,0,2,4,7,13
N1194Q,N,1194,Q,S2,0,0,2,4,7,13
M1229I,M,1229,I,S2,0,0,4,4,7,15
M1237I,M,1237,I,S2,0,0,2,4,7,13
P1263L,P,1263,L,S2,0,0,2,4,7,13
